<?xml version='1.0' encoding='utf-8'?>
<osm version="0.6" generator="Overpass API 0.7.62.11 87bfad18">
<note>The data included in this document is from www.openstreetmap.org. The data is made available under ODbL.</note>
<meta osm_base="2026-09-22T08:31:35Z" />

  <bounds minlat="20.9930000" minlon="105.8630000" maxlat="21.0030000" maxlon="105.8750000" />

  <node id="84806325" lat="21.0021285" lon="105.8763033" version="8" timestamp="2026-04-07T00:01:40Z" changeset="180973204" uid="16014056" user="Trần Thanh Tuấn" />
  <node id="84806326" lat="21.0022843" lon="105.8749899" version="8" timestamp="2026-04-07T00:01:40Z" changeset="180973204" uid="16014056" user="Trần Thanh Tuấn" />
  <node id="84806329" lat="21.0032818" lon="105.8714848" version="13" timestamp="2026-04-07T00:01:40Z" changeset="180973204" uid="16014056" user="Trần Thanh Tuấn" />
  <node id="84806330" lat="21.0034049" lon="105.8712980" version="9" timestamp="2026-04-07T00:01:40Z" changeset="180973204" uid="16014056" user="Trần Thanh Tuấn" />
  <node id="84806332" lat="21.0047060" lon="105.8697444" version="9" timestamp="2026-04-07T00:01:40Z" changeset="180973204" uid="16014056" user="Trần Thanh Tuấn" />
  <node id="110375590" lat="20.9992868" lon="105.8708270" version="9" timestamp="2025-09-21T06:16:56Z" changeset="172230786" uid="22065819" user="Hung159" />
  <node id="110376667" lat="21.0004595" lon="105.8752819" version="3" timestamp="2024-11-13T15:44:35Z" changeset="159097081" uid="3323343" user="phoenixsaigon1698" />
  <node id="110376673" lat="21.0019392" lon="105.8747847" version="7" timestamp="2026-06-29T10:32:49Z" changeset="184787634" uid="23326231" user="Vmosnokia31" />
  <node id="282889278" lat="21.0005882" lon="105.8668091" version="4" timestamp="2025-08-22T15:19:18Z" changeset="170838172" uid="20910140" user="Hung Tran 9x0" />
  <node id="282889281" lat="21.0025078" lon="105.8667831" version="2" timestamp="2011-11-11T03:07:49Z" changeset="9793595" uid="47976" user="ninomax" />
  <node id="282889326" lat="21.0030465" lon="105.8698084" version="12" timestamp="2025-09-28T15:33:19Z" changeset="172572434" uid="22065819" user="Hung159" />
  <node id="282889392" lat="21.0019281" lon="105.8667796" version="3" timestamp="2024-11-07T15:22:54Z" changeset="158860536" uid="3323343" user="phoenixsaigon1698" />
  <node id="282889393" lat="21.0029990" lon="105.8667825" version="6" timestamp="2024-06-30T14:45:22Z" changeset="153372687" uid="3323343" user="phoenixsaigon1698" />
  <node id="282889553" lat="21.0032778" lon="105.8667748" version="4" timestamp="2024-06-30T14:45:22Z" changeset="153372687" uid="3323343" user="phoenixsaigon1698" />
  <node id="282889735" lat="21.0018127" lon="105.8689798" version="2" timestamp="2024-06-30T01:40:38Z" changeset="153352705" uid="3323343" user="phoenixsaigon1698" />
  <node id="282889736" lat="21.0017187" lon="105.8688683" version="2" timestamp="2024-06-30T01:40:38Z" changeset="153352705" uid="3323343" user="phoenixsaigon1698" />
  <node id="282889737" lat="21.0016371" lon="105.8688365" version="2" timestamp="2024-06-30T01:40:38Z" changeset="153352705" uid="3323343" user="phoenixsaigon1698" />
  <node id="282889739" lat="21.0014709" lon="105.8689204" version="2" timestamp="2024-06-30T01:40:38Z" changeset="153352705" uid="3323343" user="phoenixsaigon1698" />
  <node id="282889740" lat="21.0013689" lon="105.8689503" version="2" timestamp="2024-06-30T01:40:38Z" changeset="153352705" uid="3323343" user="phoenixsaigon1698" />
  <node id="282889741" lat="21.0007929" lon="105.8691744" version="2" timestamp="2024-06-30T01:40:38Z" changeset="153352705" uid="3323343" user="phoenixsaigon1698" />
  <node id="282889744" lat="20.9995798" lon="105.8696731" version="2" timestamp="2020-10-19T07:13:00Z" changeset="92686552" uid="11691953" user="ItsLouisAnderson" />
  <node id="282889750" lat="21.0030021" lon="105.8622648" version="6" timestamp="2022-10-29T13:21:50Z" changeset="128211214" uid="11691953" user="ItsLouisAnderson" />
  <node id="282889845" lat="20.9981476" lon="105.8710057" version="5" timestamp="2026-05-10T08:56:38Z" changeset="182455948" uid="23326231" user="Vmosnokia31" />
  <node id="282890366" lat="20.9970232" lon="105.8710085" version="5" timestamp="2024-05-03T09:43:21Z" changeset="150827793" uid="3323343" user="phoenixsaigon1698" />
  <node id="282890371" lat="20.9957266" lon="105.8713186" version="5" timestamp="2025-12-16T02:52:57Z" changeset="175985749" uid="3323343" user="phoenixsaigon1698" />
  <node id="282890372" lat="20.9957469" lon="105.8714332" version="3" timestamp="2025-12-16T02:52:57Z" changeset="175985749" uid="3323343" user="phoenixsaigon1698" />
  <node id="282890373" lat="20.9958097" lon="105.8718281" version="3" timestamp="2024-05-03T09:43:21Z" changeset="150827793" uid="3323343" user="phoenixsaigon1698" />
  <node id="282890374" lat="20.9958380" lon="105.8722122" version="2" timestamp="2017-07-07T02:52:18Z" changeset="50097874" uid="2678766" user="hieuvan" />
  <node id="282890375" lat="20.9958410" lon="105.8723019" version="4" timestamp="2024-05-03T09:43:21Z" changeset="150827793" uid="3323343" user="phoenixsaigon1698" />
  <node id="282890376" lat="20.9958557" lon="105.8726827" version="3" timestamp="2024-05-03T09:43:21Z" changeset="150827793" uid="3323343" user="phoenixsaigon1698" />
  <node id="317910213" lat="20.9995973" lon="105.8713287" version="12" timestamp="2025-01-30T13:26:09Z" changeset="161937505" uid="11691953" user="ItsLouisAnderson" />
  <node id="317910218" lat="21.0013219" lon="105.8704725" version="7" timestamp="2025-09-28T15:33:19Z" changeset="172572434" uid="22065819" user="Hung159" />
  <node id="317910529" lat="21.0022151" lon="105.8636576" version="3" timestamp="2022-12-09T09:51:52Z" changeset="129893310" uid="17344224" user="Arkskyle" />
  <node id="317910530" lat="21.0020854" lon="105.8631152" version="1" timestamp="2008-12-11T09:21:55Z" changeset="318020" uid="572" user="Nybbler">
    <tag k="created_by" v="Merkaartor 0.12" />
  </node>
  <node id="317910531" lat="21.0021004" lon="105.8622673" version="2" timestamp="2020-08-29T13:30:14Z" changeset="90120076" uid="11196308" user="vietnam321" />
  <node id="317910532" lat="21.0017960" lon="105.8636187" version="3" timestamp="2024-10-28T07:17:57Z" changeset="158442125" uid="3323343" user="phoenixsaigon1698" />
  <node id="317910533" lat="21.0015027" lon="105.8636587" version="2" timestamp="2024-10-28T07:17:57Z" changeset="158442125" uid="3323343" user="phoenixsaigon1698" />
  <node id="317910534" lat="21.0011414" lon="105.8637093" version="2" timestamp="2024-10-28T07:17:57Z" changeset="158442125" uid="3323343" user="phoenixsaigon1698" />
  <node id="317910535" lat="21.0008834" lon="105.8636976" version="2" timestamp="2024-10-28T07:17:57Z" changeset="158442125" uid="3323343" user="phoenixsaigon1698" />
  <node id="317910536" lat="21.0007342" lon="105.8636749" version="2" timestamp="2024-10-28T07:17:57Z" changeset="158442125" uid="3323343" user="phoenixsaigon1698" />
  <node id="317910537" lat="21.0004993" lon="105.8635778" version="2" timestamp="2024-10-28T07:17:57Z" changeset="158442125" uid="3323343" user="phoenixsaigon1698" />
  <node id="317910538" lat="21.0002912" lon="105.8634707" version="2" timestamp="2024-10-28T07:17:57Z" changeset="158442125" uid="3323343" user="phoenixsaigon1698" />
  <node id="317910539" lat="21.0001139" lon="105.8633707" version="2" timestamp="2024-10-28T07:17:57Z" changeset="158442125" uid="3323343" user="phoenixsaigon1698" />
  <node id="317910540" lat="20.9999238" lon="105.8632346" version="3" timestamp="2024-10-28T07:17:57Z" changeset="158442125" uid="3323343" user="phoenixsaigon1698" />
  <node id="317910541" lat="20.9997115" lon="105.8629703" version="2" timestamp="2018-06-14T04:08:52Z" changeset="59830248" uid="7671617" user="Rakesh9" />
  <node id="317910542" lat="20.9994862" lon="105.8626806" version="1" timestamp="2008-12-11T09:21:56Z" changeset="318020" uid="572" user="Nybbler">
    <tag k="created_by" v="Merkaartor 0.12" />
  </node>
  <node id="317910543" lat="20.9993209" lon="105.8623963" version="1" timestamp="2008-12-11T09:21:56Z" changeset="318020" uid="572" user="Nybbler">
    <tag k="created_by" v="Merkaartor 0.12" />
  </node>
  <node id="317910544" lat="20.9992158" lon="105.8621240" version="3" timestamp="2022-10-29T13:21:50Z" changeset="128211214" uid="11691953" user="ItsLouisAnderson" />
  <node id="829378391" lat="21.0030253" lon="105.8723518" version="7" timestamp="2026-04-07T00:01:41Z" changeset="180973204" uid="16014056" user="Trần Thanh Tuấn" />
  <node id="829378429" lat="21.0015510" lon="105.8741634" version="5" timestamp="2025-09-21T06:16:56Z" changeset="172230786" uid="22065819" user="Hung159" />
  <node id="829378441" lat="21.0020327" lon="105.8748096" version="6" timestamp="2025-09-21T06:16:56Z" changeset="172230786" uid="22065819" user="Hung159" />
  <node id="829378470" lat="21.0018447" lon="105.8748568" version="5" timestamp="2025-09-21T06:16:56Z" changeset="172230786" uid="22065819" user="Hung159" />
  <node id="829378503" lat="21.0014576" lon="105.8744071" version="3" timestamp="2025-09-21T06:16:56Z" changeset="172230786" uid="22065819" user="Hung159" />
  <node id="829378556" lat="21.0019036" lon="105.8748550" version="6" timestamp="2025-09-21T06:16:56Z" changeset="172230786" uid="22065819" user="Hung159" />
  <node id="829378567" lat="21.0014741" lon="105.8745893" version="5" timestamp="2025-09-21T06:16:56Z" changeset="172230786" uid="22065819" user="Hung159" />
  <node id="829378602" lat="21.0014640" lon="105.8745460" version="5" timestamp="2025-09-21T06:16:56Z" changeset="172230786" uid="22065819" user="Hung159" />
  <node id="829378606" lat="21.0019358" lon="105.8740212" version="7" timestamp="2025-09-21T06:16:56Z" changeset="172230786" uid="22065819" user="Hung159" />
  <node id="829378640" lat="21.0020794" lon="105.8747776" version="8" timestamp="2025-09-21T06:16:56Z" changeset="172230786" uid="22065819" user="Hung159" />
  <node id="829378642" lat="21.0023350" lon="105.8742696" version="7" timestamp="2026-06-10T05:18:12Z" changeset="183904098" uid="23326231" user="Vmosnokia31" />
  <node id="829378672" lat="21.0015648" lon="105.8747431" version="5" timestamp="2025-09-21T06:16:56Z" changeset="172230786" uid="22065819" user="Hung159" />
  <node id="829378721" lat="21.0017534" lon="105.8740255" version="6" timestamp="2025-09-21T06:16:56Z" changeset="172230786" uid="22065819" user="Hung159" />
  <node id="829378755" lat="21.0016411" lon="105.8748048" version="6" timestamp="2025-09-21T06:16:56Z" changeset="172230786" uid="22065819" user="Hung159" />
  <node id="829378760" lat="21.0020572" lon="105.8762831" version="8" timestamp="2026-04-07T00:01:41Z" changeset="180973204" uid="16014056" user="Trần Thanh Tuấn" />
  <node id="829378799" lat="21.0021117" lon="105.8756427" version="5" timestamp="2026-04-07T00:01:41Z" changeset="180973204" uid="16014056" user="Trần Thanh Tuấn" />
  <node id="829378817" lat="21.0017476" lon="105.8748471" version="6" timestamp="2025-09-21T06:16:56Z" changeset="172230786" uid="22065819" user="Hung159" />
  <node id="829378838" lat="21.0022130" lon="105.8746153" version="8" timestamp="2021-01-11T07:25:29Z" changeset="97286134" uid="12198525" user="Tommybara" />
  <node id="829378851" lat="21.0024634" lon="105.8738983" version="6" timestamp="2026-04-07T00:01:41Z" changeset="180973204" uid="16014056" user="Trần Thanh Tuấn" />
  <node id="829378854" lat="21.0021499" lon="105.8753200" version="5" timestamp="2026-04-07T00:01:41Z" changeset="180973204" uid="16014056" user="Trần Thanh Tuấn" />
  <node id="829378873" lat="21.0016146" lon="105.8741012" version="5" timestamp="2025-09-21T06:16:56Z" changeset="172230786" uid="22065819" user="Hung159" />
  <node id="829378877" lat="21.0022016" lon="105.8749915" version="5" timestamp="2026-04-07T00:01:41Z" changeset="180973204" uid="16014056" user="Trần Thanh Tuấn" />
  <node id="829378884" lat="21.0019808" lon="105.8748356" version="6" timestamp="2025-09-21T06:16:56Z" changeset="172230786" uid="22065819" user="Hung159" />
  <node id="915324262" lat="20.9958018" lon="105.8717289" version="2" timestamp="2017-07-07T02:52:19Z" changeset="50097874" uid="2678766" user="hieuvan" />
  <node id="915324263" lat="20.9958284" lon="105.8720841" version="2" timestamp="2017-07-07T02:52:19Z" changeset="50097874" uid="2678766" user="hieuvan" />
  <node id="993196776" lat="21.0028202" lon="105.8743634" version="7" timestamp="2026-05-31T15:44:28Z" changeset="183454771" uid="23326231" user="Vmosnokia31" />
  <node id="993196787" lat="21.0022390" lon="105.8741825" version="9" timestamp="2026-06-10T05:18:12Z" changeset="183904098" uid="23326231" user="Vmosnokia31" />
  <node id="993196912" lat="21.0027309" lon="105.8735516" version="6" timestamp="2026-05-31T15:44:28Z" changeset="183454771" uid="23326231" user="Vmosnokia31" />
  <node id="993196922" lat="21.0026843" lon="105.8739380" version="7" timestamp="2026-05-31T15:44:28Z" changeset="183454771" uid="23326231" user="Vmosnokia31" />
  <node id="993196951" lat="21.0011229" lon="105.8728106" version="4" timestamp="2015-10-09T05:11:15Z" changeset="34522444" uid="562188" user="totim" />
  <node id="995292009" lat="21.0029618" lon="105.8721878" version="7" timestamp="2026-04-07T00:01:41Z" changeset="180973204" uid="16014056" user="Trần Thanh Tuấn" />
  <node id="1497971299" lat="21.0033408" lon="105.8652691" version="3" timestamp="2025-06-05T07:34:57Z" changeset="167208923" uid="3323343" user="phoenixsaigon1698" />
  <node id="1497971609" lat="21.0030001" lon="105.8617157" version="4" timestamp="2024-02-25T00:36:41Z" changeset="147875117" uid="3323343" user="phoenixsaigon1698" />
  <node id="1887747758" lat="21.0012188" lon="105.8730929" version="1" timestamp="2012-08-29T02:55:08Z" changeset="12900143" uid="713252" user="batoan_dhbkhn" />
  <node id="1887747759" lat="20.9989086" lon="105.8693972" version="4" timestamp="2022-07-13T16:20:40Z" changeset="123572540" uid="11691953" user="ItsLouisAnderson" />
  <node id="1887747760" lat="21.0005527" lon="105.8722024" version="1" timestamp="2012-08-29T02:55:08Z" changeset="12900143" uid="713252" user="batoan_dhbkhn" />
  <node id="1887747762" lat="20.9992509" lon="105.8702766" version="1" timestamp="2012-08-29T02:55:08Z" changeset="12900143" uid="713252" user="batoan_dhbkhn" />
  <node id="1887747763" lat="21.0002773" lon="105.8720844" version="1" timestamp="2012-08-29T02:55:08Z" changeset="12900143" uid="713252" user="batoan_dhbkhn" />
  <node id="1887747764" lat="21.0021651" lon="105.8738741" version="4" timestamp="2026-06-10T05:18:12Z" changeset="183904098" uid="23326231" user="Vmosnokia31" />
  <node id="1887747765" lat="21.0001471" lon="105.8717250" version="1" timestamp="2012-08-29T02:55:08Z" changeset="12900143" uid="713252" user="batoan_dhbkhn" />
  <node id="1887747766" lat="20.9996573" lon="105.8710427" version="3" timestamp="2020-11-15T14:33:04Z" changeset="94149407" uid="11691953" user="ItsLouisAnderson" />
  <node id="1887747767" lat="21.0007330" lon="105.8725672" version="1" timestamp="2012-08-29T02:55:08Z" changeset="12900143" uid="713252" user="batoan_dhbkhn" />
  <node id="1887747768" lat="20.9988101" lon="105.8694247" version="4" timestamp="2022-07-13T16:20:40Z" changeset="123572540" uid="11691953" user="ItsLouisAnderson" />
  <node id="1887747769" lat="20.9994462" lon="105.8709471" version="1" timestamp="2012-08-29T02:55:09Z" changeset="12900143" uid="713252" user="batoan_dhbkhn" />
  <node id="1887747770" lat="20.9991457" lon="105.8703141" version="2" timestamp="2020-09-18T14:45:23Z" changeset="91118841" uid="11691953" user="ItsLouisAnderson" />
  <node id="1887747771" lat="20.9999116" lon="105.8716465" version="2" timestamp="2020-11-15T14:33:04Z" changeset="94149407" uid="11691953" user="ItsLouisAnderson" />
  <node id="2218590768" lat="21.0024295" lon="105.8750854" version="7" timestamp="2026-05-31T15:44:28Z" changeset="183454771" uid="23326231" user="Vmosnokia31" />
  <node id="2218590769" lat="21.0025321" lon="105.8739185" version="4" timestamp="2026-04-07T00:02:19Z" changeset="180973214" uid="16014056" user="Trần Thanh Tuấn" />
  <node id="2218590770" lat="21.0027039" lon="105.8730371" version="2" timestamp="2026-04-07T00:02:19Z" changeset="180973214" uid="16014056" user="Trần Thanh Tuấn" />
  <node id="2218590772" lat="21.0026786" lon="105.8749409" version="7" timestamp="2026-05-31T15:44:28Z" changeset="183454771" uid="23326231" user="Vmosnokia31" />
  <node id="2218590773" lat="21.0026896" lon="105.8733482" version="3" timestamp="2026-04-07T00:02:19Z" changeset="180973214" uid="16014056" user="Trần Thanh Tuấn" />
  <node id="2218590778" lat="21.0029207" lon="105.8749557" version="7" timestamp="2026-05-31T15:44:28Z" changeset="183454771" uid="23326231" user="Vmosnokia31" />
  <node id="2218590782" lat="21.0028087" lon="105.8749369" version="7" timestamp="2026-05-31T15:44:28Z" changeset="183454771" uid="23326231" user="Vmosnokia31" />
  <node id="2218590787" lat="21.0023709" lon="105.8751830" version="6" timestamp="2026-05-31T15:44:28Z" changeset="183454771" uid="23326231" user="Vmosnokia31" />
  <node id="2218609319" lat="21.0017474" lon="105.8733289" version="3" timestamp="2019-08-02T23:53:24Z" changeset="72959267" uid="8600365" user="spuddy93">
    <tag k="traffic_calming" v="rumble_strip" />
  </node>
  <node id="2218609322" lat="21.0008644" lon="105.8728464" version="2" timestamp="2022-10-30T06:54:17Z" changeset="128234263" uid="11691953" user="ItsLouisAnderson" />
  <node id="2218609328" lat="21.0002026" lon="105.8716556" version="4" timestamp="2022-10-30T06:54:17Z" changeset="128234263" uid="11691953" user="ItsLouisAnderson" />
  <node id="2218609329" lat="21.0019064" lon="105.8734607" version="6" timestamp="2026-06-29T10:32:49Z" changeset="184787634" uid="23326231" user="Vmosnokia31" />
  <node id="2218609330" lat="21.0011375" lon="105.8731239" version="2" timestamp="2022-10-30T06:54:17Z" changeset="128234263" uid="11691953" user="ItsLouisAnderson" />
  <node id="2218609331" lat="20.9999736" lon="105.8718528" version="3" timestamp="2022-10-30T06:54:17Z" changeset="128234263" uid="11691953" user="ItsLouisAnderson" />
  <node id="2218609332" lat="21.0024376" lon="105.8733990" version="4" timestamp="2026-06-29T10:32:49Z" changeset="184787634" uid="23326231" user="Vmosnokia31" />
  <node id="2218609333" lat="21.0018565" lon="105.8734208" version="5" timestamp="2019-08-05T19:23:23Z" changeset="73037684" uid="9965337" user="ReedtheRiver">
    <tag k="traffic_calming" v="rumble_strip" />
  </node>
  <node id="2218609334" lat="21.0023635" lon="105.8734518" version="4" timestamp="2026-06-29T10:32:49Z" changeset="184787634" uid="23326231" user="Vmosnokia31" />
  <node id="2218609335" lat="21.0027643" lon="105.8726309" version="5" timestamp="2026-06-29T10:32:49Z" changeset="184787634" uid="23326231" user="Vmosnokia31" />
  <node id="2218609336" lat="21.0016076" lon="105.8734830" version="4" timestamp="2026-06-10T05:18:12Z" changeset="183904098" uid="23326231" user="Vmosnokia31" />
  <node id="2218609337" lat="21.0017752" lon="105.8739071" version="4" timestamp="2026-06-29T10:32:49Z" changeset="184787634" uid="23326231" user="Vmosnokia31">
    <tag k="crossing" v="unmarked" />
    <tag k="crossing:markings" v="no" />
    <tag k="highway" v="crossing" />
  </node>
  <node id="2218609338" lat="21.0007305" lon="105.8722766" version="3" timestamp="2022-10-30T06:54:17Z" changeset="128234263" uid="11691953" user="ItsLouisAnderson" />
  <node id="2218609340" lat="21.0016769" lon="105.8736907" version="2" timestamp="2022-10-30T06:54:17Z" changeset="128234263" uid="11691953" user="ItsLouisAnderson" />
  <node id="2218609342" lat="21.0025015" lon="105.8733221" version="4" timestamp="2026-06-29T10:32:49Z" changeset="184787634" uid="23326231" user="Vmosnokia31" />
  <node id="2218609345" lat="21.0016934" lon="105.8733849" version="3" timestamp="2026-06-10T05:18:12Z" changeset="183904098" uid="23326231" user="Vmosnokia31" />
  <node id="2218609347" lat="21.0024104" lon="105.8744358" version="3" timestamp="2026-04-07T00:02:19Z" changeset="180973214" uid="16014056" user="Trần Thanh Tuấn" />
  <node id="2294389035" lat="21.0020908" lon="105.8667831" version="1" timestamp="2013-05-07T07:07:59Z" changeset="16006505" uid="1276367" user="QuangDBui@TMA" />
  <node id="2294389036" lat="21.0014845" lon="105.8654998" version="3" timestamp="2024-11-07T15:22:54Z" changeset="158860536" uid="3323343" user="phoenixsaigon1698" />
  <node id="2294389037" lat="21.0011109" lon="105.8679248" version="4" timestamp="2024-10-28T07:17:57Z" changeset="158442125" uid="3323343" user="phoenixsaigon1698" />
  <node id="2294389039" lat="21.0008959" lon="105.8668033" version="2" timestamp="2019-08-06T23:03:36Z" changeset="73087070" uid="9965337" user="ReedtheRiver" />
  <node id="2294389040" lat="21.0020453" lon="105.8657328" version="4" timestamp="2026-05-23T05:17:22Z" changeset="183050569" uid="20910140" user="Hung Tran 9x0" />
  <node id="2294389041" lat="21.0029875" lon="105.8657219" version="4" timestamp="2026-05-23T05:17:22Z" changeset="183050569" uid="20910140" user="Hung Tran 9x0" />
  <node id="2294389042" lat="21.0013872" lon="105.8651614" version="2" timestamp="2019-08-06T23:03:36Z" changeset="73087070" uid="9965337" user="ReedtheRiver" />
  <node id="2294389043" lat="21.0025971" lon="105.8657230" version="3" timestamp="2026-05-23T05:17:22Z" changeset="183050569" uid="20910140" user="Hung Tran 9x0" />
  <node id="2294389045" lat="21.0011928" lon="105.8658637" version="2" timestamp="2024-06-30T01:40:38Z" changeset="153352705" uid="3323343" user="phoenixsaigon1698" />
  <node id="2294389046" lat="21.0010375" lon="105.8686517" version="2" timestamp="2024-06-30T01:40:38Z" changeset="153352705" uid="3323343" user="phoenixsaigon1698" />
  <node id="2294389047" lat="21.0010937" lon="105.8685617" version="3" timestamp="2024-06-30T01:40:38Z" changeset="153352705" uid="3323343" user="phoenixsaigon1698" />
  <node id="2294389049" lat="21.0022811" lon="105.8667831" version="1" timestamp="2013-05-07T07:07:59Z" changeset="16006505" uid="1276367" user="QuangDBui@TMA" />
  <node id="2294389050" lat="21.0014135" lon="105.8667866" version="3" timestamp="2024-06-30T01:40:38Z" changeset="153352705" uid="3323343" user="phoenixsaigon1698" />
  <node id="2294389052" lat="21.0010772" lon="105.8690409" version="3" timestamp="2024-06-30T01:40:38Z" changeset="153352705" uid="3323343" user="phoenixsaigon1698" />
  <node id="2294389053" lat="21.0026067" lon="105.8667831" version="1" timestamp="2013-05-07T07:08:00Z" changeset="16006505" uid="1276367" user="QuangDBui@TMA" />
  <node id="2294389055" lat="21.0022767" lon="105.8657800" version="2" timestamp="2022-05-03T18:48:39Z" changeset="120512072" uid="15825945" user="Gamyn" />
  <node id="2294389056" lat="21.0001506" lon="105.8654462" version="3" timestamp="2026-02-08T05:15:47Z" changeset="178252551" uid="11141338" user="FanaticAir75626" />
  <node id="2294389057" lat="21.0002206" lon="105.8657570" version="3" timestamp="2026-02-08T05:15:47Z" changeset="178252551" uid="11141338" user="FanaticAir75626" />
  <node id="2294389060" lat="21.0011170" lon="105.8667988" version="2" timestamp="2019-08-06T23:03:36Z" changeset="73087070" uid="9965337" user="ReedtheRiver" />
  <node id="2499074959" lat="21.0024319" lon="105.8752334" version="7" timestamp="2026-04-07T00:02:19Z" changeset="180973214" uid="16014056" user="Trần Thanh Tuấn" />
  <node id="2499091603" lat="20.9939865" lon="105.8782969" version="4" timestamp="2026-05-11T15:24:14Z" changeset="182516892" uid="23326231" user="Vmosnokia31" />
  <node id="2953971625" lat="20.9991771" lon="105.8698135" version="4" timestamp="2021-09-02T09:16:03Z" changeset="110607178" uid="11691953" user="ItsLouisAnderson" />
  <node id="2953971626" lat="20.9995145" lon="105.8705724" version="7" timestamp="2025-01-30T13:26:09Z" changeset="161937505" uid="11691953" user="ItsLouisAnderson" />
  <node id="2953971627" lat="20.9996372" lon="105.8707906" version="5" timestamp="2025-01-30T13:26:09Z" changeset="161937505" uid="11691953" user="ItsLouisAnderson" />
  <node id="3776045972" lat="21.0020183" lon="105.8740457" version="5" timestamp="2025-09-21T06:16:56Z" changeset="172230786" uid="22065819" user="Hung159" />
  <node id="3776045973" lat="21.0018571" lon="105.8740166" version="5" timestamp="2025-09-21T06:16:56Z" changeset="172230786" uid="22065819" user="Hung159" />
  <node id="3776045974" lat="21.0016842" lon="105.8740538" version="3" timestamp="2025-09-21T06:16:56Z" changeset="172230786" uid="22065819" user="Hung159" />
  <node id="3776045975" lat="21.0014891" lon="105.8742856" version="2" timestamp="2019-11-22T01:22:55Z" changeset="77402517" uid="1293386" user="Sal73x" />
  <node id="3776045977" lat="21.0015010" lon="105.8746520" version="3" timestamp="2025-09-21T06:16:56Z" changeset="172230786" uid="22065819" user="Hung159" />
  <node id="3776045978" lat="21.0016926" lon="105.8748293" version="4" timestamp="2025-09-21T06:16:56Z" changeset="172230786" uid="22065819" user="Hung159" />
  <node id="3776050422" lat="21.0020566" lon="105.8739459" version="5" timestamp="2026-06-10T05:18:12Z" changeset="183904098" uid="23326231" user="Vmosnokia31" />
  <node id="3776050423" lat="21.0028343" lon="105.8745553" version="8" timestamp="2026-06-10T05:18:12Z" changeset="183904098" uid="23326231" user="Vmosnokia31" />
  <node id="3776050428" lat="21.0027139" lon="105.8740954" version="5" timestamp="2026-05-31T15:44:28Z" changeset="183454771" uid="23326231" user="Vmosnokia31" />
  <node id="3776050429" lat="21.0027498" lon="105.8742285" version="4" timestamp="2026-05-31T15:44:28Z" changeset="183454771" uid="23326231" user="Vmosnokia31" />
  <node id="3776050430" lat="21.0027021" lon="105.8736940" version="4" timestamp="2026-05-31T15:44:28Z" changeset="183454771" uid="23326231" user="Vmosnokia31" />
  <node id="3776050431" lat="21.0026874" lon="105.8738128" version="4" timestamp="2026-05-31T15:44:28Z" changeset="183454771" uid="23326231" user="Vmosnokia31" />
  <node id="3776050432" lat="21.0027737" lon="105.8734151" version="3" timestamp="2025-09-21T06:02:44Z" changeset="172230523" uid="22065819" user="Hung159" />
  <node id="3776050434" lat="21.0028511" lon="105.8725905" version="2" timestamp="2026-04-07T00:02:19Z" changeset="180973214" uid="16014056" user="Trần Thanh Tuấn" />
  <node id="3776050435" lat="21.0029325" lon="105.8726226" version="2" timestamp="2026-04-07T00:02:19Z" changeset="180973214" uid="16014056" user="Trần Thanh Tuấn" />
  <node id="3776050436" lat="21.0025970" lon="105.8736714" version="2" timestamp="2026-04-07T00:02:19Z" changeset="180973214" uid="16014056" user="Trần Thanh Tuấn" />
  <node id="3776050437" lat="21.0019869" lon="105.8739797" version="4" timestamp="2026-06-29T10:32:49Z" changeset="184787634" uid="23326231" user="Vmosnokia31" />
  <node id="4022914505" lat="20.9968445" lon="105.8685896" version="5" timestamp="2026-05-04T10:20:51Z" changeset="182197444" uid="23326231" user="Vmosnokia31" />
  <node id="4022914506" lat="20.9968312" lon="105.8701086" version="5" timestamp="2024-08-08T15:09:08Z" changeset="154983582" uid="21597372" user="Evgeny Arbatov" />
  <node id="4022914510" lat="20.9963290" lon="105.8659354" version="3" timestamp="2022-12-24T16:43:32Z" changeset="130462015" uid="11691953" user="ItsLouisAnderson" />
  <node id="4955937914" lat="20.9941664" lon="105.8739889" version="5" timestamp="2026-06-08T13:49:19Z" changeset="183830129" uid="23326231" user="Vmosnokia31" />
  <node id="4955937915" lat="20.9941534" lon="105.8737742" version="4" timestamp="2026-06-08T13:49:19Z" changeset="183830129" uid="23326231" user="Vmosnokia31" />
  <node id="4955937916" lat="20.9941116" lon="105.8734361" version="4" timestamp="2026-06-08T13:49:19Z" changeset="183830129" uid="23326231" user="Vmosnokia31" />
  <node id="4955937917" lat="20.9940410" lon="105.8732011" version="3" timestamp="2024-12-29T03:23:22Z" changeset="160736876" uid="3323343" user="phoenixsaigon1698" />
  <node id="4955937919" lat="20.9937021" lon="105.8724593" version="6" timestamp="2026-06-08T13:49:19Z" changeset="183830129" uid="23326231" user="Vmosnokia31" />
  <node id="4955937920" lat="20.9942098" lon="105.8722704" version="2" timestamp="2026-05-10T13:41:36Z" changeset="182467433" uid="23326231" user="Vmosnokia31" />
  <node id="4955947825" lat="20.9957911" lon="105.8715889" version="1" timestamp="2017-07-07T02:52:15Z" changeset="50097874" uid="2678766" user="hieuvan" />
  <node id="4955947826" lat="20.9968620" lon="105.8716181" version="4" timestamp="2024-07-12T06:05:36Z" changeset="153838834" uid="3323343" user="phoenixsaigon1698" />
  <node id="4955947827" lat="20.9971596" lon="105.8714339" version="3" timestamp="2025-08-05T14:20:25Z" changeset="170009909" uid="20910140" user="Hung Tran 9x0" />
  <node id="4955947857" lat="20.9983386" lon="105.8675270" version="5" timestamp="2026-02-08T05:15:47Z" changeset="178252551" uid="11141338" user="FanaticAir75626" />
  <node id="4955947858" lat="20.9981179" lon="105.8677849" version="6" timestamp="2026-05-04T10:24:39Z" changeset="182197605" uid="23326231" user="Vmosnokia31" />
  <node id="4955947860" lat="20.9968455" lon="105.8675617" version="9" timestamp="2024-09-09T02:24:56Z" changeset="156374193" uid="3323343" user="phoenixsaigon1698">
    <tag k="highway" v="mini_roundabout" />
  </node>
  <node id="4955947869" lat="20.9941195" lon="105.8675614" version="5" timestamp="2026-06-22T08:02:04Z" changeset="184419674" uid="23326231" user="Vmosnokia31" />
  <node id="4955947875" lat="20.9954260" lon="105.8675531" version="4" timestamp="2022-12-24T16:43:32Z" changeset="130462015" uid="11691953" user="ItsLouisAnderson" />
  <node id="4955947878" lat="20.9979644" lon="105.8673396" version="5" timestamp="2022-10-30T06:54:17Z" changeset="128234263" uid="11691953" user="ItsLouisAnderson" />
  <node id="4955947879" lat="20.9982539" lon="105.8672950" version="4" timestamp="2022-07-13T16:20:40Z" changeset="123572540" uid="11691953" user="ItsLouisAnderson" />
  <node id="4955947880" lat="20.9986248" lon="105.8691609" version="4" timestamp="2022-10-29T06:50:42Z" changeset="128198942" uid="11691953" user="ItsLouisAnderson" />
  <node id="4955947881" lat="20.9988706" lon="105.8690488" version="4" timestamp="2022-07-13T16:20:40Z" changeset="123572540" uid="11691953" user="ItsLouisAnderson" />
  <node id="4955947884" lat="20.9971774" lon="105.8650624" version="4" timestamp="2024-05-21T06:02:32Z" changeset="151610300" uid="3323343" user="phoenixsaigon1698" />
  <node id="4955947885" lat="20.9964867" lon="105.8631588" version="2" timestamp="2018-06-14T08:10:47Z" changeset="59835956" uid="7671617" user="Rakesh9" />
  <node id="4955947891" lat="21.0000322" lon="105.8710229" version="4" timestamp="2022-10-29T13:21:50Z" changeset="128211214" uid="11691953" user="ItsLouisAnderson" />
  <node id="4955947892" lat="20.9999974" lon="105.8711934" version="3" timestamp="2022-10-29T13:21:50Z" changeset="128211214" uid="11691953" user="ItsLouisAnderson" />
  <node id="4955947893" lat="20.9999736" lon="105.8713472" version="5" timestamp="2022-10-30T06:54:17Z" changeset="128234263" uid="11691953" user="ItsLouisAnderson" />
  <node id="4955947895" lat="20.9997067" lon="105.8708341" version="3" timestamp="2025-01-30T13:26:09Z" changeset="161937505" uid="11691953" user="ItsLouisAnderson" />
  <node id="4955947897" lat="20.9999575" lon="105.8709313" version="6" timestamp="2025-01-30T13:26:09Z" changeset="161937505" uid="11691953" user="ItsLouisAnderson" />
  <node id="4955947899" lat="21.0001260" lon="105.8708610" version="6" timestamp="2022-10-29T13:21:50Z" changeset="128211214" uid="11691953" user="ItsLouisAnderson">
    <tag k="crossing" v="zebra" />
    <tag k="highway" v="crossing" />
  </node>
  <node id="4955947900" lat="20.9999583" lon="105.8710837" version="5" timestamp="2025-01-30T13:26:09Z" changeset="161937505" uid="11691953" user="ItsLouisAnderson" />
  <node id="4955947901" lat="20.9958827" lon="105.8740147" version="3" timestamp="2026-06-08T04:32:24Z" changeset="183807915" uid="23326231" user="Vmosnokia31" />
  <node id="4955947903" lat="20.9988967" lon="105.8700091" version="3" timestamp="2025-09-21T06:16:56Z" changeset="172230786" uid="22065819" user="Hung159" />
  <node id="4955947906" lat="20.9997447" lon="105.8709973" version="7" timestamp="2025-01-30T13:26:09Z" changeset="161937505" uid="11691953" user="ItsLouisAnderson" />
  <node id="4955947907" lat="20.9998324" lon="105.8711866" version="8" timestamp="2025-01-30T13:26:09Z" changeset="161937505" uid="11691953" user="ItsLouisAnderson" />
  <node id="4955947908" lat="20.9998222" lon="105.8712317" version="7" timestamp="2025-01-30T13:26:09Z" changeset="161937505" uid="11691953" user="ItsLouisAnderson" />
  <node id="4955947909" lat="20.9997008" lon="105.8713436" version="9" timestamp="2025-07-02T09:12:45Z" changeset="168388240" uid="3323343" user="phoenixsaigon1698">
    <tag k="barrier" v="block" />
  </node>
  <node id="4955947911" lat="20.9995723" lon="105.8713146" version="7" timestamp="2025-01-30T13:26:09Z" changeset="161937505" uid="11691953" user="ItsLouisAnderson" />
  <node id="4955947912" lat="20.9995003" lon="105.8712167" version="7" timestamp="2025-01-30T13:26:09Z" changeset="161937505" uid="11691953" user="ItsLouisAnderson" />
  <node id="4955947913" lat="20.9994913" lon="105.8711588" version="9" timestamp="2025-01-30T13:26:09Z" changeset="161937505" uid="11691953" user="ItsLouisAnderson" />
  <node id="4955947914" lat="20.9994998" lon="105.8711008" version="7" timestamp="2025-01-30T13:26:09Z" changeset="161937505" uid="11691953" user="ItsLouisAnderson" />
  <node id="4955947915" lat="20.9995638" lon="105.8710074" version="8" timestamp="2025-01-30T13:26:09Z" changeset="161937505" uid="11691953" user="ItsLouisAnderson" />
  <node id="4955947916" lat="20.9996671" lon="105.8709731" version="7" timestamp="2025-01-30T13:26:09Z" changeset="161937505" uid="11691953" user="ItsLouisAnderson" />
  <node id="4955947917" lat="20.9997210" lon="105.8709835" version="7" timestamp="2025-01-30T13:26:09Z" changeset="161937505" uid="11691953" user="ItsLouisAnderson" />
  <node id="4955947918" lat="20.9997584" lon="105.8710052" version="8" timestamp="2025-01-30T13:26:09Z" changeset="161937505" uid="11691953" user="ItsLouisAnderson" />
  <node id="4955947919" lat="20.9998067" lon="105.8710541" version="7" timestamp="2025-01-30T13:26:09Z" changeset="161937505" uid="11691953" user="ItsLouisAnderson" />
  <node id="4955948029" lat="21.0017317" lon="105.8705567" version="2" timestamp="2024-06-30T14:45:22Z" changeset="153372687" uid="3323343" user="phoenixsaigon1698" />
  <node id="4955948030" lat="21.0008359" lon="105.8714877" version="1" timestamp="2017-07-07T02:52:17Z" changeset="50097874" uid="2678766" user="hieuvan" />
  <node id="4955948031" lat="21.0003864" lon="105.8718847" version="4" timestamp="2022-10-30T06:54:17Z" changeset="128234263" uid="11691953" user="ItsLouisAnderson" />
  <node id="4955948032" lat="21.0001479" lon="105.8720653" version="4" timestamp="2022-10-30T06:54:17Z" changeset="128234263" uid="11691953" user="ItsLouisAnderson" />
  <node id="4955948033" lat="20.9998090" lon="105.8725511" version="4" timestamp="2026-06-30T03:43:37Z" changeset="184831159" uid="23326231" user="Vmosnokia31" />
  <node id="4955948034" lat="20.9984099" lon="105.8734381" version="5" timestamp="2026-06-08T04:32:24Z" changeset="183807915" uid="23326231" user="Vmosnokia31" />
  <node id="4955948035" lat="20.9957451" lon="105.8740291" version="2" timestamp="2026-06-08T04:32:24Z" changeset="183807915" uid="23326231" user="Vmosnokia31" />
  <node id="4955948036" lat="20.9945381" lon="105.8740157" version="2" timestamp="2018-06-22T04:24:20Z" changeset="60061801" uid="7868172" user="poornima1" />
  <node id="4955948038" lat="20.9927108" lon="105.8736989" version="7" timestamp="2026-06-08T14:29:01Z" changeset="183831919" uid="23326231" user="Vmosnokia31" />
  <node id="4955948042" lat="21.0019506" lon="105.8750189" version="2" timestamp="2019-11-22T01:25:04Z" changeset="77402556" uid="1293386" user="Sal73x" />
  <node id="5285071928" lat="21.0003567" lon="105.8713252" version="2" timestamp="2018-06-20T09:14:00Z" changeset="60003956" uid="7868172" user="poornima1" />
  <node id="5285071929" lat="21.0004741" lon="105.8713896" version="1" timestamp="2017-12-15T02:23:23Z" changeset="54640957" uid="7121511" user="Heiseish" />
  <node id="5285071930" lat="21.0010030" lon="105.8718594" version="2" timestamp="2026-09-15T00:57:38Z" changeset="189037087" uid="3323343" user="phoenixsaigon1698" />
  <node id="5285071940" lat="21.0015286" lon="105.8727675" version="2" timestamp="2018-06-20T09:08:40Z" changeset="60003771" uid="7868172" user="poornima1" />
  <node id="5285071941" lat="21.0017353" lon="105.8667864" version="2" timestamp="2019-08-06T23:03:36Z" changeset="73087070" uid="9965337" user="ReedtheRiver" />
  <node id="5285071942" lat="21.0018467" lon="105.8679254" version="4" timestamp="2024-06-30T01:40:38Z" changeset="153352705" uid="3323343" user="phoenixsaigon1698" />
  <node id="5285071956" lat="21.0017314" lon="105.8671908" version="2" timestamp="2019-08-06T23:03:36Z" changeset="73087070" uid="9965337" user="ReedtheRiver" />
  <node id="5629422866" lat="20.9930269" lon="105.8674322" version="4" timestamp="2023-07-14T14:13:04Z" changeset="138510042" uid="11691953" user="ItsLouisAnderson" />
  <node id="5629422867" lat="20.9929798" lon="105.8677039" version="4" timestamp="2023-07-14T14:13:04Z" changeset="138510042" uid="11691953" user="ItsLouisAnderson" />
  <node id="5629422868" lat="20.9931914" lon="105.8674680" version="4" timestamp="2023-07-14T14:13:04Z" changeset="138510042" uid="11691953" user="ItsLouisAnderson" />
  <node id="5629422869" lat="20.9932105" lon="105.8676754" version="4" timestamp="2023-07-14T14:13:04Z" changeset="138510042" uid="11691953" user="ItsLouisAnderson" />
  <node id="5629422870" lat="20.9929755" lon="105.8674687" version="4" timestamp="2023-07-14T14:13:04Z" changeset="138510042" uid="11691953" user="ItsLouisAnderson" />
  <node id="5629422871" lat="20.9930877" lon="105.8674205" version="5" timestamp="2023-07-14T14:13:04Z" changeset="138510042" uid="11691953" user="ItsLouisAnderson" />
  <node id="5629422872" lat="20.9932359" lon="105.8675726" version="5" timestamp="2024-04-09T00:45:42Z" changeset="149756583" uid="3323343" user="phoenixsaigon1698" />
  <node id="5629422873" lat="20.9931367" lon="105.8677375" version="4" timestamp="2023-07-14T14:13:04Z" changeset="138510042" uid="11691953" user="ItsLouisAnderson" />
  <node id="5629422874" lat="20.9930902" lon="105.8677475" version="5" timestamp="2023-07-14T14:13:04Z" changeset="138510042" uid="11691953" user="ItsLouisAnderson" />
  <node id="5629422875" lat="20.9929311" lon="105.8675892" version="4" timestamp="2023-07-14T14:13:04Z" changeset="138510042" uid="11691953" user="ItsLouisAnderson" />
  <node id="5629422884" lat="20.9982712" lon="105.8682439" version="5" timestamp="2025-07-02T09:12:45Z" changeset="168388240" uid="3323343" user="phoenixsaigon1698" />
  <node id="5629422885" lat="20.9973435" lon="105.8655355" version="4" timestamp="2022-10-29T13:21:50Z" changeset="128211214" uid="11691953" user="ItsLouisAnderson" />
  <node id="5629422886" lat="20.9931035" lon="105.8701252" version="5" timestamp="2024-08-08T15:09:08Z" changeset="154983582" uid="21597372" user="Evgeny Arbatov" />
  <node id="5629422887" lat="20.9968327" lon="105.8657312" version="3" timestamp="2022-12-24T16:43:32Z" changeset="130462015" uid="11691953" user="ItsLouisAnderson" />
  <node id="5629422888" lat="20.9943077" lon="105.8678078" version="4" timestamp="2024-11-09T15:21:34Z" changeset="158938559" uid="11691953" user="ItsLouisAnderson">
    <tag k="amenity" v="parking_entrance" />
    <tag k="level" v="0;-2" />
    <tag k="parking" v="underground" />
  </node>
  <node id="5629422889" lat="20.9941458" lon="105.8677782" version="2" timestamp="2023-09-07T05:46:50Z" changeset="140922180" uid="11691953" user="ItsLouisAnderson" />
  <node id="5629422890" lat="20.9941249" lon="105.8677420" version="1" timestamp="2018-05-19T20:52:00Z" changeset="59111240" uid="2432815" user="EGinIN" />
  <node id="5629422891" lat="20.9950763" lon="105.8695578" version="5" timestamp="2021-03-26T17:02:39Z" changeset="101806304" uid="11691953" user="ItsLouisAnderson">
    <tag k="highway" v="turning_circle" />
  </node>
  <node id="5629422892" lat="20.9950769" lon="105.8701107" version="6" timestamp="2026-04-27T13:35:28Z" changeset="181891442" uid="23326231" user="Vmosnokia31" />
  <node id="5629422893" lat="20.9963010" lon="105.8696035" version="3" timestamp="2021-03-26T17:02:39Z" changeset="101806304" uid="11691953" user="ItsLouisAnderson">
    <tag k="highway" v="turning_circle" />
  </node>
  <node id="5629422894" lat="20.9963046" lon="105.8701104" version="4" timestamp="2024-08-08T15:09:08Z" changeset="154983582" uid="21597372" user="Evgeny Arbatov" />
  <node id="5629422895" lat="20.9965890" lon="105.8685923" version="3" timestamp="2021-03-26T17:02:39Z" changeset="101806304" uid="11691953" user="ItsLouisAnderson">
    <tag k="highway" v="turning_circle" />
  </node>
  <node id="5629422897" lat="20.9956375" lon="105.8685924" version="4" timestamp="2026-01-14T03:23:43Z" changeset="177203049" uid="21597372" user="Evgeny Arbatov">
    <tag k="highway" v="turning_circle" />
  </node>
  <node id="5629422898" lat="20.9956380" lon="105.8690626" version="4" timestamp="2022-12-24T16:43:32Z" changeset="130462015" uid="11691953" user="ItsLouisAnderson" />
  <node id="5629422900" lat="20.9936339" lon="105.8690763" version="7" timestamp="2026-05-04T10:20:51Z" changeset="182197444" uid="23326231" user="Vmosnokia31" />
  <node id="5629422901" lat="20.9938961" lon="105.8685826" version="6" timestamp="2026-05-04T10:20:51Z" changeset="182197444" uid="23326231" user="Vmosnokia31">
    <tag k="highway" v="turning_circle" />
  </node>
  <node id="5629422902" lat="20.9938994" lon="105.8690745" version="5" timestamp="2022-12-24T16:43:32Z" changeset="130462015" uid="11691953" user="ItsLouisAnderson" />
  <node id="5629422903" lat="20.9968427" lon="105.8690544" version="6" timestamp="2026-05-04T10:20:51Z" changeset="182197444" uid="23326231" user="Vmosnokia31" />
  <node id="5629422912" lat="20.9930979" lon="105.8690799" version="6" timestamp="2022-12-24T16:43:32Z" changeset="130462015" uid="11691953" user="ItsLouisAnderson" />
  <node id="5629422913" lat="20.9930777" lon="105.8659783" version="3" timestamp="2022-10-30T06:54:17Z" changeset="128234263" uid="11691953" user="ItsLouisAnderson" />
  <node id="5629423375" lat="20.9946637" lon="105.8664348" version="3" timestamp="2020-08-25T06:34:12Z" changeset="89893825" uid="11691953" user="ItsLouisAnderson" />
  <node id="5629423376" lat="20.9946644" lon="105.8672140" version="3" timestamp="2020-08-25T06:34:12Z" changeset="89893825" uid="11691953" user="ItsLouisAnderson" />
  <node id="5629423377" lat="20.9951677" lon="105.8672134" version="3" timestamp="2020-08-25T06:34:12Z" changeset="89893825" uid="11691953" user="ItsLouisAnderson" />
  <node id="5629423378" lat="20.9951670" lon="105.8664343" version="3" timestamp="2020-08-25T06:34:12Z" changeset="89893825" uid="11691953" user="ItsLouisAnderson" />
  <node id="5629423405" lat="20.9964205" lon="105.8699409" version="2" timestamp="2024-11-08T15:10:14Z" changeset="158899654" uid="11691953" user="ItsLouisAnderson" />
  <node id="5629423406" lat="20.9966408" lon="105.8699403" version="2" timestamp="2024-11-08T15:10:14Z" changeset="158899654" uid="11691953" user="ItsLouisAnderson" />
  <node id="5629423407" lat="20.9966389" lon="105.8691812" version="2" timestamp="2024-11-08T15:10:14Z" changeset="158899654" uid="11691953" user="ItsLouisAnderson" />
  <node id="5629423408" lat="20.9964186" lon="105.8691818" version="2" timestamp="2024-11-08T15:10:14Z" changeset="158899654" uid="11691953" user="ItsLouisAnderson" />
  <node id="5629423409" lat="20.9962662" lon="105.8681493" version="3" timestamp="2024-11-08T15:10:14Z" changeset="158899654" uid="11691953" user="ItsLouisAnderson" />
  <node id="5629423410" lat="20.9962619" lon="105.8689166" version="3" timestamp="2024-11-08T15:10:14Z" changeset="158899654" uid="11691953" user="ItsLouisAnderson" />
  <node id="5629423411" lat="20.9964850" lon="105.8689181" version="3" timestamp="2024-11-08T15:10:14Z" changeset="158899654" uid="11691953" user="ItsLouisAnderson" />
  <node id="5629423412" lat="20.9964893" lon="105.8681508" version="3" timestamp="2024-11-08T15:10:14Z" changeset="158899654" uid="11691953" user="ItsLouisAnderson" />
  <node id="5629423413" lat="20.9952469" lon="105.8681559" version="3" timestamp="2024-11-08T15:10:14Z" changeset="158899654" uid="11691953" user="ItsLouisAnderson" />
  <node id="5629423414" lat="20.9952443" lon="105.8689150" version="3" timestamp="2024-11-08T15:10:14Z" changeset="158899654" uid="11691953" user="ItsLouisAnderson" />
  <node id="5629423415" lat="20.9954671" lon="105.8689159" version="3" timestamp="2024-11-08T15:10:14Z" changeset="158899654" uid="11691953" user="ItsLouisAnderson" />
  <node id="5629423416" lat="20.9954697" lon="105.8681568" version="3" timestamp="2024-11-08T15:10:14Z" changeset="158899654" uid="11691953" user="ItsLouisAnderson" />
  <node id="5629423417" lat="20.9957227" lon="105.8681606" version="3" timestamp="2024-11-08T15:10:14Z" changeset="158899654" uid="11691953" user="ItsLouisAnderson" />
  <node id="5629423418" lat="20.9957243" lon="105.8689474" version="3" timestamp="2024-11-08T15:10:14Z" changeset="158899654" uid="11691953" user="ItsLouisAnderson" />
  <node id="5629423419" lat="20.9959472" lon="105.8689469" version="3" timestamp="2024-11-08T15:10:14Z" changeset="158899654" uid="11691953" user="ItsLouisAnderson" />
  <node id="5629423420" lat="20.9959456" lon="105.8681601" version="3" timestamp="2024-11-08T15:10:14Z" changeset="158899654" uid="11691953" user="ItsLouisAnderson" />
  <node id="5629423521" lat="20.9958680" lon="105.8692094" version="1" timestamp="2018-05-19T20:52:03Z" changeset="59111240" uid="2432815" user="EGinIN" />
  <node id="5629423522" lat="20.9958751" lon="105.8699470" version="1" timestamp="2018-05-19T20:52:03Z" changeset="59111240" uid="2432815" user="EGinIN" />
  <node id="5629423523" lat="20.9961531" lon="105.8699439" version="1" timestamp="2018-05-19T20:52:03Z" changeset="59111240" uid="2432815" user="EGinIN" />
  <node id="5629423524" lat="20.9961460" lon="105.8692063" version="1" timestamp="2018-05-19T20:52:03Z" changeset="59111240" uid="2432815" user="EGinIN" />
  <node id="5629423525" lat="20.9952257" lon="105.8692094" version="1" timestamp="2018-05-19T20:52:03Z" changeset="59111240" uid="2432815" user="EGinIN" />
  <node id="5629423526" lat="20.9952328" lon="105.8699470" version="1" timestamp="2018-05-19T20:52:03Z" changeset="59111240" uid="2432815" user="EGinIN" />
  <node id="5629423527" lat="20.9955108" lon="105.8699439" version="1" timestamp="2018-05-19T20:52:03Z" changeset="59111240" uid="2432815" user="EGinIN" />
  <node id="5629423528" lat="20.9955037" lon="105.8692063" version="1" timestamp="2018-05-19T20:52:03Z" changeset="59111240" uid="2432815" user="EGinIN" />
  <node id="5629423529" lat="20.9926438" lon="105.8656675" version="2" timestamp="2022-10-30T06:54:17Z" changeset="128234263" uid="11691953" user="ItsLouisAnderson" />
  <node id="5629423639" lat="20.9949277" lon="105.8691922" version="1" timestamp="2018-05-19T20:52:05Z" changeset="59111240" uid="2432815" user="EGinIN" />
  <node id="5629423640" lat="20.9949290" lon="105.8699499" version="1" timestamp="2018-05-19T20:52:05Z" changeset="59111240" uid="2432815" user="EGinIN" />
  <node id="5629423641" lat="20.9947044" lon="105.8699503" version="1" timestamp="2018-05-19T20:52:05Z" changeset="59111240" uid="2432815" user="EGinIN" />
  <node id="5629423642" lat="20.9947032" lon="105.8691926" version="1" timestamp="2018-05-19T20:52:05Z" changeset="59111240" uid="2432815" user="EGinIN" />
  <node id="5629423643" lat="20.9935454" lon="105.8692013" version="2" timestamp="2022-10-30T06:54:17Z" changeset="128234263" uid="11691953" user="ItsLouisAnderson" />
  <node id="5629423644" lat="20.9935467" lon="105.8699590" version="2" timestamp="2022-10-30T06:54:17Z" changeset="128234263" uid="11691953" user="ItsLouisAnderson" />
  <node id="5629423645" lat="20.9933222" lon="105.8699594" version="2" timestamp="2022-10-30T06:54:17Z" changeset="128234263" uid="11691953" user="ItsLouisAnderson" />
  <node id="5629423646" lat="20.9933209" lon="105.8692017" version="2" timestamp="2022-10-30T06:54:17Z" changeset="128234263" uid="11691953" user="ItsLouisAnderson" />
  <node id="5629423647" lat="20.9940667" lon="105.8691759" version="2" timestamp="2024-11-08T15:10:14Z" changeset="158899654" uid="11691953" user="ItsLouisAnderson" />
  <node id="5629423648" lat="20.9940680" lon="105.8699336" version="2" timestamp="2024-11-08T15:10:14Z" changeset="158899654" uid="11691953" user="ItsLouisAnderson" />
  <node id="5629423649" lat="20.9938434" lon="105.8699341" version="2" timestamp="2024-11-08T15:10:14Z" changeset="158899654" uid="11691953" user="ItsLouisAnderson" />
  <node id="5629423650" lat="20.9938421" lon="105.8691763" version="2" timestamp="2024-11-08T15:10:14Z" changeset="158899654" uid="11691953" user="ItsLouisAnderson" />
  <node id="5629423651" lat="20.9942733" lon="105.8681655" version="2" timestamp="2024-11-08T15:10:14Z" changeset="158899654" uid="11691953" user="ItsLouisAnderson" />
  <node id="5629423652" lat="20.9942746" lon="105.8689233" version="2" timestamp="2024-11-08T15:10:14Z" changeset="158899654" uid="11691953" user="ItsLouisAnderson" />
  <node id="5629423653" lat="20.9940500" lon="105.8689237" version="2" timestamp="2024-11-08T15:10:14Z" changeset="158899654" uid="11691953" user="ItsLouisAnderson" />
  <node id="5629423654" lat="20.9940488" lon="105.8681660" version="2" timestamp="2024-11-08T15:10:14Z" changeset="158899654" uid="11691953" user="ItsLouisAnderson" />
  <node id="5629423655" lat="20.9933090" lon="105.8689197" version="3" timestamp="2024-11-08T15:10:14Z" changeset="158899654" uid="11691953" user="ItsLouisAnderson" />
  <node id="5629423656" lat="20.9933077" lon="105.8681620" version="3" timestamp="2024-11-08T15:10:14Z" changeset="158899654" uid="11691953" user="ItsLouisAnderson" />
  <node id="5629423657" lat="20.9935335" lon="105.8689193" version="3" timestamp="2024-11-08T15:10:14Z" changeset="158899654" uid="11691953" user="ItsLouisAnderson" />
  <node id="5629423658" lat="20.9935322" lon="105.8681616" version="3" timestamp="2024-11-08T15:10:14Z" changeset="158899654" uid="11691953" user="ItsLouisAnderson" />
  <node id="5642645715" lat="20.9948205" lon="105.8687350" version="1" timestamp="2018-05-25T22:04:22Z" changeset="59283267" uid="2432815" user="EGinIN" />
  <node id="5642645716" lat="20.9947964" lon="105.8687287" version="1" timestamp="2018-05-25T22:04:22Z" changeset="59283267" uid="2432815" user="EGinIN" />
  <node id="5642645717" lat="20.9947756" lon="105.8687056" version="1" timestamp="2018-05-25T22:04:22Z" changeset="59283267" uid="2432815" user="EGinIN" />
  <node id="5642645718" lat="20.9947580" lon="105.8686667" version="1" timestamp="2018-05-25T22:04:22Z" changeset="59283267" uid="2432815" user="EGinIN" />
  <node id="5642645719" lat="20.9947422" lon="105.8686238" version="1" timestamp="2018-05-25T22:04:22Z" changeset="59283267" uid="2432815" user="EGinIN" />
  <node id="5642645720" lat="20.9947301" lon="105.8685847" version="1" timestamp="2018-05-25T22:04:22Z" changeset="59283267" uid="2432815" user="EGinIN" />
  <node id="5642646221" lat="20.9947271" lon="105.8685395" version="1" timestamp="2018-05-25T22:04:22Z" changeset="59283267" uid="2432815" user="EGinIN" />
  <node id="5642646222" lat="20.9947243" lon="105.8685021" version="1" timestamp="2018-05-25T22:04:22Z" changeset="59283267" uid="2432815" user="EGinIN" />
  <node id="5642646223" lat="20.9947252" lon="105.8684646" version="1" timestamp="2018-05-25T22:04:22Z" changeset="59283267" uid="2432815" user="EGinIN" />
  <node id="5642646224" lat="20.9947319" lon="105.8684388" version="1" timestamp="2018-05-25T22:04:22Z" changeset="59283267" uid="2432815" user="EGinIN" />
  <node id="5642646225" lat="20.9947534" lon="105.8684165" version="1" timestamp="2018-05-25T22:04:22Z" changeset="59283267" uid="2432815" user="EGinIN" />
  <node id="5642646226" lat="20.9948160" lon="105.8684166" version="1" timestamp="2018-05-25T22:04:22Z" changeset="59283267" uid="2432815" user="EGinIN" />
  <node id="5642646227" lat="20.9948423" lon="105.8687282" version="1" timestamp="2018-05-25T22:04:22Z" changeset="59283267" uid="2432815" user="EGinIN" />
  <node id="5642646228" lat="20.9948625" lon="105.8687045" version="1" timestamp="2018-05-25T22:04:22Z" changeset="59283267" uid="2432815" user="EGinIN" />
  <node id="5642646229" lat="20.9948791" lon="105.8686651" version="1" timestamp="2018-05-25T22:04:22Z" changeset="59283267" uid="2432815" user="EGinIN" />
  <node id="5642646230" lat="20.9948938" lon="105.8686218" version="1" timestamp="2018-05-25T22:04:22Z" changeset="59283267" uid="2432815" user="EGinIN" />
  <node id="5642646231" lat="20.9949048" lon="105.8685823" version="1" timestamp="2018-05-25T22:04:22Z" changeset="59283267" uid="2432815" user="EGinIN" />
  <node id="5642646232" lat="20.9949119" lon="105.8685370" version="2" timestamp="2024-11-09T15:21:34Z" changeset="158938559" uid="11691953" user="ItsLouisAnderson" />
  <node id="5642646233" lat="20.9949108" lon="105.8684996" version="2" timestamp="2024-11-09T15:21:34Z" changeset="158938559" uid="11691953" user="ItsLouisAnderson" />
  <node id="5642646234" lat="20.9949066" lon="105.8684621" version="1" timestamp="2018-05-25T22:04:22Z" changeset="59283267" uid="2432815" user="EGinIN" />
  <node id="5642646235" lat="20.9948993" lon="105.8684365" version="1" timestamp="2018-05-25T22:04:22Z" changeset="59283267" uid="2432815" user="EGinIN" />
  <node id="5642646236" lat="20.9948772" lon="105.8684148" version="1" timestamp="2018-05-25T22:04:22Z" changeset="59283267" uid="2432815" user="EGinIN" />
  <node id="5686672055" lat="21.0029916" lon="105.8627236" version="2" timestamp="2022-10-29T13:21:50Z" changeset="128211214" uid="11691953" user="ItsLouisAnderson" />
  <node id="5686672058" lat="21.0012992" lon="105.8646547" version="3" timestamp="2020-12-28T05:04:40Z" changeset="96509192" uid="8955765" user="thevivotran" />
  <node id="5686672059" lat="21.0012450" lon="105.8640315" version="1" timestamp="2018-06-13T04:54:11Z" changeset="59796813" uid="7671617" user="Rakesh9" />
  <node id="5686672060" lat="21.0012040" lon="105.8637046" version="2" timestamp="2024-10-28T07:17:57Z" changeset="158442125" uid="3323343" user="phoenixsaigon1698" />
  <node id="5686672061" lat="21.0006061" lon="105.8640536" version="1" timestamp="2018-06-13T04:54:11Z" changeset="59796813" uid="7671617" user="Rakesh9" />
  <node id="5686672062" lat="21.0010863" lon="105.8640486" version="1" timestamp="2018-06-13T04:54:11Z" changeset="59796813" uid="7671617" user="Rakesh9" />
  <node id="5686672063" lat="21.0014094" lon="105.8640137" version="1" timestamp="2018-06-13T04:54:11Z" changeset="59796813" uid="7671617" user="Rakesh9" />
  <node id="5686672064" lat="21.0018651" lon="105.8639494" version="2" timestamp="2018-06-27T05:58:02Z" changeset="60201621" uid="7671560" user="udaykiran3" />
  <node id="5686672065" lat="21.0006573" lon="105.8636500" version="2" timestamp="2024-10-28T07:17:57Z" changeset="158442125" uid="3323343" user="phoenixsaigon1698" />
  <node id="5686672066" lat="21.0005789" lon="105.8643566" version="2" timestamp="2024-06-30T01:40:38Z" changeset="153352705" uid="3323343" user="phoenixsaigon1698" />
  <node id="5686672068" lat="21.0027472" lon="105.8636606" version="1" timestamp="2018-06-13T04:54:11Z" changeset="59796813" uid="7671617" user="Rakesh9" />
  <node id="5686672069" lat="21.0029050" lon="105.8637503" version="1" timestamp="2018-06-13T04:54:11Z" changeset="59796813" uid="7671617" user="Rakesh9" />
  <node id="5686672070" lat="21.0029805" lon="105.8637534" version="2" timestamp="2022-10-29T13:21:50Z" changeset="128211214" uid="11691953" user="ItsLouisAnderson" />
  <node id="5686672071" lat="21.0008435" lon="105.8630586" version="2" timestamp="2025-11-23T07:19:27Z" changeset="175014967" uid="20910140" user="Hung Tran 9x0" />
  <node id="5686672077" lat="21.0020869" lon="105.8630391" version="1" timestamp="2018-06-13T04:54:11Z" changeset="59796813" uid="7671617" user="Rakesh9" />
  <node id="5686672078" lat="21.0013241" lon="105.8630674" version="2" timestamp="2025-11-23T07:19:27Z" changeset="175014967" uid="20910140" user="Hung Tran 9x0" />
  <node id="5686672079" lat="21.0006999" lon="105.8630631" version="2" timestamp="2025-11-23T07:19:27Z" changeset="175014967" uid="20910140" user="Hung Tran 9x0">
    <tag k="noexit" v="yes" />
  </node>
  <node id="5689431208" lat="20.9998355" lon="105.8643262" version="2" timestamp="2018-06-22T01:32:04Z" changeset="60059891" uid="7868172" user="poornima1" />
  <node id="5689431209" lat="20.9998343" lon="105.8637965" version="1" timestamp="2018-06-14T04:08:51Z" changeset="59830248" uid="7671617" user="Rakesh9" />
  <node id="5689431211" lat="21.0000341" lon="105.8633229" version="2" timestamp="2024-10-28T07:17:57Z" changeset="158442125" uid="3323343" user="phoenixsaigon1698" />
  <node id="5689431212" lat="20.9990004" lon="105.8633566" version="1" timestamp="2018-06-14T04:08:51Z" changeset="59830248" uid="7671617" user="Rakesh9" />
  <node id="5689431213" lat="20.9986499" lon="105.8621811" version="2" timestamp="2022-10-29T13:21:50Z" changeset="128211214" uid="11691953" user="ItsLouisAnderson" />
  <node id="5689431214" lat="20.9994437" lon="105.8646495" version="2" timestamp="2018-06-22T01:45:04Z" changeset="60060028" uid="7868172" user="poornima1" />
  <node id="5689955825" lat="20.9963311" lon="105.8636564" version="3" timestamp="2024-11-07T15:22:54Z" changeset="158860536" uid="3323343" user="phoenixsaigon1698" />
  <node id="5689955827" lat="20.9951815" lon="105.8646271" version="3" timestamp="2024-11-07T15:22:54Z" changeset="158860536" uid="3323343" user="phoenixsaigon1698" />
  <node id="5689955829" lat="20.9955707" lon="105.8636796" version="2" timestamp="2024-11-07T15:22:54Z" changeset="158860536" uid="3323343" user="phoenixsaigon1698" />
  <node id="5689955830" lat="20.9966441" lon="105.8635917" version="2" timestamp="2018-06-22T01:45:04Z" changeset="60060028" uid="7868172" user="poornima1" />
  <node id="5689955831" lat="20.9947109" lon="105.8640557" version="2" timestamp="2024-11-07T15:22:54Z" changeset="158860536" uid="3323343" user="phoenixsaigon1698" />
  <node id="5689955834" lat="20.9951736" lon="105.8636680" version="3" timestamp="2024-11-07T15:22:54Z" changeset="158860536" uid="3323343" user="phoenixsaigon1698" />
  <node id="5689955835" lat="20.9950891" lon="105.8659892" version="2" timestamp="2022-12-24T16:43:32Z" changeset="130462015" uid="11691953" user="ItsLouisAnderson" />
  <node id="5689955836" lat="20.9947165" lon="105.8636702" version="2" timestamp="2024-11-07T15:22:54Z" changeset="158860536" uid="3323343" user="phoenixsaigon1698" />
  <node id="5689955856" lat="20.9968852" lon="105.8635026" version="3" timestamp="2020-09-18T14:45:23Z" changeset="91118841" uid="11691953" user="ItsLouisAnderson" />
  <node id="5689955857" lat="20.9970510" lon="105.8634478" version="4" timestamp="2022-10-20T07:56:49Z" changeset="127824157" uid="14127875" user="andreidulgheru" />
  <node id="5689955862" lat="20.9943137" lon="105.8627062" version="5" timestamp="2026-02-04T17:16:33Z" changeset="178104290" uid="23326231" user="Vmosnokia31" />
  <node id="5689955863" lat="20.9943792" lon="105.8640276" version="4" timestamp="2026-04-25T18:41:38Z" changeset="181819167" uid="23326231" user="Vmosnokia31" />
  <node id="5689955890" lat="20.9948877" lon="105.8630094" version="2" timestamp="2024-10-03T08:10:17Z" changeset="157407130" uid="21825758" user="GrabVN_HHanh" />
  <node id="5689955891" lat="20.9948584" lon="105.8626389" version="5" timestamp="2026-02-04T17:16:33Z" changeset="178104290" uid="23326231" user="Vmosnokia31" />
  <node id="5689955893" lat="20.9945527" lon="105.8630603" version="3" timestamp="2021-06-14T05:20:06Z" changeset="106307732" uid="11589195" user="ch_shek" />
  <node id="5689955894" lat="20.9952670" lon="105.8629929" version="3" timestamp="2021-06-14T05:20:06Z" changeset="106307732" uid="11589195" user="ch_shek" />
  <node id="5689955918" lat="20.9963823" lon="105.8628825" version="5" timestamp="2026-08-07T13:25:33Z" changeset="187087038" uid="23326231" user="Vmosnokia31" />
  <node id="5698240861" lat="20.9928874" lon="105.8635777" version="3" timestamp="2026-07-18T10:16:30Z" changeset="185949488" uid="23326231" user="Vmosnokia31" />
  <node id="5698240882" lat="20.9930327" lon="105.8647806" version="3" timestamp="2018-06-22T03:22:02Z" changeset="60061042" uid="7868172" user="poornima1" />
  <node id="5698240883" lat="20.9928686" lon="105.8635415" version="1" timestamp="2018-06-18T04:32:27Z" changeset="59928646" uid="7671617" user="Rakesh9" />
  <node id="5698240884" lat="20.9928434" lon="105.8634785" version="1" timestamp="2018-06-18T04:32:27Z" changeset="59928646" uid="7671617" user="Rakesh9" />
  <node id="5698240885" lat="20.9927774" lon="105.8628887" version="4" timestamp="2026-02-04T17:16:33Z" changeset="178104290" uid="23326231" user="Vmosnokia31" />
  <node id="5698240886" lat="20.9938977" lon="105.8631211" version="1" timestamp="2018-06-18T04:32:27Z" changeset="59928646" uid="7671617" user="Rakesh9" />
  <node id="5698240887" lat="20.9939117" lon="105.8633674" version="1" timestamp="2018-06-18T04:32:27Z" changeset="59928646" uid="7671617" user="Rakesh9" />
  <node id="5698240888" lat="20.9935304" lon="105.8634184" version="1" timestamp="2018-06-18T04:32:27Z" changeset="59928646" uid="7671617" user="Rakesh9" />
  <node id="5698240889" lat="20.9934294" lon="105.8631721" version="1" timestamp="2018-06-18T04:32:27Z" changeset="59928646" uid="7671617" user="Rakesh9" />
  <node id="5698240890" lat="20.9933763" lon="105.8628184" version="4" timestamp="2026-02-04T17:16:33Z" changeset="178104290" uid="23326231" user="Vmosnokia31" />
  <node id="5703895543" lat="21.0033374" lon="105.8718207" version="4" timestamp="2026-04-07T00:02:24Z" changeset="180973214" uid="16014056" user="Trần Thanh Tuấn" />
  <node id="5703895545" lat="21.0036367" lon="105.8744107" version="3" timestamp="2023-10-24T02:15:30Z" changeset="143043954" uid="10998284" user="FlashNL" />
  <node id="5703980375" lat="21.0025641" lon="105.8645254" version="2" timestamp="2020-11-16T08:02:44Z" changeset="94186948" uid="11691953" user="ItsLouisAnderson" />
  <node id="5703980377" lat="21.0018573" lon="105.8648426" version="2" timestamp="2026-02-08T05:15:47Z" changeset="178252551" uid="11141338" user="FanaticAir75626" />
  <node id="5703980378" lat="21.0018517" lon="105.8651782" version="2" timestamp="2020-11-16T08:02:44Z" changeset="94186948" uid="11691953" user="ItsLouisAnderson" />
  <node id="5703980379" lat="21.0012040" lon="105.8667940" version="3" timestamp="2024-06-30T01:40:38Z" changeset="153352705" uid="3323343" user="phoenixsaigon1698" />
  <node id="5703980380" lat="21.0027165" lon="105.8645421" version="1" timestamp="2018-06-20T06:19:16Z" changeset="59998967" uid="7868172" user="poornima1" />
  <node id="5703980381" lat="21.0027139" lon="105.8651644" version="1" timestamp="2018-06-20T06:19:16Z" changeset="59998967" uid="7868172" user="poornima1" />
  <node id="5703980382" lat="21.0029840" lon="105.8651617" version="2" timestamp="2022-10-29T13:21:50Z" changeset="128211214" uid="11691953" user="ItsLouisAnderson" />
  <node id="5704144783" lat="21.0015013" lon="105.8667911" version="2" timestamp="2019-08-06T23:03:36Z" changeset="73087070" uid="9965337" user="ReedtheRiver" />
  <node id="5704144784" lat="21.0014967" lon="105.8676017" version="3" timestamp="2024-06-30T01:40:38Z" changeset="153352705" uid="3323343" user="phoenixsaigon1698" />
  <node id="5704144785" lat="21.0017268" lon="105.8676010" version="3" timestamp="2024-06-30T01:40:38Z" changeset="153352705" uid="3323343" user="phoenixsaigon1698" />
  <node id="5704144786" lat="21.0011004" lon="105.8676133" version="4" timestamp="2024-10-28T07:17:57Z" changeset="158442125" uid="3323343" user="phoenixsaigon1698" />
  <node id="5704144787" lat="21.0010031" lon="105.8678685" version="4" timestamp="2024-11-07T15:22:54Z" changeset="158860536" uid="3323343" user="phoenixsaigon1698" />
  <node id="5704144788" lat="21.0007550" lon="105.8678751" version="3" timestamp="2024-10-28T07:17:57Z" changeset="158442125" uid="3323343" user="phoenixsaigon1698" />
  <node id="5704144789" lat="21.0010012" lon="105.8683692" version="4" timestamp="2024-10-28T07:17:57Z" changeset="158442125" uid="3323343" user="phoenixsaigon1698" />
  <node id="5704144791" lat="21.0007207" lon="105.8671948" version="1" timestamp="2018-06-20T07:19:51Z" changeset="60000502" uid="7868172" user="poornima1" />
  <node id="5704144792" lat="21.0010013" lon="105.8671715" version="3" timestamp="2024-10-28T07:17:57Z" changeset="158442125" uid="3323343" user="phoenixsaigon1698" />
  <node id="5704144793" lat="21.0010165" lon="105.8673018" version="3" timestamp="2024-10-28T07:17:57Z" changeset="158442125" uid="3323343" user="phoenixsaigon1698" />
  <node id="5704144794" lat="21.0011091" lon="105.8673041" version="4" timestamp="2024-06-30T01:40:38Z" changeset="153352705" uid="3323343" user="phoenixsaigon1698" />
  <node id="5704144795" lat="21.0016122" lon="105.8690241" version="1" timestamp="2018-06-20T07:19:51Z" changeset="60000502" uid="7868172" user="poornima1" />
  <node id="5704144796" lat="21.0011125" lon="105.8692440" version="1" timestamp="2018-06-20T07:19:51Z" changeset="60000502" uid="7868172" user="poornima1" />
  <node id="5704144797" lat="21.0024222" lon="105.8703974" version="2" timestamp="2024-06-30T14:45:22Z" changeset="153372687" uid="3323343" user="phoenixsaigon1698" />
  <node id="5704144798" lat="21.0022248" lon="105.8701210" version="5" timestamp="2025-09-28T15:33:19Z" changeset="172572434" uid="22065819" user="Hung159" />
  <node id="5704144799" lat="21.0022999" lon="105.8700165" version="5" timestamp="2026-09-15T00:57:38Z" changeset="189037087" uid="3323343" user="phoenixsaigon1698" />
  <node id="5704144803" lat="20.9998361" lon="105.8711702" version="8" timestamp="2025-01-30T13:26:09Z" changeset="161937505" uid="11691953" user="ItsLouisAnderson" />
  <node id="5704144804" lat="20.9998812" lon="105.8709607" version="5" timestamp="2025-01-30T13:26:09Z" changeset="161937505" uid="11691953" user="ItsLouisAnderson" />
  <node id="5704144806" lat="21.0001594" lon="105.8709391" version="7" timestamp="2022-10-29T13:21:50Z" changeset="128211214" uid="11691953" user="ItsLouisAnderson">
    <tag k="crossing" v="zebra" />
    <tag k="highway" v="crossing" />
  </node>
  <node id="5704144807" lat="21.0012324" lon="105.8704661" version="6" timestamp="2022-10-29T13:21:50Z" changeset="128211214" uid="11691953" user="ItsLouisAnderson" />
  <node id="5704144808" lat="21.0021256" lon="105.8700807" version="3" timestamp="2022-10-29T13:21:50Z" changeset="128211214" uid="11691953" user="ItsLouisAnderson" />
  <node id="5704144809" lat="21.0030382" lon="105.8697268" version="5" timestamp="2022-10-29T13:21:50Z" changeset="128211214" uid="11691953" user="ItsLouisAnderson" />
  <node id="5704144810" lat="21.0016397" lon="105.8690858" version="1" timestamp="2018-06-20T07:19:51Z" changeset="60000502" uid="7868172" user="poornima1" />
  <node id="5704144811" lat="21.0011615" lon="105.8701453" version="1" timestamp="2018-06-20T07:19:51Z" changeset="60000502" uid="7868172" user="poornima1" />
  <node id="5704144814" lat="21.0019227" lon="105.8694345" version="1" timestamp="2018-06-20T07:19:52Z" changeset="60000502" uid="7868172" user="poornima1" />
  <node id="5704144816" lat="21.0026674" lon="105.8672837" version="2" timestamp="2024-06-30T14:45:22Z" changeset="153372687" uid="3323343" user="phoenixsaigon1698">
    <tag k="highway" v="turning_circle" />
  </node>
  <node id="5704144817" lat="21.0025631" lon="105.8679703" version="2" timestamp="2024-06-30T01:40:38Z" changeset="153352705" uid="3323343" user="phoenixsaigon1698" />
  <node id="5704144818" lat="21.0030268" lon="105.8693107" version="5" timestamp="2024-06-30T14:45:22Z" changeset="153372687" uid="3323343" user="phoenixsaigon1698" />
  <node id="5704144819" lat="21.0025437" lon="105.8693175" version="2" timestamp="2024-06-30T14:45:22Z" changeset="153372687" uid="3323343" user="phoenixsaigon1698" />
  <node id="5704153621" lat="21.0019302" lon="105.8699441" version="1" timestamp="2018-06-20T07:19:52Z" changeset="60000502" uid="7868172" user="poornima1" />
  <node id="5704153623" lat="21.0014319" lon="105.8701265" version="1" timestamp="2018-06-20T07:19:52Z" changeset="60000502" uid="7868172" user="poornima1" />
  <node id="5704153625" lat="21.0018421" lon="105.8660443" version="4" timestamp="2024-06-30T01:40:38Z" changeset="153352705" uid="3323343" user="phoenixsaigon1698" />
  <node id="5704267781" lat="21.0005923" lon="105.8671226" version="3" timestamp="2025-08-22T15:19:18Z" changeset="170838172" uid="20910140" user="Hung Tran 9x0" />
  <node id="5704267783" lat="21.0022908" lon="105.8697054" version="1" timestamp="2018-06-20T07:41:16Z" changeset="60001088" uid="7868172" user="poornima1" />
  <node id="5704267784" lat="21.0023763" lon="105.8699867" version="3" timestamp="2022-10-29T13:21:50Z" changeset="128211214" uid="11691953" user="ItsLouisAnderson" />
  <node id="5704267786" lat="21.0021701" lon="105.8677741" version="2" timestamp="2024-06-30T01:40:38Z" changeset="153352705" uid="3323343" user="phoenixsaigon1698" />
  <node id="5704267787" lat="21.0021618" lon="105.8667818" version="1" timestamp="2018-06-20T07:41:16Z" changeset="60001088" uid="7868172" user="poornima1" />
  <node id="5704267788" lat="21.0010488" lon="105.8668002" version="1" timestamp="2018-06-20T07:41:16Z" changeset="60001088" uid="7868172" user="poornima1" />
  <node id="5704267789" lat="21.0009782" lon="105.8667025" version="3" timestamp="2022-04-22T07:38:38Z" changeset="120034225" uid="13749044" user="GrabVN_Ánh Linh Lê" />
  <node id="5704267790" lat="21.0008755" lon="105.8665635" version="3" timestamp="2024-06-30T01:40:38Z" changeset="153352705" uid="3323343" user="phoenixsaigon1698" />
  <node id="5704543863" lat="21.0031944" lon="105.8720824" version="4" timestamp="2026-04-07T00:02:24Z" changeset="180973214" uid="16014056" user="Trần Thanh Tuấn" />
  <node id="5704543864" lat="21.0031611" lon="105.8721787" version="4" timestamp="2026-04-07T00:02:24Z" changeset="180973214" uid="16014056" user="Trần Thanh Tuấn" />
  <node id="5704543865" lat="21.0030652" lon="105.8727365" version="4" timestamp="2026-04-07T00:02:24Z" changeset="180973214" uid="16014056" user="Trần Thanh Tuấn" />
  <node id="5704543866" lat="21.0028238" lon="105.8742115" version="4" timestamp="2026-04-07T00:02:24Z" changeset="180973214" uid="16014056" user="Trần Thanh Tuấn" />
  <node id="5704543867" lat="21.0027755" lon="105.8744319" version="4" timestamp="2026-04-07T00:02:24Z" changeset="180973214" uid="16014056" user="Trần Thanh Tuấn" />
  <node id="5704543868" lat="21.0015791" lon="105.8735791" version="2" timestamp="2022-10-30T06:54:17Z" changeset="128234263" uid="11691953" user="ItsLouisAnderson" />
  <node id="5704543873" lat="21.0020298" lon="105.8766061" version="5" timestamp="2026-04-07T00:02:24Z" changeset="180973214" uid="16014056" user="Trần Thanh Tuấn" />
  <node id="5704543874" lat="21.0020186" lon="105.8744963" version="2" timestamp="2026-06-29T10:32:49Z" changeset="184787634" uid="23326231" user="Vmosnokia31" />
  <node id="5704543880" lat="21.0025140" lon="105.8716465" version="3" timestamp="2025-06-06T04:17:14Z" changeset="167248742" uid="3323343" user="phoenixsaigon1698" />
  <node id="5704543882" lat="21.0026779" lon="105.8712355" version="4" timestamp="2026-09-15T00:57:38Z" changeset="189037087" uid="3323343" user="phoenixsaigon1698" />
  <node id="5704543884" lat="21.0021893" lon="105.8722663" version="2" timestamp="2024-06-30T14:45:22Z" changeset="153372687" uid="3323343" user="phoenixsaigon1698" />
  <node id="5704543885" lat="21.0020252" lon="105.8725506" version="2" timestamp="2024-06-30T14:45:22Z" changeset="153372687" uid="3323343" user="phoenixsaigon1698" />
  <node id="5704543886" lat="21.0015746" lon="105.8728731" version="1" timestamp="2018-06-20T09:08:37Z" changeset="60003771" uid="7868172" user="poornima1" />
  <node id="5704543887" lat="21.0016101" lon="105.8731810" version="1" timestamp="2018-06-20T09:08:37Z" changeset="60003771" uid="7868172" user="poornima1" />
  <node id="5704543888" lat="21.0015946" lon="105.8730367" version="2" timestamp="2019-08-05T19:23:23Z" changeset="73037684" uid="9965337" user="ReedtheRiver" />
  <node id="5704543889" lat="21.0007633" lon="105.8715561" version="1" timestamp="2018-06-20T09:08:37Z" changeset="60003771" uid="7868172" user="poornima1" />
  <node id="5704562304" lat="21.0012997" lon="105.8724182" version="1" timestamp="2018-06-20T09:13:59Z" changeset="60003956" uid="7868172" user="poornima1" />
  <node id="5704562305" lat="21.0016660" lon="105.8721931" version="1" timestamp="2018-06-20T09:13:59Z" changeset="60003956" uid="7868172" user="poornima1" />
  <node id="5704562309" lat="21.0010353" lon="105.8752896" version="2" timestamp="2024-11-13T15:44:35Z" changeset="159097081" uid="3323343" user="phoenixsaigon1698" />
  <node id="5704562310" lat="21.0011627" lon="105.8746983" version="1" timestamp="2018-06-20T09:13:59Z" changeset="60003956" uid="7868172" user="poornima1" />
  <node id="5704562311" lat="21.0002521" lon="105.8737929" version="4" timestamp="2026-06-08T04:32:24Z" changeset="183807915" uid="23326231" user="Vmosnokia31" />
  <node id="5704562312" lat="21.0009636" lon="105.8737984" version="1" timestamp="2018-06-20T09:13:59Z" changeset="60003956" uid="7868172" user="poornima1" />
  <node id="5704562313" lat="21.0012841" lon="105.8737662" version="1" timestamp="2018-06-20T09:13:59Z" changeset="60003956" uid="7868172" user="poornima1" />
  <node id="5707645679" lat="20.9998453" lon="105.8743171" version="3" timestamp="2024-11-13T15:44:35Z" changeset="159097081" uid="3323343" user="phoenixsaigon1698" />
  <node id="5707645680" lat="20.9967148" lon="105.8744499" version="5" timestamp="2026-05-14T14:12:52Z" changeset="182651704" uid="23326231" user="Vmosnokia31" />
  <node id="5707645681" lat="20.9967076" lon="105.8738932" version="3" timestamp="2026-06-08T04:32:24Z" changeset="183807915" uid="23326231" user="Vmosnokia31" />
  <node id="5707645682" lat="20.9981113" lon="105.8752611" version="2" timestamp="2024-11-13T15:44:35Z" changeset="159097081" uid="3323343" user="phoenixsaigon1698" />
  <node id="5707645683" lat="20.9981108" lon="105.8746474" version="2" timestamp="2026-05-11T15:12:35Z" changeset="182516413" uid="23326231" user="Vmosnokia31" />
  <node id="5707645684" lat="20.9975922" lon="105.8746386" version="4" timestamp="2026-05-11T15:12:35Z" changeset="182516413" uid="23326231" user="Vmosnokia31" />
  <node id="5707645686" lat="20.9990980" lon="105.8752698" version="2" timestamp="2024-11-13T15:44:35Z" changeset="159097081" uid="3323343" user="phoenixsaigon1698" />
  <node id="5707645687" lat="20.9991038" lon="105.8748430" version="2" timestamp="2024-11-13T15:44:35Z" changeset="159097081" uid="3323343" user="phoenixsaigon1698" />
  <node id="5707645688" lat="20.9975854" lon="105.8729621" version="3" timestamp="2026-06-08T04:32:24Z" changeset="183807915" uid="23326231" user="Vmosnokia31" />
  <node id="5707645690" lat="20.9967025" lon="105.8720246" version="2" timestamp="2026-05-10T08:56:38Z" changeset="182455948" uid="23326231" user="Vmosnokia31" />
  <node id="5707645696" lat="20.9991880" lon="105.8712714" version="3" timestamp="2026-06-08T04:32:24Z" changeset="183807915" uid="23326231" user="Vmosnokia31" />
  <node id="5707645697" lat="20.9989141" lon="105.8714635" version="2" timestamp="2026-06-08T04:32:24Z" changeset="183807915" uid="23326231" user="Vmosnokia31" />
  <node id="5707645698" lat="20.9986624" lon="105.8714630" version="2" timestamp="2024-07-12T06:05:36Z" changeset="153838834" uid="3323343" user="phoenixsaigon1698" />
  <node id="5707645699" lat="20.9983356" lon="105.8714636" version="2" timestamp="2026-06-08T04:32:24Z" changeset="183807915" uid="23326231" user="Vmosnokia31" />
  <node id="5707645701" lat="21.0001411" lon="105.8733478" version="1" timestamp="2018-06-21T07:48:54Z" changeset="60033947" uid="7868172" user="poornima1" />
  <node id="5707645702" lat="21.0000321" lon="105.8731037" version="1" timestamp="2018-06-21T07:48:54Z" changeset="60033947" uid="7868172" user="poornima1" />
  <node id="5707645706" lat="21.0004553" lon="105.8751328" version="2" timestamp="2021-06-14T10:09:23Z" changeset="106326951" uid="11589838" user="y_rupi" />
  <node id="5707645707" lat="21.0004616" lon="105.8748405" version="1" timestamp="2018-06-21T07:48:54Z" changeset="60033947" uid="7868172" user="poornima1" />
  <node id="5707645708" lat="21.0004591" lon="105.8745843" version="1" timestamp="2018-06-21T07:48:54Z" changeset="60033947" uid="7868172" user="poornima1" />
  <node id="5707645709" lat="20.9998281" lon="105.8752795" version="2" timestamp="2024-11-13T15:44:35Z" changeset="159097081" uid="3323343" user="phoenixsaigon1698" />
  <node id="5707645710" lat="20.9998518" lon="105.8748566" version="1" timestamp="2018-06-21T07:48:54Z" changeset="60033947" uid="7868172" user="poornima1" />
  <node id="5707645711" lat="20.9998299" lon="105.8745155" version="2" timestamp="2024-11-13T15:44:35Z" changeset="159097081" uid="3323343" user="phoenixsaigon1698" />
  <node id="5707645713" lat="20.9974950" lon="105.8717353" version="4" timestamp="2026-06-08T04:32:24Z" changeset="183807915" uid="23326231" user="Vmosnokia31" />
  <node id="5707645714" lat="20.9967530" lon="105.8724493" version="1" timestamp="2018-06-21T07:48:54Z" changeset="60033947" uid="7868172" user="poornima1" />
  <node id="5707645715" lat="20.9970542" lon="105.8711161" version="6" timestamp="2025-08-05T14:20:25Z" changeset="170009909" uid="20910140" user="Hung Tran 9x0" />
  <node id="5707645720" lat="20.9976597" lon="105.8737164" version="4" timestamp="2026-06-08T04:32:24Z" changeset="183807915" uid="23326231" user="Vmosnokia31" />
  <node id="5707646221" lat="20.9975628" lon="105.8726620" version="2" timestamp="2026-06-08T04:32:24Z" changeset="183807915" uid="23326231" user="Vmosnokia31" />
  <node id="5707646223" lat="20.9981456" lon="105.8714054" version="4" timestamp="2024-05-03T09:43:21Z" changeset="150827793" uid="3323343" user="phoenixsaigon1698" />
  <node id="5707661629" lat="20.9972391" lon="105.8738010" version="3" timestamp="2026-06-08T04:32:24Z" changeset="183807915" uid="23326231" user="Vmosnokia31" />
  <node id="5707661630" lat="20.9972582" lon="105.8742643" version="3" timestamp="2026-05-14T14:12:52Z" changeset="182651704" uid="23326231" user="Vmosnokia31" />
  <node id="5707661633" lat="20.9981438" lon="105.8729238" version="2" timestamp="2024-01-29T00:40:20Z" changeset="146799505" uid="3323343" user="phoenixsaigon1698" />
  <node id="5707661634" lat="20.9989614" lon="105.8731138" version="2" timestamp="2026-06-08T04:32:24Z" changeset="183807915" uid="23326231" user="Vmosnokia31" />
  <node id="5707661635" lat="21.0001936" lon="105.8752720" version="2" timestamp="2024-11-13T15:44:35Z" changeset="159097081" uid="3323343" user="phoenixsaigon1698" />
  <node id="5707661636" lat="21.0001974" lon="105.8746514" version="1" timestamp="2018-06-21T07:56:21Z" changeset="60034139" uid="7868172" user="poornima1" />
  <node id="5707661637" lat="20.9988764" lon="105.8752558" version="3" timestamp="2026-05-11T15:04:32Z" changeset="182516060" uid="23326231" user="Vmosnokia31" />
  <node id="5707661638" lat="20.9988818" lon="105.8745322" version="2" timestamp="2024-11-13T15:44:35Z" changeset="159097081" uid="3323343" user="phoenixsaigon1698" />
  <node id="5707678450" lat="20.9967174" lon="105.8748199" version="2" timestamp="2026-05-14T14:12:52Z" changeset="182651704" uid="23326231" user="Vmosnokia31" />
  <node id="5707678451" lat="20.9967155" lon="105.8746973" version="3" timestamp="2026-05-14T14:12:52Z" changeset="182651704" uid="23326231" user="Vmosnokia31" />
  <node id="5707678452" lat="20.9974273" lon="105.8746957" version="3" timestamp="2026-05-14T14:12:52Z" changeset="182651704" uid="23326231" user="Vmosnokia31" />
  <node id="5707678453" lat="20.9974240" lon="105.8744629" version="2" timestamp="2026-05-14T14:12:52Z" changeset="182651704" uid="23326231" user="Vmosnokia31" />
  <node id="5707678455" lat="20.9989923" lon="105.8735450" version="2" timestamp="2024-11-13T15:44:35Z" changeset="159097081" uid="3323343" user="phoenixsaigon1698" />
  <node id="5707820717" lat="20.9992198" lon="105.8656056" version="5" timestamp="2026-02-08T05:15:47Z" changeset="178252551" uid="11141338" user="FanaticAir75626" />
  <node id="5707820718" lat="21.0002028" lon="105.8667636" version="4" timestamp="2026-03-15T06:11:58Z" changeset="179884342" uid="20910140" user="Hung Tran 9x0" />
  <node id="5707821236" lat="20.9976697" lon="105.8677141" version="2" timestamp="2022-10-30T06:54:17Z" changeset="128234263" uid="11691953" user="ItsLouisAnderson" />
  <node id="5707821237" lat="21.0001230" lon="105.8694742" version="3" timestamp="2020-10-19T07:13:00Z" changeset="92686552" uid="11691953" user="ItsLouisAnderson" />
  <node id="5707821238" lat="21.0003845" lon="105.8702420" version="4" timestamp="2019-08-05T16:00:01Z" changeset="73031413" uid="9965337" user="ReedtheRiver" />
  <node id="5707821240" lat="20.9997182" lon="105.8669798" version="4" timestamp="2026-02-08T05:15:47Z" changeset="178252551" uid="11141338" user="FanaticAir75626" />
  <node id="5707821244" lat="20.9980598" lon="105.8667495" version="2" timestamp="2020-09-18T14:45:23Z" changeset="91118841" uid="11691953" user="ItsLouisAnderson" />
  <node id="5707821245" lat="20.9995725" lon="105.8688794" version="1" timestamp="2018-06-21T08:51:34Z" changeset="60035866" uid="7868172" user="poornima1" />
  <node id="5707821246" lat="20.9998646" lon="105.8687734" version="1" timestamp="2018-06-21T08:51:34Z" changeset="60035866" uid="7868172" user="poornima1" />
  <node id="5707821247" lat="20.9997312" lon="105.8693354" version="1" timestamp="2018-06-21T08:51:34Z" changeset="60035866" uid="7868172" user="poornima1" />
  <node id="5707821248" lat="20.9994512" lon="105.8685306" version="1" timestamp="2018-06-21T08:51:34Z" changeset="60035866" uid="7868172" user="poornima1" />
  <node id="5707821249" lat="20.9997517" lon="105.8684206" version="1" timestamp="2018-06-21T08:51:34Z" changeset="60035866" uid="7868172" user="poornima1" />
  <node id="5707821250" lat="21.0000143" lon="105.8692164" version="1" timestamp="2018-06-21T08:51:34Z" changeset="60035866" uid="7868172" user="poornima1" />
  <node id="5707821252" lat="20.9994951" lon="105.8694346" version="1" timestamp="2018-06-21T08:51:34Z" changeset="60035866" uid="7868172" user="poornima1" />
  <node id="5707821253" lat="20.9998319" lon="105.8678998" version="3" timestamp="2024-11-13T05:36:39Z" changeset="159076498" uid="3323343" user="phoenixsaigon1698" />
  <node id="5707821255" lat="21.0002675" lon="105.8691099" version="1" timestamp="2018-06-21T08:51:34Z" changeset="60035866" uid="7868172" user="poornima1" />
  <node id="5707821256" lat="20.9999320" lon="105.8681282" version="1" timestamp="2018-06-21T08:51:34Z" changeset="60035866" uid="7868172" user="poornima1" />
  <node id="5707821257" lat="20.9991457" lon="105.8684447" version="1" timestamp="2018-06-21T08:51:34Z" changeset="60035866" uid="7868172" user="poornima1" />
  <node id="5707821260" lat="20.9980577" lon="105.8698045" version="2" timestamp="2021-06-14T17:27:41Z" changeset="106350392" uid="11691953" user="ItsLouisAnderson" />
  <node id="5707821261" lat="20.9987091" lon="105.8695307" version="4" timestamp="2025-09-21T06:16:56Z" changeset="172230786" uid="22065819" user="Hung159" />
  <node id="5707821262" lat="20.9969802" lon="105.8705848" version="3" timestamp="2024-05-03T09:43:21Z" changeset="150827793" uid="3323343" user="phoenixsaigon1698">
    <tag k="crossing" v="uncontrolled" />
    <tag k="highway" v="crossing" />
  </node>
  <node id="5707821263" lat="20.9990205" lon="105.8709579" version="3" timestamp="2024-05-03T09:43:21Z" changeset="150827793" uid="3323343" user="phoenixsaigon1698" />
  <node id="5707821269" lat="20.9968917" lon="105.8705863" version="4" timestamp="2024-05-03T09:43:21Z" changeset="150827793" uid="3323343" user="phoenixsaigon1698" />
  <node id="5707821270" lat="20.9971783" lon="105.8705868" version="3" timestamp="2024-05-03T09:43:21Z" changeset="150827793" uid="3323343" user="phoenixsaigon1698" />
  <node id="5707840047" lat="20.9980840" lon="105.8684823" version="1" timestamp="2018-06-21T08:56:11Z" changeset="60036052" uid="7868172" user="poornima1" />
  <node id="5707840050" lat="20.9982592" lon="105.8689597" version="1" timestamp="2018-06-21T08:56:11Z" changeset="60036052" uid="7868172" user="poornima1" />
  <node id="5707840051" lat="20.9983183" lon="105.8690852" version="2" timestamp="2021-06-14T17:27:41Z" changeset="106350392" uid="11691953" user="ItsLouisAnderson" />
  <node id="5709913425" lat="20.9993290" lon="105.8628171" version="1" timestamp="2018-06-22T01:32:02Z" changeset="60059891" uid="7868172" user="poornima1" />
  <node id="5709913428" lat="20.9990118" lon="105.8633899" version="1" timestamp="2018-06-22T01:32:02Z" changeset="60059891" uid="7868172" user="poornima1" />
  <node id="5709913429" lat="20.9991444" lon="105.8633311" version="1" timestamp="2018-06-22T01:32:02Z" changeset="60059891" uid="7868172" user="poornima1" />
  <node id="5709913430" lat="20.9992421" lon="105.8632734" version="1" timestamp="2018-06-22T01:32:02Z" changeset="60059891" uid="7868172" user="poornima1" />
  <node id="5709913431" lat="20.9996560" lon="105.8628989" version="1" timestamp="2018-06-22T01:32:02Z" changeset="60059891" uid="7868172" user="poornima1" />
  <node id="5709913432" lat="20.9989141" lon="105.8630687" version="1" timestamp="2018-06-22T01:32:02Z" changeset="60059891" uid="7868172" user="poornima1" />
  <node id="5709913433" lat="20.9991570" lon="105.8629663" version="1" timestamp="2018-06-22T01:32:02Z" changeset="60059891" uid="7868172" user="poornima1" />
  <node id="5709913434" lat="20.9994234" lon="105.8625671" version="3" timestamp="2024-05-03T09:43:21Z" changeset="150827793" uid="3323343" user="phoenixsaigon1698" />
  <node id="5709913435" lat="20.9980700" lon="105.8652445" version="2" timestamp="2025-02-25T14:14:19Z" changeset="162934157" uid="11196308" user="vietnam321" />
  <node id="5709913436" lat="20.9979674" lon="105.8655394" version="2" timestamp="2025-02-25T14:14:19Z" changeset="162934157" uid="11196308" user="vietnam321" />
  <node id="5709913437" lat="20.9978856" lon="105.8653250" version="2" timestamp="2025-02-25T14:14:19Z" changeset="162934157" uid="11196308" user="vietnam321" />
  <node id="5709913438" lat="20.9983443" lon="105.8656041" version="2" timestamp="2025-02-25T14:14:19Z" changeset="162934157" uid="11196308" user="vietnam321" />
  <node id="5709913439" lat="20.9981946" lon="105.8651901" version="2" timestamp="2025-02-25T14:14:19Z" changeset="162934157" uid="11196308" user="vietnam321" />
  <node id="5709913440" lat="20.9984934" lon="105.8650826" version="4" timestamp="2025-02-25T14:14:19Z" changeset="162934157" uid="11196308" user="vietnam321" />
  <node id="5709913459" lat="21.0002385" lon="105.8637051" version="2" timestamp="2023-11-02T10:54:22Z" changeset="143523513" uid="18820325" user="Grab_Cong" />
  <node id="5709913460" lat="21.0002157" lon="105.8639380" version="2" timestamp="2023-11-02T10:54:22Z" changeset="143523513" uid="18820325" user="Grab_Cong" />
  <node id="5709913461" lat="21.0002011" lon="105.8644478" version="2" timestamp="2023-11-02T10:54:22Z" changeset="143523513" uid="18820325" user="Grab_Cong" />
  <node id="5709913463" lat="20.9975804" lon="105.8654510" version="3" timestamp="2020-09-18T14:45:23Z" changeset="91118841" uid="11691953" user="ItsLouisAnderson" />
  <node id="5709934322" lat="20.9977044" lon="105.8654065" version="1" timestamp="2018-06-22T01:45:04Z" changeset="60060028" uid="7868172" user="poornima1" />
  <node id="5709934324" lat="21.0000349" lon="105.8624668" version="2" timestamp="2024-05-03T09:43:21Z" changeset="150827793" uid="3323343" user="phoenixsaigon1698" />
  <node id="5709934325" lat="21.0000722" lon="105.8630508" version="1" timestamp="2018-06-22T01:45:04Z" changeset="60060028" uid="7868172" user="poornima1" />
  <node id="5709990978" lat="20.9955744" lon="105.8646377" version="2" timestamp="2024-11-07T15:22:54Z" changeset="158860536" uid="3323343" user="phoenixsaigon1698" />
  <node id="5709990982" lat="20.9961725" lon="105.8652612" version="2" timestamp="2024-06-22T08:03:25Z" changeset="153019263" uid="11196308" user="vietnam321" />
  <node id="5709990983" lat="20.9929710" lon="105.8637334" version="2" timestamp="2024-05-21T06:02:32Z" changeset="151610300" uid="3323343" user="phoenixsaigon1698" />
  <node id="5709990984" lat="20.9941926" lon="105.8636756" version="4" timestamp="2026-04-25T18:41:38Z" changeset="181819167" uid="23326231" user="Vmosnokia31" />
  <node id="5709990985" lat="20.9941855" lon="105.8632594" version="3" timestamp="2024-08-07T07:48:26Z" changeset="154922172" uid="21213273" user="openmap-vn" />
  <node id="5709990986" lat="20.9943480" lon="105.8632521" version="4" timestamp="2026-04-25T18:41:38Z" changeset="181819167" uid="23326231" user="Vmosnokia31" />
  <node id="5709990987" lat="20.9943691" lon="105.8636728" version="4" timestamp="2026-04-25T18:41:38Z" changeset="181819167" uid="23326231" user="Vmosnokia31" />
  <node id="5709990988" lat="20.9939325" lon="105.8636781" version="2" timestamp="2024-05-21T06:02:32Z" changeset="151610300" uid="3323343" user="phoenixsaigon1698" />
  <node id="5709990991" lat="20.9952793" lon="105.8663351" version="2" timestamp="2023-09-05T15:27:41Z" changeset="140856282" uid="11691953" user="ItsLouisAnderson" />
  <node id="5709990992" lat="20.9963286" lon="105.8663361" version="3" timestamp="2023-09-05T15:27:41Z" changeset="140856282" uid="11691953" user="ItsLouisAnderson" />
  <node id="5709990993" lat="20.9934939" lon="105.8659847" version="2" timestamp="2022-12-24T16:43:32Z" changeset="130462015" uid="11691953" user="ItsLouisAnderson" />
  <node id="5709990995" lat="20.9947228" lon="105.8646218" version="3" timestamp="2024-11-07T15:22:54Z" changeset="158860536" uid="3323343" user="phoenixsaigon1698" />
  <node id="5709990996" lat="20.9959158" lon="105.8652663" version="3" timestamp="2024-06-22T08:03:25Z" changeset="153019263" uid="11196308" user="vietnam321" />
  <node id="5709990998" lat="20.9949696" lon="105.8652314" version="5" timestamp="2026-04-25T18:41:38Z" changeset="181819167" uid="23326231" user="Vmosnokia31" />
  <node id="5709990999" lat="20.9968553" lon="105.8651522" version="2" timestamp="2024-05-21T06:02:32Z" changeset="151610300" uid="3323343" user="phoenixsaigon1698" />
  <node id="5710043976" lat="20.9929767" lon="105.8642591" version="2" timestamp="2026-04-25T18:41:38Z" changeset="181819167" uid="23326231" user="Vmosnokia31" />
  <node id="5710043977" lat="20.9929406" lon="105.8636451" version="2" timestamp="2026-07-18T10:16:30Z" changeset="185949488" uid="23326231" user="Vmosnokia31" />
  <node id="5710043978" lat="20.9931309" lon="105.8636435" version="4" timestamp="2026-07-18T10:16:30Z" changeset="185949488" uid="23326231" user="Vmosnokia31" />
  <node id="5710043981" lat="20.9955573" lon="105.8652717" version="1" timestamp="2018-06-22T03:22:02Z" changeset="60061042" uid="7868172" user="poornima1" />
  <node id="5710043982" lat="20.9964504" lon="105.8648415" version="3" timestamp="2026-04-25T18:41:38Z" changeset="181819167" uid="23326231" user="Vmosnokia31" />
  <node id="5710043983" lat="20.9965252" lon="105.8651926" version="3" timestamp="2026-04-25T18:41:38Z" changeset="181819167" uid="23326231" user="Vmosnokia31" />
  <node id="5710080966" lat="20.9963512" lon="105.8673739" version="4" timestamp="2024-09-06T08:03:39Z" changeset="156261242" uid="3323343" user="phoenixsaigon1698" />
  <node id="5710080967" lat="20.9963554" lon="105.8675580" version="4" timestamp="2024-09-06T08:03:39Z" changeset="156261242" uid="3323343" user="phoenixsaigon1698" />
  <node id="5710080990" lat="20.9958904" lon="105.8710444" version="4" timestamp="2024-05-03T09:43:21Z" changeset="150827793" uid="3323343" user="phoenixsaigon1698" />
  <node id="5710080991" lat="20.9958736" lon="105.8706128" version="4" timestamp="2026-05-10T08:56:38Z" changeset="182455948" uid="23326231" user="Vmosnokia31" />
  <node id="5710080992" lat="20.9932230" lon="105.8701228" version="4" timestamp="2024-08-08T15:09:08Z" changeset="154983582" uid="21597372" user="Evgeny Arbatov" />
  <node id="5710080994" lat="20.9931030" lon="105.8696143" version="2" timestamp="2019-08-05T16:03:33Z" changeset="73031547" uid="7674729" user="UncoolGuyJake" />
  <node id="5710080995" lat="20.9930914" lon="105.8681487" version="3" timestamp="2019-08-05T16:03:33Z" changeset="73031547" uid="7674729" user="UncoolGuyJake" />
  <node id="5710080996" lat="20.9932335" lon="105.8682758" version="1" timestamp="2018-06-22T03:51:18Z" changeset="60061444" uid="7868172" user="poornima1" />
  <node id="5710080997" lat="20.9933443" lon="105.8690782" version="5" timestamp="2022-12-24T16:43:32Z" changeset="130462015" uid="11691953" user="ItsLouisAnderson">
    <tag k="crossing" v="uncontrolled" />
    <tag k="highway" v="crossing" />
  </node>
  <node id="5710080998" lat="20.9954325" lon="105.8673463" version="4" timestamp="2023-09-05T15:27:41Z" changeset="140856282" uid="11691953" user="ItsLouisAnderson" />
  <node id="5710080999" lat="20.9952768" lon="105.8666986" version="1" timestamp="2018-06-22T03:51:18Z" changeset="60061444" uid="7868172" user="poornima1" />
  <node id="5710081001" lat="20.9967144" lon="105.8663433" version="2" timestamp="2023-09-05T15:27:41Z" changeset="140856282" uid="11691953" user="ItsLouisAnderson" />
  <node id="5710114701" lat="20.9959061" lon="105.8744824" version="3" timestamp="2026-05-14T14:12:52Z" changeset="182651704" uid="23326231" user="Vmosnokia31" />
  <node id="5710114702" lat="20.9959059" lon="105.8744414" version="3" timestamp="2026-05-14T14:12:52Z" changeset="182651704" uid="23326231" user="Vmosnokia31" />
  <node id="5710114703" lat="20.9959070" lon="105.8746876" version="3" timestamp="2026-05-14T14:12:52Z" changeset="182651704" uid="23326231" user="Vmosnokia31" />
  <node id="5710114704" lat="20.9957706" lon="105.8744807" version="1" timestamp="2018-06-22T04:24:19Z" changeset="60061801" uid="7868172" user="poornima1" />
  <node id="5710114705" lat="20.9961686" lon="105.8722102" version="2" timestamp="2024-05-03T09:43:21Z" changeset="150827793" uid="3323343" user="phoenixsaigon1698" />
  <node id="5710114706" lat="20.9961533" lon="105.8718243" version="1" timestamp="2018-06-22T04:24:19Z" changeset="60061801" uid="7868172" user="poornima1" />
  <node id="5710114708" lat="20.9950268" lon="105.8712211" version="1" timestamp="2018-06-22T04:24:19Z" changeset="60061801" uid="7868172" user="poornima1" />
  <node id="5710114709" lat="20.9944705" lon="105.8715372" version="2" timestamp="2026-05-10T08:56:38Z" changeset="182455948" uid="23326231" user="Vmosnokia31" />
  <node id="5710114710" lat="20.9949112" lon="105.8709526" version="1" timestamp="2018-06-22T04:24:19Z" changeset="60061801" uid="7868172" user="poornima1" />
  <node id="5710114711" lat="20.9951403" lon="105.8715192" version="2" timestamp="2026-05-10T08:56:38Z" changeset="182455948" uid="23326231" user="Vmosnokia31" />
  <node id="5710114712" lat="20.9952917" lon="105.8714488" version="3" timestamp="2026-05-10T08:56:38Z" changeset="182455948" uid="23326231" user="Vmosnokia31" />
  <node id="5710114713" lat="20.9963578" lon="105.8721411" version="3" timestamp="2026-05-10T08:56:38Z" changeset="182455948" uid="23326231" user="Vmosnokia31" />
  <node id="5710114714" lat="20.9964198" lon="105.8725472" version="2" timestamp="2026-05-10T08:56:38Z" changeset="182455948" uid="23326231" user="Vmosnokia31" />
  <node id="5710114715" lat="20.9962166" lon="105.8725772" version="2" timestamp="2024-05-03T09:43:21Z" changeset="150827793" uid="3323343" user="phoenixsaigon1698" />
  <node id="5710114718" lat="20.9958127" lon="105.8752200" version="1" timestamp="2018-06-22T04:24:19Z" changeset="60061801" uid="7868172" user="poornima1" />
  <node id="5710139844" lat="20.9953357" lon="105.8743308" version="1" timestamp="2018-06-22T04:43:50Z" changeset="60062054" uid="7868172" user="poornima1" />
  <node id="5710139845" lat="20.9957794" lon="105.8746726" version="2" timestamp="2019-08-07T14:51:27Z" changeset="73116331" uid="8759140" user="_Poliwrath_" />
  <node id="5710139846" lat="20.9955429" lon="105.8746816" version="2" timestamp="2019-08-07T14:51:27Z" changeset="73116331" uid="8759140" user="_Poliwrath_" />
  <node id="5710139847" lat="20.9955335" lon="105.8743241" version="1" timestamp="2018-06-22T04:43:50Z" changeset="60062054" uid="7868172" user="poornima1" />
  <node id="5710139848" lat="20.9957608" lon="105.8743192" version="2" timestamp="2019-08-07T14:51:27Z" changeset="73116331" uid="8759140" user="_Poliwrath_" />
  <node id="5710139854" lat="20.9939517" lon="105.8741449" version="4" timestamp="2026-05-10T13:56:29Z" changeset="182468062" uid="23326231" user="Vmosnokia31" />
  <node id="5710139856" lat="20.9932378" lon="105.8738403" version="6" timestamp="2026-06-08T14:29:01Z" changeset="183831919" uid="23326231" user="Vmosnokia31" />
  <node id="5710139857" lat="20.9933056" lon="105.8734138" version="3" timestamp="2026-05-10T13:41:36Z" changeset="182467433" uid="23326231" user="Vmosnokia31" />
  <node id="5710139858" lat="20.9933106" lon="105.8730289" version="4" timestamp="2026-06-08T14:29:01Z" changeset="183831919" uid="23326231" user="Vmosnokia31" />
  <node id="5710139859" lat="20.9949663" lon="105.8710814" version="1" timestamp="2018-06-22T04:43:51Z" changeset="60062054" uid="7868172" user="poornima1" />
  <node id="5710149355" lat="20.9950736" lon="105.8713383" version="1" timestamp="2018-06-22T04:48:55Z" changeset="60062144" uid="7868172" user="poornima1" />
  <node id="5710149357" lat="20.9945978" lon="105.8743297" version="3" timestamp="2026-05-11T15:04:32Z" changeset="182516060" uid="23326231" user="Vmosnokia31" />
  <node id="5710149358" lat="20.9949916" lon="105.8743442" version="2" timestamp="2024-10-28T07:02:01Z" changeset="158441771" uid="3323343" user="phoenixsaigon1698" />
  <node id="5710149359" lat="20.9951104" lon="105.8740541" version="4" timestamp="2026-05-11T15:04:32Z" changeset="182516060" uid="23326231" user="Vmosnokia31" />
  <node id="5710231852" lat="20.9937232" lon="105.8774053" version="2" timestamp="2026-05-11T15:24:14Z" changeset="182516892" uid="23326231" user="Vmosnokia31" />
  <node id="5710231881" lat="20.9936525" lon="105.8756477" version="2" timestamp="2026-05-11T15:24:14Z" changeset="182516892" uid="23326231" user="Vmosnokia31" />
  <node id="5710231882" lat="20.9937400" lon="105.8771522" version="2" timestamp="2026-05-11T15:24:14Z" changeset="182516892" uid="23326231" user="Vmosnokia31" />
  <node id="5710231892" lat="20.9937733" lon="105.8782194" version="3" timestamp="2026-05-11T15:24:14Z" changeset="182516892" uid="23326231" user="Vmosnokia31" />
  <node id="5718937272" lat="20.9922304" lon="105.8656609" version="5" timestamp="2025-08-10T08:46:45Z" changeset="170233103" uid="20910140" user="Hung Tran 9x0" />
  <node id="5721861412" lat="21.0004529" lon="105.8660074" version="3" timestamp="2026-02-08T05:15:47Z" changeset="178252551" uid="11141338" user="FanaticAir75626" />
  <node id="5721861414" lat="21.0006746" lon="105.8660055" version="4" timestamp="2026-02-08T05:15:47Z" changeset="178252551" uid="11141338" user="FanaticAir75626" />
  <node id="5721861415" lat="21.0002278" lon="105.8664894" version="5" timestamp="2026-02-08T05:15:47Z" changeset="178252551" uid="11141338" user="FanaticAir75626" />
  <node id="5721861416" lat="21.0008671" lon="105.8660039" version="4" timestamp="2026-02-08T05:15:47Z" changeset="178252551" uid="11141338" user="FanaticAir75626" />
  <node id="5721861417" lat="21.0011589" lon="105.8623910" version="1" timestamp="2018-06-27T05:58:02Z" changeset="60201621" uid="7671560" user="udaykiran3" />
  <node id="5721861418" lat="21.0011490" lon="105.8630689" version="2" timestamp="2025-11-23T07:19:27Z" changeset="175014967" uid="20910140" user="Hung Tran 9x0" />
  <node id="5721861419" lat="21.0017429" lon="105.8622176" version="2" timestamp="2024-05-03T09:43:21Z" changeset="150827793" uid="3323343" user="phoenixsaigon1698" />
  <node id="5721861420" lat="21.0017549" lon="105.8630642" version="1" timestamp="2018-06-27T05:58:02Z" changeset="60201621" uid="7671560" user="udaykiran3" />
  <node id="5721862022" lat="21.0018851" lon="105.8642578" version="1" timestamp="2018-06-27T05:58:02Z" changeset="60201621" uid="7671560" user="udaykiran3" />
  <node id="5721862023" lat="21.0012666" lon="105.8643571" version="1" timestamp="2018-06-27T05:58:02Z" changeset="60201621" uid="7671560" user="udaykiran3" />
  <node id="5721862024" lat="21.0018569" lon="105.8649267" version="2" timestamp="2020-11-16T08:02:44Z" changeset="94186948" uid="11691953" user="ItsLouisAnderson" />
  <node id="5721862025" lat="21.0025602" lon="105.8649259" version="2" timestamp="2020-11-16T08:02:44Z" changeset="94186948" uid="11691953" user="ItsLouisAnderson" />
  <node id="5721862026" lat="21.0025612" lon="105.8651698" version="1" timestamp="2018-06-27T05:58:02Z" changeset="60201621" uid="7671560" user="udaykiran3" />
  <node id="5739101752" lat="20.9936353" lon="105.8695617" version="4" timestamp="2026-05-04T10:20:51Z" changeset="182197444" uid="23326231" user="Vmosnokia31">
    <tag k="highway" v="turning_circle" />
  </node>
  <node id="5818229808" lat="20.9976138" lon="105.8679732" version="1" timestamp="2018-08-08T14:45:28Z" changeset="61471445" uid="2432815" user="EGinIN" />
  <node id="5818229809" lat="20.9970177" lon="105.8669664" version="1" timestamp="2018-08-08T14:45:28Z" changeset="61471445" uid="2432815" user="EGinIN" />
  <node id="5818229810" lat="20.9978560" lon="105.8679796" version="1" timestamp="2018-08-08T14:45:28Z" changeset="61471445" uid="2432815" user="EGinIN" />
  <node id="5818229811" lat="20.9970904" lon="105.8673380" version="1" timestamp="2018-08-08T14:45:28Z" changeset="61471445" uid="2432815" user="EGinIN" />
  <node id="5818229813" lat="20.9975541" lon="105.8670546" version="1" timestamp="2018-08-08T14:45:28Z" changeset="61471445" uid="2432815" user="EGinIN" />
  <node id="5818229816" lat="20.9974740" lon="105.8673409" version="1" timestamp="2018-08-08T14:45:28Z" changeset="61471445" uid="2432815" user="EGinIN" />
  <node id="5818229819" lat="20.9975404" lon="105.8670159" version="1" timestamp="2018-08-08T14:45:28Z" changeset="61471445" uid="2432815" user="EGinIN" />
  <node id="5818229821" lat="20.9976024" lon="105.8684137" version="1" timestamp="2018-08-08T14:45:28Z" changeset="61471445" uid="2432815" user="EGinIN" />
  <node id="5818229822" lat="20.9970170" lon="105.8672505" version="1" timestamp="2018-08-08T14:45:28Z" changeset="61471445" uid="2432815" user="EGinIN" />
  <node id="5818229823" lat="20.9975044" lon="105.8673316" version="1" timestamp="2018-08-08T14:45:28Z" changeset="61471445" uid="2432815" user="EGinIN" />
  <node id="5818229825" lat="20.9975298" lon="105.8669900" version="1" timestamp="2018-08-08T14:45:28Z" changeset="61471445" uid="2432815" user="EGinIN" />
  <node id="5818229827" lat="20.9977336" lon="105.8685041" version="1" timestamp="2018-08-08T14:45:28Z" changeset="61471445" uid="2432815" user="EGinIN" />
  <node id="5818229828" lat="20.9970224" lon="105.8672869" version="1" timestamp="2018-08-08T14:45:28Z" changeset="61471445" uid="2432815" user="EGinIN" />
  <node id="5818229830" lat="20.9975248" lon="105.8673090" version="1" timestamp="2018-08-08T14:45:28Z" changeset="61471445" uid="2432815" user="EGinIN" />
  <node id="5818229833" lat="20.9975001" lon="105.8669718" version="1" timestamp="2018-08-08T14:45:28Z" changeset="61471445" uid="2432815" user="EGinIN" />
  <node id="5818229835" lat="20.9980983" lon="105.8683285" version="1" timestamp="2018-08-08T14:45:28Z" changeset="61471445" uid="2432815" user="EGinIN" />
  <node id="5818229836" lat="20.9970364" lon="105.8673046" version="1" timestamp="2018-08-08T14:45:28Z" changeset="61471445" uid="2432815" user="EGinIN" />
  <node id="5818229838" lat="20.9975455" lon="105.8672830" version="1" timestamp="2018-08-08T14:45:28Z" changeset="61471445" uid="2432815" user="EGinIN" />
  <node id="5818229840" lat="20.9974697" lon="105.8669638" version="1" timestamp="2018-08-08T14:45:28Z" changeset="61471445" uid="2432815" user="EGinIN" />
  <node id="5818229841" lat="20.9980004" lon="105.8680843" version="1" timestamp="2018-08-08T14:45:28Z" changeset="61471445" uid="2432815" user="EGinIN" />
  <node id="5818229842" lat="20.9970572" lon="105.8673245" version="1" timestamp="2018-08-08T14:45:28Z" changeset="61471445" uid="2432815" user="EGinIN" />
  <node id="5818229844" lat="20.9975568" lon="105.8672609" version="1" timestamp="2018-08-08T14:45:28Z" changeset="61471445" uid="2432815" user="EGinIN" />
  <node id="5835644944" lat="20.9953076" lon="105.8634422" version="3" timestamp="2024-10-03T08:10:17Z" changeset="157407130" uid="21825758" user="GrabVN_HHanh" />
  <node id="5835644945" lat="20.9946346" lon="105.8635386" version="2" timestamp="2024-10-03T08:10:17Z" changeset="157407130" uid="21825758" user="GrabVN_HHanh" />
  <node id="5835644946" lat="20.9945924" lon="105.8635257" version="2" timestamp="2024-10-03T08:10:17Z" changeset="157407130" uid="21825758" user="GrabVN_HHanh" />
  <node id="5835644947" lat="20.9945709" lon="105.8634887" version="2" timestamp="2024-10-03T08:10:17Z" changeset="157407130" uid="21825758" user="GrabVN_HHanh" />
  <node id="5845485952" lat="21.0010920" lon="105.8699580" version="2" timestamp="2019-07-16T22:59:23Z" changeset="72325434" uid="9578548" user="Tamangfella" />
  <node id="5845485980" lat="21.0029831" lon="105.8644241" version="2" timestamp="2022-10-29T13:21:50Z" changeset="128211214" uid="11691953" user="ItsLouisAnderson" />
  <node id="5845486385" lat="20.9975854" lon="105.8710072" version="5" timestamp="2026-05-10T08:56:38Z" changeset="182455948" uid="23326231" user="Vmosnokia31">
    <tag k="crossing" v="uncontrolled" />
    <tag k="highway" v="crossing" />
  </node>
  <node id="5845486387" lat="20.9968181" lon="105.8705837" version="3" timestamp="2024-05-03T09:43:21Z" changeset="150827793" uid="3323343" user="phoenixsaigon1698">
    <tag k="crossing" v="uncontrolled" />
    <tag k="highway" v="crossing" />
  </node>
  <node id="5845486388" lat="20.9963869" lon="105.8705739" version="3" timestamp="2024-05-03T09:43:21Z" changeset="150827793" uid="3323343" user="phoenixsaigon1698" />
  <node id="5845486389" lat="20.9962563" lon="105.8706118" version="2" timestamp="2024-05-03T09:43:21Z" changeset="150827793" uid="3323343" user="phoenixsaigon1698" />
  <node id="5845486390" lat="20.9961567" lon="105.8707013" version="2" timestamp="2022-10-27T07:10:17Z" changeset="128113967" uid="17344224" user="Arkskyle" />
  <node id="5845486391" lat="20.9961509" lon="105.8708069" version="2" timestamp="2022-10-27T07:10:17Z" changeset="128113967" uid="17344224" user="Arkskyle" />
  <node id="5845486393" lat="20.9962492" lon="105.8710004" version="4" timestamp="2024-05-03T09:43:21Z" changeset="150827793" uid="3323343" user="phoenixsaigon1698" />
  <node id="5845486394" lat="20.9968385" lon="105.8703357" version="3" timestamp="2026-05-04T10:20:51Z" changeset="182197444" uid="23326231" user="Vmosnokia31" />
  <node id="5845486395" lat="20.9968720" lon="105.8705186" version="3" timestamp="2024-05-03T09:43:21Z" changeset="150827793" uid="3323343" user="phoenixsaigon1698">
    <tag k="crossing" v="uncontrolled" />
    <tag k="highway" v="crossing" />
  </node>
  <node id="5845486396" lat="20.9969208" lon="105.8706870" version="2" timestamp="2019-08-05T16:14:10Z" changeset="73031922" uid="7674729" user="UncoolGuyJake">
    <tag k="crossing" v="uncontrolled" />
    <tag k="highway" v="crossing" />
  </node>
  <node id="5845486443" lat="20.9979523" lon="105.8649047" version="3" timestamp="2025-02-25T14:14:19Z" changeset="162934157" uid="11196308" user="vietnam321" />
  <node id="5845486472" lat="20.9995284" lon="105.8712724" version="5" timestamp="2025-01-30T13:26:09Z" changeset="161937505" uid="11691953" user="ItsLouisAnderson" />
  <node id="5845486474" lat="20.9995248" lon="105.8710486" version="5" timestamp="2025-01-30T13:26:09Z" changeset="161937505" uid="11691953" user="ItsLouisAnderson" />
  <node id="5845486476" lat="20.9997691" lon="105.8710114" version="5" timestamp="2025-01-30T13:26:09Z" changeset="161937505" uid="11691953" user="ItsLouisAnderson" />
  <node id="5845486477" lat="20.9997993" lon="105.8712689" version="7" timestamp="2025-01-30T13:26:09Z" changeset="161937505" uid="11691953" user="ItsLouisAnderson">
    <tag k="barrier" v="block" />
  </node>
  <node id="5845486479" lat="20.9996128" lon="105.8709814" version="5" timestamp="2025-01-30T13:26:09Z" changeset="161937505" uid="11691953" user="ItsLouisAnderson" />
  <node id="5973650122" lat="20.9956869" lon="105.8711423" version="3" timestamp="2026-05-10T08:56:38Z" changeset="182455948" uid="23326231" user="Vmosnokia31" />
  <node id="5973650128" lat="20.9954276" lon="105.8709942" version="3" timestamp="2024-07-21T03:20:56Z" changeset="154201984" uid="20910140" user="Hung Tran 9x0" />
  <node id="5973650134" lat="20.9956622" lon="105.8710002" version="3" timestamp="2024-07-21T03:20:56Z" changeset="154201984" uid="20910140" user="Hung Tran 9x0" />
  <node id="5973650140" lat="20.9956736" lon="105.8704932" version="3" timestamp="2024-07-21T03:20:56Z" changeset="154201984" uid="20910140" user="Hung Tran 9x0" />
  <node id="5973650156" lat="20.9954390" lon="105.8704871" version="3" timestamp="2024-07-21T03:20:56Z" changeset="154201984" uid="20910140" user="Hung Tran 9x0" />
  <node id="6408776565" lat="20.9930528" lon="105.8628552" version="4" timestamp="2026-02-04T17:16:33Z" changeset="178104290" uid="23326231" user="Vmosnokia31" />
  <node id="6408776566" lat="20.9930273" lon="105.8631088" version="2" timestamp="2026-01-30T05:20:30Z" changeset="177874163" uid="23326231" user="Vmosnokia31" />
  <node id="6600046315" lat="21.0020126" lon="105.8735927" version="4" timestamp="2026-06-29T10:32:49Z" changeset="184787634" uid="23326231" user="Vmosnokia31">
    <tag k="crossing" v="unmarked" />
    <tag k="crossing:markings" v="no" />
    <tag k="highway" v="crossing" />
  </node>
  <node id="6600046316" lat="21.0020346" lon="105.8735066" version="4" timestamp="2026-06-29T10:32:49Z" changeset="184787634" uid="23326231" user="Vmosnokia31">
    <tag k="crossing" v="unmarked" />
    <tag k="crossing:markings" v="no" />
    <tag k="highway" v="crossing" />
  </node>
  <node id="6600046317" lat="21.0021226" lon="105.8739892" version="2" timestamp="2026-06-29T10:32:49Z" changeset="184787634" uid="23326231" user="Vmosnokia31" />
  <node id="6600046318" lat="21.0020599" lon="105.8736495" version="2" timestamp="2026-06-29T10:32:49Z" changeset="184787634" uid="23326231" user="Vmosnokia31" />
  <node id="6600046319" lat="21.0021531" lon="105.8737898" version="2" timestamp="2026-06-29T10:32:49Z" changeset="184787634" uid="23326231" user="Vmosnokia31" />
  <node id="6600121756" lat="21.0024455" lon="105.8728815" version="2" timestamp="2023-08-11T09:30:54Z" changeset="139741875" uid="18820325" user="Grab_Cong" />
  <node id="6600121757" lat="21.0026449" lon="105.8729816" version="4" timestamp="2026-06-29T10:32:49Z" changeset="184787634" uid="23326231" user="Vmosnokia31" />
  <node id="6629899064" lat="21.0029994" lon="105.8618627" version="2" timestamp="2022-10-29T13:21:50Z" changeset="128211214" uid="11691953" user="ItsLouisAnderson">
    <tag k="crossing" v="traffic_signals" />
    <tag k="highway" v="traffic_signals" />
    <tag k="traffic_signals" v="traffic_lights" />
    <tag k="traffic_signals:direction" v="forward" />
  </node>
  <node id="6666765487" lat="21.0029949" lon="105.8625781" version="2" timestamp="2022-10-29T13:21:50Z" changeset="128211214" uid="11691953" user="ItsLouisAnderson" />
  <node id="6667971393" lat="21.0028917" lon="105.8657247" version="4" timestamp="2026-05-23T05:17:22Z" changeset="183050569" uid="20910140" user="Hung Tran 9x0">
    <tag k="barrier" v="gate" />
  </node>
  <node id="6668068893" lat="21.0014917" lon="105.8672983" version="3" timestamp="2024-06-30T01:40:38Z" changeset="153352705" uid="3323343" user="phoenixsaigon1698" />
  <node id="6668068895" lat="21.0012660" lon="105.8671130" version="1" timestamp="2019-07-31T20:30:00Z" changeset="72872200" uid="10028130" user="Solra" />
  <node id="6668068896" lat="21.0011123" lon="105.8671131" version="2" timestamp="2019-08-06T23:03:36Z" changeset="73087070" uid="9965337" user="ReedtheRiver" />
  <node id="6670724494" lat="20.9958608" lon="105.8744819" version="2" timestamp="2026-05-14T14:12:52Z" changeset="182651704" uid="23326231" user="Vmosnokia31" />
  <node id="6670724495" lat="20.9929945" lon="105.8737793" version="3" timestamp="2026-06-08T04:32:24Z" changeset="183807915" uid="23326231" user="Vmosnokia31">
    <tag k="crossing" v="uncontrolled" />
    <tag k="highway" v="crossing" />
  </node>
  <node id="6678035899" lat="21.0008685" lon="105.8727604" version="1" timestamp="2019-08-02T23:31:33Z" changeset="72959047" uid="8600365" user="spuddy93" />
  <node id="6678035900" lat="21.0009962" lon="105.8726142" version="1" timestamp="2019-08-02T23:31:33Z" changeset="72959047" uid="8600365" user="spuddy93" />
  <node id="6678035901" lat="21.0010479" lon="105.8726034" version="2" timestamp="2022-10-30T06:54:17Z" changeset="128234263" uid="11691953" user="ItsLouisAnderson" />
  <node id="6678035902" lat="21.0007679" lon="105.8726380" version="2" timestamp="2026-06-12T02:54:21Z" changeset="183996188" uid="18625884" user="xmap-vn" />
  <node id="6678035903" lat="21.0008834" lon="105.8725018" version="2" timestamp="2026-06-12T02:54:21Z" changeset="183996188" uid="18625884" user="xmap-vn" />
  <node id="6678035904" lat="21.0008711" lon="105.8724148" version="3" timestamp="2026-06-12T02:54:21Z" changeset="183996188" uid="18625884" user="xmap-vn" />
  <node id="6678035905" lat="21.0006768" lon="105.8726497" version="3" timestamp="2026-06-12T02:54:21Z" changeset="183996188" uid="18625884" user="xmap-vn" />
  <node id="6678035906" lat="21.0004640" lon="105.8724139" version="2" timestamp="2022-10-30T06:54:17Z" changeset="128234263" uid="11691953" user="ItsLouisAnderson">
    <tag k="traffic_calming" v="rumble_strip" />
  </node>
  <node id="6678035907" lat="21.0000976" lon="105.8721276" version="4" timestamp="2026-06-08T04:32:24Z" changeset="183807915" uid="23326231" user="Vmosnokia31">
    <tag k="crossing" v="uncontrolled" />
    <tag k="crossing:markings" v="yes" />
    <tag k="highway" v="crossing" />
  </node>
  <node id="6678035908" lat="20.9998186" lon="105.8716540" version="4" timestamp="2022-10-30T06:54:17Z" changeset="128234263" uid="11691953" user="ItsLouisAnderson">
    <tag k="crossing" v="uncontrolled" />
    <tag k="highway" v="crossing" />
  </node>
  <node id="6678070315" lat="21.0009248" lon="105.8726799" version="1" timestamp="2019-08-02T23:53:24Z" changeset="72959267" uid="8600365" user="spuddy93" />
  <node id="6678070316" lat="21.0008392" lon="105.8725698" version="2" timestamp="2026-06-12T02:54:21Z" changeset="183996188" uid="18625884" user="xmap-vn" />
  <node id="6678070317" lat="21.0014301" lon="105.8730015" version="2" timestamp="2022-10-30T06:54:17Z" changeset="128234263" uid="11691953" user="ItsLouisAnderson">
    <tag k="crossing" v="uncontrolled" />
    <tag k="highway" v="crossing" />
  </node>
  <node id="6678070320" lat="21.0015560" lon="105.8731311" version="2" timestamp="2022-10-30T06:54:17Z" changeset="128234263" uid="11691953" user="ItsLouisAnderson" />
  <node id="6678070321" lat="21.0018281" lon="105.8738330" version="3" timestamp="2026-06-29T10:32:49Z" changeset="184787634" uid="23326231" user="Vmosnokia31">
    <tag k="crossing" v="unmarked" />
    <tag k="crossing:markings" v="no" />
    <tag k="highway" v="crossing" />
  </node>
  <node id="6678070322" lat="21.0010948" lon="105.8726492" version="2" timestamp="2022-10-30T06:54:17Z" changeset="128234263" uid="11691953" user="ItsLouisAnderson">
    <tag k="traffic_calming" v="rumble_strip" />
  </node>
  <node id="6678070323" lat="21.0012311" lon="105.8727926" version="2" timestamp="2022-10-30T06:54:17Z" changeset="128234263" uid="11691953" user="ItsLouisAnderson">
    <tag k="traffic_calming" v="rumble_strip" />
  </node>
  <node id="6678070325" lat="21.0020526" lon="105.8740006" version="4" timestamp="2026-06-29T10:32:49Z" changeset="184787634" uid="23326231" user="Vmosnokia31" />
  <node id="6678070326" lat="21.0021048" lon="105.8741304" version="2" timestamp="2026-06-29T10:32:49Z" changeset="184787634" uid="23326231" user="Vmosnokia31" />
  <node id="6684441108" lat="21.0000384" lon="105.8714375" version="2" timestamp="2022-10-30T06:54:17Z" changeset="128234263" uid="11691953" user="ItsLouisAnderson">
    <tag k="crossing" v="uncontrolled" />
    <tag k="highway" v="crossing" />
  </node>
  <node id="6684638479" lat="21.0013006" lon="105.8704010" version="4" timestamp="2025-09-28T15:33:19Z" changeset="172572434" uid="22065819" user="Hung159" />
  <node id="6684638481" lat="21.0001990" lon="105.8708428" version="3" timestamp="2022-10-29T13:21:50Z" changeset="128211214" uid="11691953" user="ItsLouisAnderson" />
  <node id="6684638482" lat="21.0002132" lon="105.8709019" version="3" timestamp="2022-10-29T13:21:50Z" changeset="128211214" uid="11691953" user="ItsLouisAnderson" />
  <node id="6684638484" lat="21.0002565" lon="105.8708479" version="4" timestamp="2022-10-29T13:21:50Z" changeset="128211214" uid="11691953" user="ItsLouisAnderson" />
  <node id="6684646085" lat="21.0008776" lon="105.8706039" version="3" timestamp="2022-10-29T13:21:50Z" changeset="128211214" uid="11691953" user="ItsLouisAnderson">
    <tag k="crossing" v="zebra" />
    <tag k="highway" v="crossing" />
  </node>
  <node id="6684703784" lat="21.0030314" lon="105.8696348" version="3" timestamp="2022-10-29T13:21:50Z" changeset="128211214" uid="11691953" user="ItsLouisAnderson">
    <tag k="crossing" v="traffic_signals" />
    <tag k="highway" v="traffic_signals" />
    <tag k="traffic_signals" v="traffic_lights" />
    <tag k="traffic_signals:direction" v="backward" />
  </node>
  <node id="6684705587" lat="21.0029058" lon="105.8697779" version="5" timestamp="2022-10-30T06:54:17Z" changeset="128234263" uid="11691953" user="ItsLouisAnderson">
    <tag k="crossing" v="traffic_signals" />
    <tag k="highway" v="crossing" />
  </node>
  <node id="6684705589" lat="21.0029308" lon="105.8698536" version="6" timestamp="2025-09-28T15:33:19Z" changeset="172572434" uid="22065819" user="Hung159">
    <tag k="crossing" v="traffic_signals" />
    <tag k="highway" v="traffic_signals" />
    <tag k="traffic_signals" v="traffic_lights" />
    <tag k="traffic_signals:direction" v="forward" />
  </node>
  <node id="6684756985" lat="21.0026213" lon="105.8694650" version="2" timestamp="2024-06-30T14:45:22Z" changeset="153372687" uid="3323343" user="phoenixsaigon1698" />
  <node id="6684756986" lat="21.0027252" lon="105.8698499" version="3" timestamp="2024-06-30T14:45:22Z" changeset="153372687" uid="3323343" user="phoenixsaigon1698" />
  <node id="6684756987" lat="21.0003176" lon="105.8705858" version="1" timestamp="2019-08-05T14:49:49Z" changeset="73028588" uid="9965337" user="ReedtheRiver" />
  <node id="6684756988" lat="21.0003787" lon="105.8707967" version="3" timestamp="2022-10-29T13:21:50Z" changeset="128211214" uid="11691953" user="ItsLouisAnderson" />
  <node id="6684828758" lat="20.9931782" lon="105.8677127" version="2" timestamp="2023-07-14T14:13:04Z" changeset="138510042" uid="11691953" user="ItsLouisAnderson" />
  <node id="6684828759" lat="20.9932305" lon="105.8676293" version="2" timestamp="2023-07-14T14:13:04Z" changeset="138510042" uid="11691953" user="ItsLouisAnderson" />
  <node id="6684828760" lat="20.9929417" lon="105.8675240" version="2" timestamp="2023-07-14T14:13:04Z" changeset="138510042" uid="11691953" user="ItsLouisAnderson" />
  <node id="6684828761" lat="20.9929447" lon="105.8676517" version="2" timestamp="2023-07-14T14:13:04Z" changeset="138510042" uid="11691953" user="ItsLouisAnderson" />
  <node id="6684828762" lat="20.9930309" lon="105.8677375" version="2" timestamp="2023-07-14T14:13:04Z" changeset="138510042" uid="11691953" user="ItsLouisAnderson" />
  <node id="6684828763" lat="20.9932238" lon="105.8675188" version="2" timestamp="2023-07-14T14:13:04Z" changeset="138510042" uid="11691953" user="ItsLouisAnderson" />
  <node id="6684828764" lat="20.9931438" lon="105.8674336" version="2" timestamp="2023-07-14T14:13:04Z" changeset="138510042" uid="11691953" user="ItsLouisAnderson" />
  <node id="6684871868" lat="20.9930959" lon="105.8688103" version="2" timestamp="2019-08-05T16:03:33Z" changeset="73031547" uid="7674729" user="UncoolGuyJake" />
  <node id="6684871869" lat="20.9932324" lon="105.8687317" version="1" timestamp="2019-08-05T15:56:53Z" changeset="73031306" uid="7674729" user="UncoolGuyJake">
    <tag k="crossing" v="uncontrolled" />
    <tag k="highway" v="crossing" />
  </node>
  <node id="6684871870" lat="20.9930954" lon="105.8687331" version="2" timestamp="2019-08-05T16:03:33Z" changeset="73031547" uid="7674729" user="UncoolGuyJake">
    <tag k="crossing" v="uncontrolled" />
    <tag k="highway" v="crossing" />
  </node>
  <node id="6684871873" lat="20.9930892" lon="105.8679285" version="3" timestamp="2024-11-09T15:21:34Z" changeset="158938559" uid="11691953" user="ItsLouisAnderson">
    <tag k="crossing" v="uncontrolled" />
    <tag k="highway" v="crossing" />
  </node>
  <node id="6684871875" lat="20.9930849" lon="105.8673034" version="2" timestamp="2024-11-09T15:21:34Z" changeset="158938559" uid="11691953" user="ItsLouisAnderson">
    <tag k="crossing" v="uncontrolled" />
    <tag k="highway" v="crossing" />
  </node>
  <node id="6684880032" lat="20.9996053" lon="105.8707376" version="2" timestamp="2025-01-30T13:26:09Z" changeset="161937505" uid="11691953" user="ItsLouisAnderson">
    <tag k="crossing" v="uncontrolled" />
    <tag k="highway" v="crossing" />
  </node>
  <node id="6684880033" lat="20.9998727" lon="105.8708996" version="3" timestamp="2025-01-30T13:26:09Z" changeset="161937505" uid="11691953" user="ItsLouisAnderson" />
  <node id="6684880035" lat="20.9997931" lon="105.8708676" version="3" timestamp="2025-01-30T13:26:09Z" changeset="161937505" uid="11691953" user="ItsLouisAnderson" />
  <node id="6684896593" lat="20.9931002" lon="105.8694313" version="2" timestamp="2026-04-27T13:35:28Z" changeset="181891442" uid="23326231" user="Vmosnokia31">
    <tag k="crossing" v="uncontrolled" />
    <tag k="highway" v="crossing" />
  </node>
  <node id="6684896594" lat="20.9931000" lon="105.8693995" version="1" timestamp="2019-08-05T16:03:33Z" changeset="73031547" uid="7674729" user="UncoolGuyJake" />
  <node id="6684896595" lat="20.9930061" lon="105.8693661" version="1" timestamp="2019-08-05T16:03:33Z" changeset="73031547" uid="7674729" user="UncoolGuyJake" />
  <node id="6684896596" lat="20.9929251" lon="105.8692958" version="1" timestamp="2019-08-05T16:03:33Z" changeset="73031547" uid="7674729" user="UncoolGuyJake" />
  <node id="6684896597" lat="20.9928740" lon="105.8691984" version="1" timestamp="2019-08-05T16:03:33Z" changeset="73031547" uid="7674729" user="UncoolGuyJake" />
  <node id="6684896598" lat="20.9928815" lon="105.8689889" version="1" timestamp="2019-08-05T16:03:33Z" changeset="73031547" uid="7674729" user="UncoolGuyJake" />
  <node id="6684896599" lat="20.9929326" lon="105.8689037" version="1" timestamp="2019-08-05T16:03:33Z" changeset="73031547" uid="7674729" user="UncoolGuyJake" />
  <node id="6684896600" lat="20.9930074" lon="105.8688417" version="1" timestamp="2019-08-05T16:03:33Z" changeset="73031547" uid="7674729" user="UncoolGuyJake" />
  <node id="6684896601" lat="20.9928622" lon="105.8690651" version="2" timestamp="2026-04-27T13:35:28Z" changeset="181891442" uid="23326231" user="Vmosnokia31" />
  <node id="6684913287" lat="20.9970009" lon="105.8709352" version="1" timestamp="2019-08-05T16:14:10Z" changeset="73031922" uid="7674729" user="UncoolGuyJake">
    <tag k="crossing" v="uncontrolled" />
    <tag k="highway" v="crossing" />
  </node>
  <node id="6684913288" lat="20.9959007" lon="105.8701078" version="3" timestamp="2026-04-27T13:35:28Z" changeset="181891442" uid="23326231" user="Vmosnokia31">
    <tag k="crossing" v="uncontrolled" />
    <tag k="highway" v="crossing" />
  </node>
  <node id="6684913289" lat="20.9964814" lon="105.8701110" version="3" timestamp="2026-04-27T13:35:28Z" changeset="181891442" uid="23326231" user="Vmosnokia31">
    <tag k="crossing" v="uncontrolled" />
    <tag k="highway" v="crossing" />
  </node>
  <node id="6684913290" lat="20.9940256" lon="105.8701127" version="3" timestamp="2026-04-27T13:35:28Z" changeset="181891442" uid="23326231" user="Vmosnokia31">
    <tag k="crossing" v="uncontrolled" />
    <tag k="highway" v="crossing" />
  </node>
  <node id="6684913291" lat="20.9933749" lon="105.8701208" version="2" timestamp="2024-08-08T15:09:08Z" changeset="154983582" uid="21597372" user="Evgeny Arbatov">
    <tag k="crossing" v="uncontrolled" />
    <tag k="highway" v="crossing" />
  </node>
  <node id="6684929539" lat="20.9986041" lon="105.8712785" version="3" timestamp="2026-05-10T08:56:38Z" changeset="182455948" uid="23326231" user="Vmosnokia31" />
  <node id="6684929540" lat="20.9985993" lon="105.8710065" version="2" timestamp="2026-05-10T08:56:38Z" changeset="182455948" uid="23326231" user="Vmosnokia31" />
  <node id="6684959385" lat="20.9993572" lon="105.8709467" version="3" timestamp="2022-10-30T06:54:17Z" changeset="128234263" uid="11691953" user="ItsLouisAnderson">
    <tag k="crossing" v="uncontrolled" />
    <tag k="highway" v="crossing" />
  </node>
  <node id="6685192086" lat="21.0010256" lon="105.8725981" version="1" timestamp="2019-08-05T19:06:27Z" changeset="73037242" uid="9965337" user="ReedtheRiver" />
  <node id="6685192087" lat="21.0008560" lon="105.8728013" version="1" timestamp="2019-08-05T19:06:27Z" changeset="73037242" uid="9965337" user="ReedtheRiver" />
  <node id="6685192088" lat="21.0008891" lon="105.8724619" version="2" timestamp="2026-06-12T02:54:21Z" changeset="183996188" uid="18625884" user="xmap-vn" />
  <node id="6685192089" lat="21.0007269" lon="105.8726565" version="2" timestamp="2026-06-12T02:54:21Z" changeset="183996188" uid="18625884" user="xmap-vn" />
  <node id="6685241635" lat="21.0020231" lon="105.8739968" version="3" timestamp="2026-06-29T10:32:49Z" changeset="184787634" uid="23326231" user="Vmosnokia31" />
  <node id="6685241636" lat="21.0020839" lon="105.8739975" version="2" timestamp="2026-06-29T10:32:49Z" changeset="184787634" uid="23326231" user="Vmosnokia31" />
  <node id="6685509683" lat="20.9970613" lon="105.8650637" version="2" timestamp="2024-05-21T06:02:32Z" changeset="151610300" uid="3323343" user="phoenixsaigon1698" />
  <node id="6685509684" lat="20.9969589" lon="105.8651056" version="2" timestamp="2024-05-21T06:02:32Z" changeset="151610300" uid="3323343" user="phoenixsaigon1698" />
  <node id="6685532115" lat="20.9978383" lon="105.8661537" version="3" timestamp="2026-02-08T05:15:47Z" changeset="178252551" uid="11141338" user="FanaticAir75626" />
  <node id="6685536485" lat="20.9969265" lon="105.8649929" version="2" timestamp="2024-05-21T06:02:32Z" changeset="151610300" uid="3323343" user="phoenixsaigon1698" />
  <node id="6685536486" lat="20.9970264" lon="105.8649456" version="2" timestamp="2024-05-21T06:02:32Z" changeset="151610300" uid="3323343" user="phoenixsaigon1698" />
  <node id="6997743917" lat="21.0025273" lon="105.8749986" version="4" timestamp="2026-05-31T15:44:28Z" changeset="183454771" uid="23326231" user="Vmosnokia31" />
  <node id="6997743920" lat="21.0030598" lon="105.8747358" version="7" timestamp="2026-05-31T15:44:28Z" changeset="183454771" uid="23326231" user="Vmosnokia31" />
  <node id="7055963376" lat="20.9943194" lon="105.8670107" version="4" timestamp="2024-08-13T03:11:28Z" changeset="155174843" uid="21597372" user="Evgeny Arbatov" />
  <node id="7055963377" lat="20.9933230" lon="105.8670062" version="4" timestamp="2024-08-13T03:11:28Z" changeset="155174843" uid="21597372" user="Evgeny Arbatov" />
  <node id="7055963378" lat="20.9933192" lon="105.8673860" version="3" timestamp="2021-04-01T08:49:20Z" changeset="102108994" uid="11691953" user="ItsLouisAnderson" />
  <node id="7055963379" lat="20.9943157" lon="105.8673822" version="3" timestamp="2021-04-01T08:49:20Z" changeset="102108994" uid="11691953" user="ItsLouisAnderson" />
  <node id="7056058587" lat="20.9963375" lon="105.8638328" version="2" timestamp="2020-11-13T12:50:13Z" changeset="94062773" uid="11691953" user="ItsLouisAnderson" />
  <node id="7056058588" lat="20.9961287" lon="105.8639095" version="2" timestamp="2020-11-13T12:50:13Z" changeset="94062773" uid="11691953" user="ItsLouisAnderson" />
  <node id="7056058590" lat="20.9963239" lon="105.8645186" version="2" timestamp="2020-11-13T12:50:13Z" changeset="94062773" uid="11691953" user="ItsLouisAnderson" />
  <node id="7056058591" lat="20.9965328" lon="105.8644418" version="2" timestamp="2020-11-13T12:50:13Z" changeset="94062773" uid="11691953" user="ItsLouisAnderson" />
  <node id="7056058592" lat="20.9959433" lon="105.8639326" version="2" timestamp="2020-11-13T12:50:13Z" changeset="94062773" uid="11691953" user="ItsLouisAnderson" />
  <node id="7056058593" lat="20.9957387" lon="105.8639356" version="2" timestamp="2020-11-13T12:50:13Z" changeset="94062773" uid="11691953" user="ItsLouisAnderson" />
  <node id="7056058594" lat="20.9957477" lon="105.8646177" version="2" timestamp="2020-11-13T12:50:13Z" changeset="94062773" uid="11691953" user="ItsLouisAnderson" />
  <node id="7056058595" lat="20.9959521" lon="105.8646146" version="2" timestamp="2020-11-13T12:50:13Z" changeset="94062773" uid="11691953" user="ItsLouisAnderson" />
  <node id="7097889624" lat="20.9929748" lon="105.8640505" version="3" timestamp="2026-07-18T10:16:30Z" changeset="185949488" uid="23326231" user="Vmosnokia31" />
  <node id="7097889627" lat="20.9930428" lon="105.8648778" version="2" timestamp="2024-05-21T06:02:32Z" changeset="151610300" uid="3323343" user="phoenixsaigon1698" />
  <node id="7097889628" lat="20.9931104" lon="105.8653441" version="2" timestamp="2024-09-04T11:33:45Z" changeset="156181729" uid="21213273" user="openmap-vn" />
  <node id="7327264286" lat="20.9925930" lon="105.8715528" version="4" timestamp="2026-06-29T06:33:09Z" changeset="184778282" uid="23326231" user="Vmosnokia31" />
  <node id="7488457596" lat="20.9967793" lon="105.8742831" version="2" timestamp="2026-05-14T14:12:52Z" changeset="182651704" uid="23326231" user="Vmosnokia31" />
  <node id="7604911959" lat="21.0031137" lon="105.8725584" version="3" timestamp="2026-04-07T00:02:29Z" changeset="180973219" uid="16014056" user="Trần Thanh Tuấn" />
  <node id="7604911960" lat="21.0027746" lon="105.8738656" version="4" timestamp="2026-04-07T00:02:29Z" changeset="180973219" uid="16014056" user="Trần Thanh Tuấn" />
  <node id="7604911961" lat="21.0027893" lon="105.8740030" version="4" timestamp="2026-04-07T00:02:29Z" changeset="180973219" uid="16014056" user="Trần Thanh Tuấn" />
  <node id="7604911962" lat="21.0017967" lon="105.8748570" version="2" timestamp="2025-09-21T06:16:56Z" changeset="172230786" uid="22065819" user="Hung159" />
  <node id="7842197879" lat="20.9951355" lon="105.8675569" version="2" timestamp="2022-12-24T16:43:32Z" changeset="130462015" uid="11691953" user="ItsLouisAnderson" />
  <node id="7842197880" lat="20.9950453" lon="105.8673616" version="2" timestamp="2022-12-24T16:43:32Z" changeset="130462015" uid="11691953" user="ItsLouisAnderson" />
  <node id="7842197882" lat="20.9946442" lon="105.8673442" version="2" timestamp="2022-12-24T16:43:32Z" changeset="130462015" uid="11691953" user="ItsLouisAnderson" />
  <node id="7842197883" lat="20.9945638" lon="105.8673828" version="2" timestamp="2022-12-24T16:43:32Z" changeset="130462015" uid="11691953" user="ItsLouisAnderson" />
  <node id="7842197884" lat="20.9945079" lon="105.8675583" version="2" timestamp="2022-12-24T16:43:32Z" changeset="130462015" uid="11691953" user="ItsLouisAnderson" />
  <node id="7842222589" lat="20.9940497" lon="105.8663190" version="1" timestamp="2020-08-25T06:34:12Z" changeset="89893825" uid="11691953" user="ItsLouisAnderson" />
  <node id="7842222590" lat="20.9936233" lon="105.8663113" version="1" timestamp="2020-08-25T06:34:12Z" changeset="89893825" uid="11691953" user="ItsLouisAnderson" />
  <node id="7842222591" lat="20.9936135" lon="105.8669281" version="1" timestamp="2020-08-25T06:34:12Z" changeset="89893825" uid="11691953" user="ItsLouisAnderson" />
  <node id="7842222592" lat="20.9940400" lon="105.8669358" version="1" timestamp="2020-08-25T06:34:12Z" changeset="89893825" uid="11691953" user="ItsLouisAnderson" />
  <node id="7842222593" lat="20.9943405" lon="105.8663038" version="1" timestamp="2020-08-25T06:34:12Z" changeset="89893825" uid="11691953" user="ItsLouisAnderson" />
  <node id="7842222594" lat="20.9942891" lon="105.8663036" version="1" timestamp="2020-08-25T06:34:12Z" changeset="89893825" uid="11691953" user="ItsLouisAnderson" />
  <node id="7842222595" lat="20.9942892" lon="105.8662702" version="1" timestamp="2020-08-25T06:34:12Z" changeset="89893825" uid="11691953" user="ItsLouisAnderson" />
  <node id="7842222596" lat="20.9942191" lon="105.8662699" version="1" timestamp="2020-08-25T06:34:12Z" changeset="89893825" uid="11691953" user="ItsLouisAnderson" />
  <node id="7842222597" lat="20.9942189" lon="105.8663156" version="1" timestamp="2020-08-25T06:34:12Z" changeset="89893825" uid="11691953" user="ItsLouisAnderson" />
  <node id="7842222598" lat="20.9941324" lon="105.8663152" version="1" timestamp="2020-08-25T06:34:12Z" changeset="89893825" uid="11691953" user="ItsLouisAnderson" />
  <node id="7842222599" lat="20.9941305" lon="105.8668749" version="1" timestamp="2020-08-25T06:34:12Z" changeset="89893825" uid="11691953" user="ItsLouisAnderson" />
  <node id="7842222600" lat="20.9943385" lon="105.8668758" version="1" timestamp="2020-08-25T06:34:12Z" changeset="89893825" uid="11691953" user="ItsLouisAnderson" />
  <node id="7842222601" lat="20.9935364" lon="105.8662960" version="1" timestamp="2020-08-25T06:34:12Z" changeset="89893825" uid="11691953" user="ItsLouisAnderson" />
  <node id="7842222602" lat="20.9934555" lon="105.8662948" version="1" timestamp="2020-08-25T06:34:12Z" changeset="89893825" uid="11691953" user="ItsLouisAnderson" />
  <node id="7842222603" lat="20.9934560" lon="105.8662618" version="1" timestamp="2020-08-25T06:34:12Z" changeset="89893825" uid="11691953" user="ItsLouisAnderson" />
  <node id="7842222604" lat="20.9933409" lon="105.8662601" version="1" timestamp="2020-08-25T06:34:12Z" changeset="89893825" uid="11691953" user="ItsLouisAnderson" />
  <node id="7842222605" lat="20.9933323" lon="105.8669165" version="1" timestamp="2020-08-25T06:34:12Z" changeset="89893825" uid="11691953" user="ItsLouisAnderson" />
  <node id="7842222606" lat="20.9934651" lon="105.8669185" version="1" timestamp="2020-08-25T06:34:12Z" changeset="89893825" uid="11691953" user="ItsLouisAnderson" />
  <node id="7842222607" lat="20.9934658" lon="105.8668718" version="1" timestamp="2020-08-25T06:34:12Z" changeset="89893825" uid="11691953" user="ItsLouisAnderson" />
  <node id="7842222608" lat="20.9935287" lon="105.8668728" version="1" timestamp="2020-08-25T06:34:12Z" changeset="89893825" uid="11691953" user="ItsLouisAnderson" />
  <node id="7846106193" lat="21.0032788" lon="105.8730556" version="1" timestamp="2020-08-26T10:25:49Z" changeset="89965449" uid="11196308" user="vietnam321" />
  <node id="7846106194" lat="21.0030010" lon="105.8729552" version="1" timestamp="2020-08-26T10:25:49Z" changeset="89965449" uid="11196308" user="vietnam321" />
  <node id="7846106195" lat="21.0028428" lon="105.8734572" version="1" timestamp="2020-08-26T10:25:49Z" changeset="89965449" uid="11196308" user="vietnam321" />
  <node id="7846106196" lat="21.0029218" lon="105.8734858" version="1" timestamp="2020-08-26T10:25:49Z" changeset="89965449" uid="11196308" user="vietnam321" />
  <node id="7846106197" lat="21.0029064" lon="105.8735346" version="1" timestamp="2020-08-26T10:25:49Z" changeset="89965449" uid="11196308" user="vietnam321" />
  <node id="7846106198" lat="21.0031053" lon="105.8736065" version="1" timestamp="2020-08-26T10:25:49Z" changeset="89965449" uid="11196308" user="vietnam321" />
  <node id="7846106203" lat="21.0028987" lon="105.8736138" version="1" timestamp="2020-08-26T10:25:49Z" changeset="89965449" uid="11196308" user="vietnam321" />
  <node id="7846106204" lat="21.0037231" lon="105.8738914" version="1" timestamp="2020-08-26T10:25:49Z" changeset="89965449" uid="11196308" user="vietnam321" />
  <node id="7846106205" lat="21.0035895" lon="105.8743468" version="1" timestamp="2020-08-26T10:25:49Z" changeset="89965449" uid="11196308" user="vietnam321" />
  <node id="7846106206" lat="21.0029049" lon="105.8741165" version="1" timestamp="2020-08-26T10:25:49Z" changeset="89965449" uid="11196308" user="vietnam321" />
  <node id="7846106207" lat="21.0029914" lon="105.8738215" version="1" timestamp="2020-08-26T10:25:49Z" changeset="89965449" uid="11196308" user="vietnam321" />
  <node id="7846106208" lat="21.0028516" lon="105.8737744" version="1" timestamp="2020-08-26T10:25:49Z" changeset="89965449" uid="11196308" user="vietnam321" />
  <node id="7872928694" lat="20.9951967" lon="105.8630565" version="1" timestamp="2020-09-03T14:53:15Z" changeset="90368950" uid="11691953" user="ItsLouisAnderson" />
  <node id="7872928695" lat="20.9951995" lon="105.8631154" version="1" timestamp="2020-09-03T14:53:15Z" changeset="90368950" uid="11691953" user="ItsLouisAnderson" />
  <node id="7872928696" lat="20.9952362" lon="105.8631134" version="1" timestamp="2020-09-03T14:53:15Z" changeset="90368950" uid="11691953" user="ItsLouisAnderson" />
  <node id="7872928697" lat="20.9952501" lon="105.8634050" version="1" timestamp="2020-09-03T14:53:15Z" changeset="90368950" uid="11691953" user="ItsLouisAnderson" />
  <node id="7872928698" lat="20.9952140" lon="105.8634069" version="1" timestamp="2020-09-03T14:53:15Z" changeset="90368950" uid="11691953" user="ItsLouisAnderson" />
  <node id="7872928699" lat="20.9952166" lon="105.8634600" version="1" timestamp="2020-09-03T14:53:15Z" changeset="90368950" uid="11691953" user="ItsLouisAnderson" />
  <node id="7872928700" lat="20.9950829" lon="105.8634673" version="1" timestamp="2020-09-03T14:53:15Z" changeset="90368950" uid="11691953" user="ItsLouisAnderson" />
  <node id="7872928701" lat="20.9950779" lon="105.8633617" version="1" timestamp="2020-09-03T14:53:15Z" changeset="90368950" uid="11691953" user="ItsLouisAnderson" />
  <node id="7872928702" lat="20.9947666" lon="105.8633786" version="1" timestamp="2020-09-03T14:53:15Z" changeset="90368950" uid="11691953" user="ItsLouisAnderson" />
  <node id="7872928703" lat="20.9947728" lon="105.8635106" version="1" timestamp="2020-09-03T14:53:15Z" changeset="90368950" uid="11691953" user="ItsLouisAnderson" />
  <node id="7872928704" lat="20.9946536" lon="105.8635171" version="1" timestamp="2020-09-03T14:53:15Z" changeset="90368950" uid="11691953" user="ItsLouisAnderson" />
  <node id="7872928705" lat="20.9946500" lon="105.8634401" version="1" timestamp="2020-09-03T14:53:15Z" changeset="90368950" uid="11691953" user="ItsLouisAnderson" />
  <node id="7872928706" lat="20.9946138" lon="105.8634420" version="1" timestamp="2020-09-03T14:53:15Z" changeset="90368950" uid="11691953" user="ItsLouisAnderson" />
  <node id="7872928707" lat="20.9946010" lon="105.8631722" version="1" timestamp="2020-09-03T14:53:15Z" changeset="90368950" uid="11691953" user="ItsLouisAnderson" />
  <node id="7872928708" lat="20.9946323" lon="105.8631705" version="1" timestamp="2020-09-03T14:53:15Z" changeset="90368950" uid="11691953" user="ItsLouisAnderson" />
  <node id="7872928709" lat="20.9946286" lon="105.8630939" version="1" timestamp="2020-09-03T14:53:15Z" changeset="90368950" uid="11691953" user="ItsLouisAnderson" />
  <node id="7872928710" lat="20.9947504" lon="105.8630872" version="1" timestamp="2020-09-03T14:53:15Z" changeset="90368950" uid="11691953" user="ItsLouisAnderson" />
  <node id="7872928711" lat="20.9947565" lon="105.8632140" version="1" timestamp="2020-09-03T14:53:15Z" changeset="90368950" uid="11691953" user="ItsLouisAnderson" />
  <node id="7872928712" lat="20.9950653" lon="105.8631971" version="1" timestamp="2020-09-03T14:53:15Z" changeset="90368950" uid="11691953" user="ItsLouisAnderson" />
  <node id="7872928713" lat="20.9950589" lon="105.8630640" version="1" timestamp="2020-09-03T14:53:15Z" changeset="90368950" uid="11691953" user="ItsLouisAnderson" />
  <node id="7920620913" lat="20.9966704" lon="105.8628399" version="4" timestamp="2026-08-07T13:25:33Z" changeset="187087038" uid="23326231" user="Vmosnokia31" />
  <node id="7920620920" lat="20.9966587" lon="105.8631134" version="7" timestamp="2026-02-07T16:56:42Z" changeset="178236579" uid="22065819" user="Hung159" />
  <node id="7920620921" lat="20.9972920" lon="105.8649056" version="6" timestamp="2026-02-07T16:56:42Z" changeset="178236579" uid="22065819" user="Hung159" />
  <node id="7920620922" lat="20.9978008" lon="105.8663071" version="5" timestamp="2025-07-02T09:12:45Z" changeset="168388240" uid="3323343" user="phoenixsaigon1698" />
  <node id="7920620923" lat="20.9965690" lon="105.8630914" version="5" timestamp="2025-07-02T09:12:45Z" changeset="168388240" uid="3323343" user="phoenixsaigon1698" />
  <node id="7920620924" lat="20.9971055" lon="105.8646326" version="5" timestamp="2026-02-07T16:56:42Z" changeset="178236579" uid="22065819" user="Hung159" />
  <node id="7920620925" lat="20.9977119" lon="105.8663316" version="6" timestamp="2026-02-07T16:56:42Z" changeset="178236579" uid="22065819" user="Hung159" />
  <node id="8021076059" lat="21.0000262" lon="105.8695976" version="1" timestamp="2020-10-19T07:13:00Z" changeset="92686552" uid="11691953" user="ItsLouisAnderson" />
  <node id="8021076060" lat="21.0001129" lon="105.8698546" version="1" timestamp="2020-10-19T07:13:00Z" changeset="92686552" uid="11691953" user="ItsLouisAnderson" />
  <node id="8021076061" lat="20.9998998" lon="105.8699371" version="1" timestamp="2020-10-19T07:13:00Z" changeset="92686552" uid="11691953" user="ItsLouisAnderson" />
  <node id="8021076062" lat="20.9999514" lon="105.8700901" version="1" timestamp="2020-10-19T07:13:00Z" changeset="92686552" uid="11691953" user="ItsLouisAnderson" />
  <node id="8021076063" lat="21.0001616" lon="105.8700087" version="1" timestamp="2020-10-19T07:13:00Z" changeset="92686552" uid="11691953" user="ItsLouisAnderson" />
  <node id="8021076064" lat="21.0002461" lon="105.8702590" version="1" timestamp="2020-10-19T07:13:00Z" changeset="92686552" uid="11691953" user="ItsLouisAnderson" />
  <node id="8021076065" lat="21.0000033" lon="105.8703530" version="1" timestamp="2020-10-19T07:13:00Z" changeset="92686552" uid="11691953" user="ItsLouisAnderson" />
  <node id="8021076066" lat="20.9999934" lon="105.8703237" version="1" timestamp="2020-10-19T07:13:00Z" changeset="92686552" uid="11691953" user="ItsLouisAnderson" />
  <node id="8021076067" lat="20.9998176" lon="105.8703918" version="1" timestamp="2020-10-19T07:13:00Z" changeset="92686552" uid="11691953" user="ItsLouisAnderson" />
  <node id="8021076068" lat="20.9998275" lon="105.8704213" version="1" timestamp="2020-10-19T07:13:00Z" changeset="92686552" uid="11691953" user="ItsLouisAnderson" />
  <node id="8021076069" lat="20.9996238" lon="105.8705003" version="1" timestamp="2020-10-19T07:13:00Z" changeset="92686552" uid="11691953" user="ItsLouisAnderson" />
  <node id="8021076070" lat="20.9994008" lon="105.8698404" version="1" timestamp="2020-10-19T07:13:00Z" changeset="92686552" uid="11691953" user="ItsLouisAnderson" />
  <node id="8021076071" lat="20.9995946" lon="105.8697652" version="1" timestamp="2020-10-19T07:13:00Z" changeset="92686552" uid="11691953" user="ItsLouisAnderson" />
  <node id="8021076072" lat="20.9996067" lon="105.8698010" version="1" timestamp="2020-10-19T07:13:00Z" changeset="92686552" uid="11691953" user="ItsLouisAnderson" />
  <node id="8021076073" lat="20.9998096" lon="105.8697224" version="1" timestamp="2020-10-19T07:13:00Z" changeset="92686552" uid="11691953" user="ItsLouisAnderson" />
  <node id="8021076074" lat="20.9997974" lon="105.8696862" version="1" timestamp="2020-10-19T07:13:00Z" changeset="92686552" uid="11691953" user="ItsLouisAnderson" />
  <node id="8021076075" lat="20.9995416" lon="105.8702568" version="1" timestamp="2020-10-19T07:13:00Z" changeset="92686552" uid="11691953" user="ItsLouisAnderson" />
  <node id="8021076078" lat="20.9994893" lon="105.8701021" version="1" timestamp="2020-10-19T07:13:00Z" changeset="92686552" uid="11691953" user="ItsLouisAnderson" />
  <node id="8021076079" lat="21.0007834" lon="105.8693204" version="1" timestamp="2020-10-19T07:13:00Z" changeset="92686552" uid="11691953" user="ItsLouisAnderson" />
  <node id="8021076080" lat="21.0008470" lon="105.8694997" version="1" timestamp="2020-10-19T07:13:00Z" changeset="92686552" uid="11691953" user="ItsLouisAnderson" />
  <node id="8021076081" lat="21.0006850" lon="105.8695658" version="1" timestamp="2020-10-19T07:13:00Z" changeset="92686552" uid="11691953" user="ItsLouisAnderson" />
  <node id="8021076082" lat="21.0007764" lon="105.8698230" version="1" timestamp="2020-10-19T07:13:00Z" changeset="92686552" uid="11691953" user="ItsLouisAnderson" />
  <node id="8021076083" lat="21.0009406" lon="105.8697561" version="1" timestamp="2020-10-19T07:13:00Z" changeset="92686552" uid="11691953" user="ItsLouisAnderson" />
  <node id="8021076084" lat="21.0010042" lon="105.8699349" version="1" timestamp="2020-10-19T07:13:00Z" changeset="92686552" uid="11691953" user="ItsLouisAnderson" />
  <node id="8021076085" lat="21.0004786" lon="105.8701495" version="1" timestamp="2020-10-19T07:13:00Z" changeset="92686552" uid="11691953" user="ItsLouisAnderson" />
  <node id="8021076086" lat="21.0004227" lon="105.8699924" version="1" timestamp="2020-10-19T07:13:00Z" changeset="92686552" uid="11691953" user="ItsLouisAnderson" />
  <node id="8021076087" lat="21.0005894" lon="105.8699244" version="1" timestamp="2020-10-19T07:13:00Z" changeset="92686552" uid="11691953" user="ItsLouisAnderson" />
  <node id="8021076088" lat="21.0004898" lon="105.8696440" version="1" timestamp="2020-10-19T07:13:00Z" changeset="92686552" uid="11691953" user="ItsLouisAnderson" />
  <node id="8021076089" lat="21.0003119" lon="105.8697165" version="1" timestamp="2020-10-19T07:13:00Z" changeset="92686552" uid="11691953" user="ItsLouisAnderson" />
  <node id="8021076090" lat="21.0002486" lon="105.8695384" version="1" timestamp="2020-10-19T07:13:00Z" changeset="92686552" uid="11691953" user="ItsLouisAnderson" />
  <node id="8071657007" lat="20.9948179" lon="105.8675585" version="1" timestamp="2020-11-01T14:33:40Z" changeset="93369815" uid="11691953" user="ItsLouisAnderson" />
  <node id="8115239840" lat="20.9959570" lon="105.8646532" version="1" timestamp="2020-11-13T12:50:13Z" changeset="94062773" uid="11691953" user="ItsLouisAnderson" />
  <node id="8115239841" lat="20.9961492" lon="105.8646368" version="1" timestamp="2020-11-13T12:50:13Z" changeset="94062773" uid="11691953" user="ItsLouisAnderson" />
  <node id="8115239842" lat="20.9966140" lon="105.8644673" version="1" timestamp="2020-11-13T12:50:13Z" changeset="94062773" uid="11691953" user="ItsLouisAnderson" />
  <node id="8121001005" lat="21.0038138" lon="105.8706717" version="3" timestamp="2026-04-07T00:02:31Z" changeset="180973219" uid="16014056" user="Trần Thanh Tuấn" />
  <node id="8121001006" lat="21.0035905" lon="105.8710213" version="3" timestamp="2026-04-07T00:02:31Z" changeset="180973219" uid="16014056" user="Trần Thanh Tuấn" />
  <node id="8121001011" lat="20.9998961" lon="105.8713904" version="1" timestamp="2020-11-15T14:33:04Z" changeset="94149407" uid="11691953" user="ItsLouisAnderson" />
  <node id="8121001012" lat="20.9996577" lon="105.8713001" version="1" timestamp="2020-11-15T14:33:04Z" changeset="94149407" uid="11691953" user="ItsLouisAnderson" />
  <node id="8123523094" lat="21.0024783" lon="105.8637557" version="2" timestamp="2023-09-18T16:49:35Z" changeset="141433738" uid="11691953" user="ItsLouisAnderson" />
  <node id="8123523098" lat="21.0026702" lon="105.8641832" version="2" timestamp="2023-09-18T16:49:35Z" changeset="141433738" uid="11691953" user="ItsLouisAnderson" />
  <node id="8123523099" lat="21.0026693" lon="105.8643763" version="2" timestamp="2023-09-18T16:49:35Z" changeset="141433738" uid="11691953" user="ItsLouisAnderson" />
  <node id="8123523100" lat="21.0020846" lon="105.8643685" version="2" timestamp="2026-02-08T05:15:47Z" changeset="178252551" uid="11141338" user="FanaticAir75626" />
  <node id="8123523102" lat="21.0020864" lon="105.8637323" version="2" timestamp="2023-09-18T16:49:35Z" changeset="141433738" uid="11691953" user="ItsLouisAnderson" />
  <node id="8123523103" lat="21.0024784" lon="105.8637343" version="2" timestamp="2023-09-18T16:49:35Z" changeset="141433738" uid="11691953" user="ItsLouisAnderson" />
  <node id="8123523104" lat="21.0028458" lon="105.8637600" version="1" timestamp="2020-11-16T08:02:44Z" changeset="94186948" uid="11691953" user="ItsLouisAnderson" />
  <node id="8123523105" lat="21.0028414" lon="105.8641867" version="1" timestamp="2020-11-16T08:02:44Z" changeset="94186948" uid="11691953" user="ItsLouisAnderson" />
  <node id="8123523107" lat="21.0025360" lon="105.8646090" version="1" timestamp="2020-11-16T08:02:44Z" changeset="94186948" uid="11691953" user="ItsLouisAnderson" />
  <node id="8123523108" lat="21.0025339" lon="105.8648185" version="1" timestamp="2020-11-16T08:02:44Z" changeset="94186948" uid="11691953" user="ItsLouisAnderson" />
  <node id="8123523109" lat="21.0024747" lon="105.8648179" version="1" timestamp="2020-11-16T08:02:44Z" changeset="94186948" uid="11691953" user="ItsLouisAnderson" />
  <node id="8123523110" lat="21.0024742" lon="105.8648693" version="1" timestamp="2020-11-16T08:02:44Z" changeset="94186948" uid="11691953" user="ItsLouisAnderson" />
  <node id="8123523111" lat="21.0022709" lon="105.8648670" version="1" timestamp="2020-11-16T08:02:44Z" changeset="94186948" uid="11691953" user="ItsLouisAnderson" />
  <node id="8123523112" lat="21.0022714" lon="105.8648196" version="1" timestamp="2020-11-16T08:02:44Z" changeset="94186948" uid="11691953" user="ItsLouisAnderson" />
  <node id="8123523113" lat="21.0022111" lon="105.8648190" version="1" timestamp="2020-11-16T08:02:44Z" changeset="94186948" uid="11691953" user="ItsLouisAnderson" />
  <node id="8123523114" lat="21.0022130" lon="105.8646153" version="1" timestamp="2020-11-16T08:02:44Z" changeset="94186948" uid="11691953" user="ItsLouisAnderson" />
  <node id="8123523115" lat="21.0022747" lon="105.8646160" version="1" timestamp="2020-11-16T08:02:44Z" changeset="94186948" uid="11691953" user="ItsLouisAnderson" />
  <node id="8123523116" lat="21.0022752" lon="105.8645587" version="1" timestamp="2020-11-16T08:02:44Z" changeset="94186948" uid="11691953" user="ItsLouisAnderson" />
  <node id="8123531917" lat="21.0024772" lon="105.8645610" version="1" timestamp="2020-11-16T08:02:44Z" changeset="94186948" uid="11691953" user="ItsLouisAnderson" />
  <node id="8123531918" lat="21.0024768" lon="105.8646083" version="1" timestamp="2020-11-16T08:02:44Z" changeset="94186948" uid="11691953" user="ItsLouisAnderson" />
  <node id="8123531919" lat="21.0024538" lon="105.8649522" version="1" timestamp="2020-11-16T08:02:44Z" changeset="94186948" uid="11691953" user="ItsLouisAnderson" />
  <node id="8123531920" lat="21.0024540" lon="105.8651536" version="1" timestamp="2020-11-16T08:02:44Z" changeset="94186948" uid="11691953" user="ItsLouisAnderson" />
  <node id="8123531921" lat="21.0019282" lon="105.8651541" version="1" timestamp="2020-11-16T08:02:44Z" changeset="94186948" uid="11691953" user="ItsLouisAnderson" />
  <node id="8123531922" lat="21.0019281" lon="105.8649526" version="1" timestamp="2020-11-16T08:02:44Z" changeset="94186948" uid="11691953" user="ItsLouisAnderson" />
  <node id="8123531923" lat="21.0028624" lon="105.8652793" version="1" timestamp="2020-11-16T08:02:44Z" changeset="94186948" uid="11691953" user="ItsLouisAnderson" />
  <node id="8123531924" lat="21.0028630" lon="105.8653540" version="1" timestamp="2020-11-16T08:02:44Z" changeset="94186948" uid="11691953" user="ItsLouisAnderson" />
  <node id="8123531925" lat="21.0028850" lon="105.8653826" version="1" timestamp="2020-11-16T08:02:44Z" changeset="94186948" uid="11691953" user="ItsLouisAnderson" />
  <node id="8123531926" lat="21.0029006" lon="105.8654368" version="1" timestamp="2020-11-16T08:02:44Z" changeset="94186948" uid="11691953" user="ItsLouisAnderson" />
  <node id="8123531927" lat="21.0028857" lon="105.8655331" version="1" timestamp="2020-11-16T08:02:44Z" changeset="94186948" uid="11691953" user="ItsLouisAnderson" />
  <node id="8123531928" lat="21.0028630" lon="105.8655707" version="1" timestamp="2020-11-16T08:02:44Z" changeset="94186948" uid="11691953" user="ItsLouisAnderson" />
  <node id="8123531929" lat="21.0028635" lon="105.8656335" version="1" timestamp="2020-11-16T08:02:44Z" changeset="94186948" uid="11691953" user="ItsLouisAnderson" />
  <node id="8123531930" lat="21.0026466" lon="105.8656355" version="1" timestamp="2020-11-16T08:02:44Z" changeset="94186948" uid="11691953" user="ItsLouisAnderson" />
  <node id="8123531931" lat="21.0026438" lon="105.8652812" version="1" timestamp="2020-11-16T08:02:44Z" changeset="94186948" uid="11691953" user="ItsLouisAnderson" />
  <node id="8123531932" lat="21.0029002" lon="105.8654849" version="1" timestamp="2020-11-16T08:02:44Z" changeset="94186948" uid="11691953" user="ItsLouisAnderson" />
  <node id="8123531933" lat="21.0025456" lon="105.8652344" version="2" timestamp="2026-05-23T05:17:22Z" changeset="183050569" uid="20910140" user="Hung Tran 9x0" />
  <node id="8123531934" lat="21.0018104" lon="105.8652286" version="2" timestamp="2026-05-23T05:17:22Z" changeset="183050569" uid="20910140" user="Hung Tran 9x0" />
  <node id="8123531935" lat="21.0018097" lon="105.8653351" version="2" timestamp="2026-05-23T05:17:22Z" changeset="183050569" uid="20910140" user="Hung Tran 9x0" />
  <node id="8123531936" lat="21.0018475" lon="105.8653353" version="2" timestamp="2026-05-23T05:17:22Z" changeset="183050569" uid="20910140" user="Hung Tran 9x0" />
  <node id="8123531937" lat="21.0018455" lon="105.8656357" version="2" timestamp="2026-05-23T05:17:22Z" changeset="183050569" uid="20910140" user="Hung Tran 9x0" />
  <node id="8123531938" lat="21.0020007" lon="105.8656369" version="2" timestamp="2026-05-23T05:17:22Z" changeset="183050569" uid="20910140" user="Hung Tran 9x0" />
  <node id="8123531939" lat="21.0020014" lon="105.8655315" version="2" timestamp="2026-05-23T05:17:22Z" changeset="183050569" uid="20910140" user="Hung Tran 9x0" />
  <node id="8123531940" lat="21.0019636" lon="105.8655312" version="2" timestamp="2026-05-23T05:17:22Z" changeset="183050569" uid="20910140" user="Hung Tran 9x0" />
  <node id="8123531941" lat="21.0019649" lon="105.8653336" version="2" timestamp="2026-05-23T05:17:22Z" changeset="183050569" uid="20910140" user="Hung Tran 9x0" />
  <node id="8123531942" lat="21.0020932" lon="105.8653346" version="2" timestamp="2026-05-23T05:17:22Z" changeset="183050569" uid="20910140" user="Hung Tran 9x0" />
  <node id="8123531943" lat="21.0020920" lon="105.8655240" version="2" timestamp="2026-05-23T05:17:22Z" changeset="183050569" uid="20910140" user="Hung Tran 9x0" />
  <node id="8123531944" lat="21.0020422" lon="105.8655236" version="2" timestamp="2026-05-23T05:17:22Z" changeset="183050569" uid="20910140" user="Hung Tran 9x0" />
  <node id="8123531945" lat="21.0020414" lon="105.8656377" version="2" timestamp="2026-05-23T05:17:22Z" changeset="183050569" uid="20910140" user="Hung Tran 9x0" />
  <node id="8123531946" lat="21.0022444" lon="105.8656392" version="2" timestamp="2026-05-23T05:17:22Z" changeset="183050569" uid="20910140" user="Hung Tran 9x0" />
  <node id="8123531947" lat="21.0022451" lon="105.8655342" version="2" timestamp="2026-05-23T05:17:22Z" changeset="183050569" uid="20910140" user="Hung Tran 9x0" />
  <node id="8123531948" lat="21.0022063" lon="105.8655339" version="2" timestamp="2026-05-23T05:17:22Z" changeset="183050569" uid="20910140" user="Hung Tran 9x0" />
  <node id="8123531949" lat="21.0022075" lon="105.8653458" version="2" timestamp="2026-05-23T05:17:22Z" changeset="183050569" uid="20910140" user="Hung Tran 9x0" />
  <node id="8123531950" lat="21.0023200" lon="105.8653467" version="2" timestamp="2026-05-23T05:17:22Z" changeset="183050569" uid="20910140" user="Hung Tran 9x0" />
  <node id="8123531951" lat="21.0023189" lon="105.8655180" version="2" timestamp="2026-05-23T05:17:22Z" changeset="183050569" uid="20910140" user="Hung Tran 9x0" />
  <node id="8123531952" lat="21.0022853" lon="105.8655178" version="2" timestamp="2026-05-23T05:17:22Z" changeset="183050569" uid="20910140" user="Hung Tran 9x0" />
  <node id="8123531953" lat="21.0022844" lon="105.8656447" version="2" timestamp="2026-05-23T05:17:22Z" changeset="183050569" uid="20910140" user="Hung Tran 9x0" />
  <node id="8123531954" lat="21.0025298" lon="105.8656466" version="2" timestamp="2026-05-23T05:17:22Z" changeset="183050569" uid="20910140" user="Hung Tran 9x0" />
  <node id="8123531955" lat="21.0025305" lon="105.8655353" version="2" timestamp="2026-05-23T05:17:22Z" changeset="183050569" uid="20910140" user="Hung Tran 9x0" />
  <node id="8123531956" lat="21.0024494" lon="105.8655347" version="2" timestamp="2026-05-23T05:17:22Z" changeset="183050569" uid="20910140" user="Hung Tran 9x0" />
  <node id="8123531957" lat="21.0024507" lon="105.8653475" version="2" timestamp="2026-05-23T05:17:22Z" changeset="183050569" uid="20910140" user="Hung Tran 9x0" />
  <node id="8123531958" lat="21.0025448" lon="105.8653482" version="2" timestamp="2026-05-23T05:17:22Z" changeset="183050569" uid="20910140" user="Hung Tran 9x0" />
  <node id="8265778876" lat="20.9933001" lon="105.8628284" version="3" timestamp="2026-02-04T17:16:33Z" changeset="178104290" uid="23326231" user="Vmosnokia31" />
  <node id="8265778877" lat="20.9933486" lon="105.8634974" version="3" timestamp="2026-04-25T18:41:38Z" changeset="181819167" uid="23326231" user="Vmosnokia31" />
  <node id="8265778878" lat="20.9933141" lon="105.8639505" version="3" timestamp="2026-04-25T18:41:38Z" changeset="181819167" uid="23326231" user="Vmosnokia31" />
  <node id="8265778880" lat="20.9934837" lon="105.8650123" version="3" timestamp="2026-04-25T18:41:38Z" changeset="181819167" uid="23326231" user="Vmosnokia31" />
  <node id="8265778881" lat="20.9930765" lon="105.8649786" version="3" timestamp="2026-04-25T18:41:38Z" changeset="181819167" uid="23326231" user="Vmosnokia31" />
  <node id="8265778882" lat="20.9931523" lon="105.8644946" version="4" timestamp="2026-04-25T18:41:38Z" changeset="181819167" uid="23326231" user="Vmosnokia31" />
  <node id="8265778885" lat="20.9930079" lon="105.8645175" version="4" timestamp="2026-04-25T18:41:38Z" changeset="181819167" uid="23326231" user="Vmosnokia31" />
  <node id="8265778888" lat="20.9934727" lon="105.8653962" version="3" timestamp="2026-04-25T18:41:38Z" changeset="181819167" uid="23326231" user="Vmosnokia31" />
  <node id="8265778889" lat="20.9936699" lon="105.8651872" version="3" timestamp="2026-04-25T18:41:38Z" changeset="181819167" uid="23326231" user="Vmosnokia31" />
  <node id="8265778890" lat="20.9940520" lon="105.8651895" version="3" timestamp="2026-04-25T18:41:38Z" changeset="181819167" uid="23326231" user="Vmosnokia31" />
  <node id="8265778891" lat="20.9936252" lon="105.8657173" version="2" timestamp="2024-05-21T06:02:32Z" changeset="151610300" uid="3323343" user="phoenixsaigon1698" />
  <node id="8265778892" lat="20.9938099" lon="105.8657251" version="2" timestamp="2024-05-21T06:02:32Z" changeset="151610300" uid="3323343" user="phoenixsaigon1698" />
  <node id="8265778893" lat="20.9938667" lon="105.8651630" version="3" timestamp="2026-04-25T18:41:38Z" changeset="181819167" uid="23326231" user="Vmosnokia31" />
  <node id="8265778895" lat="20.9930933" lon="105.8651432" version="3" timestamp="2026-04-25T18:41:38Z" changeset="181819167" uid="23326231" user="Vmosnokia31" />
  <node id="8265778897" lat="20.9941403" lon="105.8658889" version="3" timestamp="2026-04-25T18:41:38Z" changeset="181819167" uid="23326231" user="Vmosnokia31">
    <tag k="noexit" v="yes" />
  </node>
  <node id="8265778898" lat="20.9941314" lon="105.8655292" version="3" timestamp="2026-04-25T18:41:38Z" changeset="181819167" uid="23326231" user="Vmosnokia31" />
  <node id="8265778899" lat="20.9943898" lon="105.8655289" version="3" timestamp="2026-04-25T18:41:38Z" changeset="181819167" uid="23326231" user="Vmosnokia31" />
  <node id="8265778900" lat="20.9943752" lon="105.8648502" version="1" timestamp="2020-12-28T05:04:40Z" changeset="96509192" uid="8955765" user="thevivotran" />
  <node id="8265778901" lat="20.9940481" lon="105.8648717" version="3" timestamp="2026-04-25T18:41:38Z" changeset="181819167" uid="23326231" user="Vmosnokia31" />
  <node id="8265778902" lat="20.9944873" lon="105.8648443" version="3" timestamp="2026-04-25T18:41:38Z" changeset="181819167" uid="23326231" user="Vmosnokia31" />
  <node id="8265788857" lat="20.9977362" lon="105.8658786" version="2" timestamp="2025-02-25T14:14:19Z" changeset="162934157" uid="11196308" user="vietnam321" />
  <node id="8265788858" lat="20.9983268" lon="105.8656351" version="2" timestamp="2025-02-25T14:14:19Z" changeset="162934157" uid="11196308" user="vietnam321" />
  <node id="8265788859" lat="20.9972533" lon="105.8693981" version="2" timestamp="2024-07-12T06:05:36Z" changeset="153838834" uid="3323343" user="phoenixsaigon1698" />
  <node id="8265788860" lat="20.9969451" lon="105.8694043" version="2" timestamp="2024-07-12T06:05:36Z" changeset="153838834" uid="3323343" user="phoenixsaigon1698" />
  <node id="8265788861" lat="20.9974123" lon="105.8693922" version="2" timestamp="2024-07-12T06:05:36Z" changeset="153838834" uid="3323343" user="phoenixsaigon1698" />
  <node id="8265788862" lat="20.9978508" lon="105.8691460" version="1" timestamp="2020-12-28T05:04:40Z" changeset="96509192" uid="8955765" user="thevivotran" />
  <node id="8265788863" lat="20.9976577" lon="105.8686615" version="1" timestamp="2020-12-28T05:04:40Z" changeset="96509192" uid="8955765" user="thevivotran" />
  <node id="8265788864" lat="20.9975844" lon="105.8686935" version="1" timestamp="2020-12-28T05:04:40Z" changeset="96509192" uid="8955765" user="thevivotran" />
  <node id="8265788865" lat="20.9970761" lon="105.8689316" version="1" timestamp="2020-12-28T05:04:40Z" changeset="96509192" uid="8955765" user="thevivotran" />
  <node id="8265788866" lat="20.9969346" lon="105.8690912" version="1" timestamp="2020-12-28T05:04:40Z" changeset="96509192" uid="8955765" user="thevivotran" />
  <node id="8265788867" lat="20.9969375" lon="105.8703111" version="3" timestamp="2024-07-12T06:05:36Z" changeset="153838834" uid="3323343" user="phoenixsaigon1698" />
  <node id="8265788868" lat="20.9974184" lon="105.8703241" version="2" timestamp="2024-07-12T06:05:36Z" changeset="153838834" uid="3323343" user="phoenixsaigon1698" />
  <node id="8265788870" lat="20.9948241" lon="105.8706371" version="3" timestamp="2026-05-10T08:56:38Z" changeset="182455948" uid="23326231" user="Vmosnokia31" />
  <node id="8265788871" lat="20.9949135" lon="105.8705833" version="3" timestamp="2026-05-10T08:56:38Z" changeset="182455948" uid="23326231" user="Vmosnokia31" />
  <node id="8265788873" lat="20.9947392" lon="105.8706777" version="2" timestamp="2026-05-10T08:56:38Z" changeset="182455948" uid="23326231" user="Vmosnokia31" />
  <node id="8265788874" lat="20.9961613" lon="105.8703645" version="3" timestamp="2026-05-10T08:56:38Z" changeset="182455948" uid="23326231" user="Vmosnokia31" />
  <node id="8265788875" lat="20.9947496" lon="105.8704329" version="2" timestamp="2024-05-03T09:43:21Z" changeset="150827793" uid="3323343" user="phoenixsaigon1698" />
  <node id="8265788876" lat="20.9946032" lon="105.8704537" version="1" timestamp="2020-12-28T05:04:40Z" changeset="96509192" uid="8955765" user="thevivotran" />
  <node id="8265788877" lat="20.9936926" lon="105.8703243" version="3" timestamp="2026-05-10T08:56:38Z" changeset="182455948" uid="23326231" user="Vmosnokia31" />
  <node id="8265788878" lat="20.9953482" lon="105.8703974" version="1" timestamp="2020-12-28T05:04:40Z" changeset="96509192" uid="8955765" user="thevivotran" />
  <node id="8265788879" lat="20.9953833" lon="105.8710921" version="1" timestamp="2020-12-28T05:04:40Z" changeset="96509192" uid="8955765" user="thevivotran" />
  <node id="8265788880" lat="20.9954420" lon="105.8713274" version="3" timestamp="2026-05-10T08:56:38Z" changeset="182455948" uid="23326231" user="Vmosnokia31" />
  <node id="8265788881" lat="20.9957958" lon="105.8716508" version="1" timestamp="2020-12-28T05:04:40Z" changeset="96509192" uid="8955765" user="thevivotran" />
  <node id="8265788883" lat="20.9986880" lon="105.8735105" version="2" timestamp="2024-07-28T12:44:15Z" changeset="154519215" uid="16294132" user="Takeshi Nagayama" />
  <node id="8265788884" lat="20.9986922" lon="105.8741925" version="2" timestamp="2024-11-13T15:44:35Z" changeset="159097081" uid="3323343" user="phoenixsaigon1698" />
  <node id="8265788885" lat="20.9989041" lon="105.8742228" version="2" timestamp="2024-11-13T15:44:35Z" changeset="159097081" uid="3323343" user="phoenixsaigon1698" />
  <node id="8265788886" lat="20.9991127" lon="105.8746249" version="2" timestamp="2024-11-13T15:44:35Z" changeset="159097081" uid="3323343" user="phoenixsaigon1698" />
  <node id="8265788887" lat="20.9995013" lon="105.8743000" version="1" timestamp="2020-12-28T05:04:40Z" changeset="96509192" uid="8955765" user="thevivotran" />
  <node id="8265788888" lat="20.9996913" lon="105.8736969" version="2" timestamp="2024-11-13T15:44:35Z" changeset="159097081" uid="3323343" user="phoenixsaigon1698" />
  <node id="8265788889" lat="21.0001211" lon="105.8738043" version="2" timestamp="2026-06-08T04:32:24Z" changeset="183807915" uid="23326231" user="Vmosnokia31" />
  <node id="8265788890" lat="21.0001536" lon="105.8740460" version="2" timestamp="2026-06-08T04:32:24Z" changeset="183807915" uid="23326231" user="Vmosnokia31" />
  <node id="8265788891" lat="21.0000196" lon="105.8741149" version="1" timestamp="2020-12-28T05:04:40Z" changeset="96509192" uid="8955765" user="thevivotran" />
  <node id="8265788892" lat="20.9998691" lon="105.8741353" version="2" timestamp="2026-06-08T04:32:24Z" changeset="183807915" uid="23326231" user="Vmosnokia31" />
  <node id="8265788893" lat="20.9999919" lon="105.8737896" version="1" timestamp="2020-12-28T05:04:40Z" changeset="96509192" uid="8955765" user="thevivotran" />
  <node id="8265788894" lat="20.9973516" lon="105.8723741" version="2" timestamp="2026-06-08T04:32:24Z" changeset="183807915" uid="23326231" user="Vmosnokia31" />
  <node id="8265788896" lat="20.9975478" lon="105.8723570" version="2" timestamp="2024-08-05T02:22:55Z" changeset="154834407" uid="21213273" user="openmap-vn" />
  <node id="8265788897" lat="20.9975819" lon="105.8729022" version="3" timestamp="2026-06-08T04:32:24Z" changeset="183807915" uid="23326231" user="Vmosnokia31" />
  <node id="8265788898" lat="20.9970752" lon="105.8729804" version="2" timestamp="2026-06-08T04:32:24Z" changeset="183807915" uid="23326231" user="Vmosnokia31" />
  <node id="8265788899" lat="20.9969408" lon="105.8728576" version="3" timestamp="2026-06-08T04:32:24Z" changeset="183807915" uid="23326231" user="Vmosnokia31" />
  <node id="8265788900" lat="20.9970542" lon="105.8728375" version="2" timestamp="2024-08-05T02:22:55Z" changeset="154834407" uid="21213273" user="openmap-vn" />
  <node id="8265788901" lat="20.9970423" lon="105.8727068" version="1" timestamp="2020-12-28T05:04:40Z" changeset="96509192" uid="8955765" user="thevivotran" />
  <node id="8265788902" lat="20.9971243" lon="105.8726840" version="2" timestamp="2024-08-05T02:22:55Z" changeset="154834407" uid="21213273" user="openmap-vn" />
  <node id="8265788903" lat="20.9970923" lon="105.8724654" version="1" timestamp="2020-12-28T05:04:40Z" changeset="96509192" uid="8955765" user="thevivotran" />
  <node id="8265788904" lat="20.9972006" lon="105.8724339" version="2" timestamp="2024-08-05T02:22:55Z" changeset="154834407" uid="21213273" user="openmap-vn" />
  <node id="8265788905" lat="20.9970748" lon="105.8718972" version="2" timestamp="2026-06-08T04:32:24Z" changeset="183807915" uid="23326231" user="Vmosnokia31" />
  <node id="8265788906" lat="20.9969461" lon="105.8738537" version="2" timestamp="2026-06-08T04:32:24Z" changeset="183807915" uid="23326231" user="Vmosnokia31" />
  <node id="8265788907" lat="20.9967320" lon="105.8730836" version="2" timestamp="2026-06-08T04:32:24Z" changeset="183807915" uid="23326231" user="Vmosnokia31" />
  <node id="8265788908" lat="20.9970886" lon="105.8738273" version="2" timestamp="2026-06-08T04:32:24Z" changeset="183807915" uid="23326231" user="Vmosnokia31" />
  <node id="8265788909" lat="20.9968614" lon="105.8729526" version="2" timestamp="2026-06-08T04:32:24Z" changeset="183807915" uid="23326231" user="Vmosnokia31" />
  <node id="8265788910" lat="20.9968620" lon="105.8728194" version="1" timestamp="2020-12-28T05:04:40Z" changeset="96509192" uid="8955765" user="thevivotran" />
  <node id="8265788911" lat="20.9961758" lon="105.8730179" version="1" timestamp="2020-12-28T05:04:40Z" changeset="96509192" uid="8955765" user="thevivotran" />
  <node id="8265788912" lat="20.9963361" lon="105.8729750" version="1" timestamp="2020-12-28T05:04:40Z" changeset="96509192" uid="8955765" user="thevivotran" />
  <node id="8265788913" lat="20.9963824" lon="105.8731566" version="2" timestamp="2026-06-08T04:32:24Z" changeset="183807915" uid="23326231" user="Vmosnokia31" />
  <node id="8265788914" lat="20.9965120" lon="105.8731136" version="2" timestamp="2026-06-08T04:32:24Z" changeset="183807915" uid="23326231" user="Vmosnokia31" />
  <node id="8265788915" lat="20.9958659" lon="105.8733239" version="1" timestamp="2020-12-28T05:04:40Z" changeset="96509192" uid="8955765" user="thevivotran" />
  <node id="8265788916" lat="20.9982410" lon="105.8728259" version="3" timestamp="2026-06-08T04:32:24Z" changeset="183807915" uid="23326231" user="Vmosnokia31" />
  <node id="8265788917" lat="20.9980948" lon="105.8726250" version="2" timestamp="2026-06-08T04:32:24Z" changeset="183807915" uid="23326231" user="Vmosnokia31" />
  <node id="8265788918" lat="20.9982007" lon="105.8725371" version="2" timestamp="2026-06-08T04:32:24Z" changeset="183807915" uid="23326231" user="Vmosnokia31" />
  <node id="8265788919" lat="20.9980984" lon="105.8724193" version="2" timestamp="2026-06-08T04:32:24Z" changeset="183807915" uid="23326231" user="Vmosnokia31" />
  <node id="8265788920" lat="20.9978486" lon="105.8718163" version="1" timestamp="2020-12-28T05:04:40Z" changeset="96509192" uid="8955765" user="thevivotran" />
  <node id="8265788921" lat="20.9976576" lon="105.8716162" version="2" timestamp="2024-07-12T06:05:36Z" changeset="153838834" uid="3323343" user="phoenixsaigon1698" />
  <node id="8265788922" lat="20.9982073" lon="105.8723891" version="3" timestamp="2026-08-04T05:26:56Z" changeset="186902967" uid="20910140" user="Hung Tran 9x0">
    <tag k="noexit" v="yes" />
  </node>
  <node id="8265788923" lat="20.9985226" lon="105.8721581" version="2" timestamp="2026-06-08T04:32:24Z" changeset="183807915" uid="23326231" user="Vmosnokia31" />
  <node id="8265788924" lat="20.9984583" lon="105.8720497" version="2" timestamp="2026-06-08T04:32:24Z" changeset="183807915" uid="23326231" user="Vmosnokia31" />
  <node id="8265788925" lat="20.9986565" lon="105.8719072" version="2" timestamp="2026-06-08T04:32:24Z" changeset="183807915" uid="23326231" user="Vmosnokia31" />
  <node id="8265788926" lat="20.9987914" lon="105.8718860" version="2" timestamp="2026-06-08T04:32:24Z" changeset="183807915" uid="23326231" user="Vmosnokia31" />
  <node id="8265788927" lat="20.9988439" lon="105.8720067" version="2" timestamp="2026-06-08T04:32:24Z" changeset="183807915" uid="23326231" user="Vmosnokia31" />
  <node id="8265788928" lat="20.9992718" lon="105.8717791" version="2" timestamp="2026-06-08T04:32:24Z" changeset="183807915" uid="23326231" user="Vmosnokia31" />
  <node id="8265788929" lat="20.9992452" lon="105.8715741" version="2" timestamp="2026-06-08T04:32:24Z" changeset="183807915" uid="23326231" user="Vmosnokia31" />
  <node id="8265788930" lat="20.9994663" lon="105.8714350" version="2" timestamp="2026-06-08T04:32:24Z" changeset="183807915" uid="23326231" user="Vmosnokia31" />
  <node id="8265788931" lat="20.9993703" lon="105.8728673" version="1" timestamp="2020-12-28T05:04:40Z" changeset="96509192" uid="8955765" user="thevivotran" />
  <node id="8265788932" lat="20.9990505" lon="105.8722883" version="1" timestamp="2020-12-28T05:04:40Z" changeset="96509192" uid="8955765" user="thevivotran" />
  <node id="8265788933" lat="20.9997817" lon="105.8724815" version="2" timestamp="2026-06-08T04:32:24Z" changeset="183807915" uid="23326231" user="Vmosnokia31">
    <tag k="highway" v="crossing" />
  </node>
  <node id="8265788934" lat="20.9995689" lon="105.8717318" version="2" timestamp="2021-01-20T12:33:04Z" changeset="97837833" uid="11516268" user="ravali_123" />
  <node id="8265788935" lat="20.9993501" lon="105.8711589" version="2" timestamp="2026-06-08T04:32:24Z" changeset="183807915" uid="23326231" user="Vmosnokia31" />
  <node id="8265788936" lat="21.0007540" lon="105.8727325" version="2" timestamp="2022-10-30T06:54:17Z" changeset="128234263" uid="11691953" user="ItsLouisAnderson" />
  <node id="8265788937" lat="21.0005730" lon="105.8728248" version="1" timestamp="2020-12-28T05:04:40Z" changeset="96509192" uid="8955765" user="thevivotran" />
  <node id="8265788938" lat="21.0006081" lon="105.8728945" version="1" timestamp="2020-12-28T05:04:40Z" changeset="96509192" uid="8955765" user="thevivotran" />
  <node id="8265788939" lat="21.0003827" lon="105.8730394" version="1" timestamp="2020-12-28T05:04:40Z" changeset="96509192" uid="8955765" user="thevivotran" />
  <node id="8265788940" lat="21.0003877" lon="105.8731627" version="1" timestamp="2020-12-28T05:04:40Z" changeset="96509192" uid="8955765" user="thevivotran" />
  <node id="8265788941" lat="21.0001123" lon="105.8744609" version="1" timestamp="2020-12-28T05:04:40Z" changeset="96509192" uid="8955765" user="thevivotran" />
  <node id="8265788942" lat="20.9999570" lon="105.8737904" version="1" timestamp="2020-12-28T05:04:40Z" changeset="96509192" uid="8955765" user="thevivotran" />
  <node id="8265788943" lat="20.9994812" lon="105.8736455" version="1" timestamp="2020-12-28T05:04:40Z" changeset="96509192" uid="8955765" user="thevivotran" />
  <node id="8265788944" lat="20.9974918" lon="105.8633660" version="2" timestamp="2022-10-20T07:56:49Z" changeset="127824157" uid="14127875" user="andreidulgheru" />
  <node id="8265788945" lat="20.9972439" lon="105.8634062" version="2" timestamp="2022-10-20T07:56:49Z" changeset="127824157" uid="14127875" user="andreidulgheru" />
  <node id="8265788946" lat="20.9987948" lon="105.8626709" version="1" timestamp="2020-12-28T05:04:40Z" changeset="96509192" uid="8955765" user="thevivotran" />
  <node id="8265788947" lat="20.9986181" lon="105.8628250" version="2" timestamp="2025-08-15T07:08:17Z" changeset="170466051" uid="20910140" user="Hung Tran 9x0" />
  <node id="8265788948" lat="20.9988126" lon="105.8635417" version="1" timestamp="2020-12-28T05:04:40Z" changeset="96509192" uid="8955765" user="thevivotran" />
  <node id="8265788949" lat="20.9984062" lon="105.8636872" version="1" timestamp="2020-12-28T05:04:40Z" changeset="96509192" uid="8955765" user="thevivotran" />
  <node id="8265788950" lat="20.9987100" lon="105.8635899" version="1" timestamp="2020-12-28T05:04:40Z" changeset="96509192" uid="8955765" user="thevivotran" />
  <node id="8265788951" lat="20.9988768" lon="105.8642058" version="1" timestamp="2020-12-28T05:04:40Z" changeset="96509192" uid="8955765" user="thevivotran" />
  <node id="8265788952" lat="20.9991206" lon="105.8647245" version="1" timestamp="2020-12-28T05:04:40Z" changeset="96509192" uid="8955765" user="thevivotran" />
  <node id="8265788953" lat="20.9989992" lon="105.8641743" version="1" timestamp="2020-12-28T05:04:40Z" changeset="96509192" uid="8955765" user="thevivotran" />
  <node id="8265788954" lat="20.9987797" lon="105.8648171" version="3" timestamp="2025-02-25T14:14:19Z" changeset="162934157" uid="11196308" user="vietnam321" />
  <node id="8265788955" lat="20.9982457" lon="105.8649997" version="2" timestamp="2025-02-25T14:14:19Z" changeset="162934157" uid="11196308" user="vietnam321" />
  <node id="8265788956" lat="20.9985283" lon="105.8649471" version="2" timestamp="2025-02-25T14:14:19Z" changeset="162934157" uid="11196308" user="vietnam321" />
  <node id="8265788957" lat="20.9985216" lon="105.8648639" version="2" timestamp="2025-02-25T14:14:19Z" changeset="162934157" uid="11196308" user="vietnam321" />
  <node id="8265788958" lat="20.9986752" lon="105.8648379" version="3" timestamp="2025-02-25T14:14:19Z" changeset="162934157" uid="11196308" user="vietnam321" />
  <node id="8265788959" lat="20.9985590" lon="105.8642876" version="1" timestamp="2020-12-28T05:04:40Z" changeset="96509192" uid="8955765" user="thevivotran" />
  <node id="8265788960" lat="20.9982367" lon="105.8630213" version="1" timestamp="2020-12-28T05:04:40Z" changeset="96509192" uid="8955765" user="thevivotran" />
  <node id="8265788962" lat="20.9978749" lon="105.8647141" version="3" timestamp="2025-02-25T14:14:19Z" changeset="162934157" uid="11196308" user="vietnam321" />
  <node id="8265788963" lat="20.9978377" lon="105.8647068" version="3" timestamp="2025-02-25T14:14:19Z" changeset="162934157" uid="11196308" user="vietnam321" />
  <node id="8265788964" lat="20.9978039" lon="105.8647121" version="3" timestamp="2025-02-25T14:14:19Z" changeset="162934157" uid="11196308" user="vietnam321" />
  <node id="8265788965" lat="20.9977701" lon="105.8643102" version="2" timestamp="2024-11-12T06:48:59Z" changeset="159037313" uid="21825913" user="map_newbie_206" />
  <node id="8265788967" lat="20.9976380" lon="105.8641870" version="3" timestamp="2024-11-12T06:48:59Z" changeset="159037313" uid="21825913" user="map_newbie_206" />
  <node id="8265788968" lat="20.9978185" lon="105.8643651" version="1" timestamp="2020-12-28T05:04:40Z" changeset="96509192" uid="8955765" user="thevivotran" />
  <node id="8265788969" lat="20.9978436" lon="105.8644885" version="1" timestamp="2020-12-28T05:04:40Z" changeset="96509192" uid="8955765" user="thevivotran" />
  <node id="8265788970" lat="20.9981227" lon="105.8644043" version="3" timestamp="2025-02-25T14:14:19Z" changeset="162934157" uid="11196308" user="vietnam321" />
  <node id="8265788971" lat="20.9980408" lon="105.8638593" version="2" timestamp="2025-02-25T14:14:19Z" changeset="162934157" uid="11196308" user="vietnam321" />
  <node id="8265788974" lat="20.9985321" lon="105.8655093" version="3" timestamp="2025-02-25T14:14:19Z" changeset="162934157" uid="11196308" user="vietnam321" />
  <node id="8265788975" lat="20.9982811" lon="105.8651518" version="2" timestamp="2025-02-25T14:14:19Z" changeset="162934157" uid="11196308" user="vietnam321" />
  <node id="8265788978" lat="20.9992579" lon="105.8641077" version="1" timestamp="2020-12-28T05:04:40Z" changeset="96509192" uid="8955765" user="thevivotran" />
  <node id="8265788979" lat="20.9992536" lon="105.8634945" version="1" timestamp="2020-12-28T05:04:40Z" changeset="96509192" uid="8955765" user="thevivotran" />
  <node id="8265788980" lat="20.9993970" lon="105.8638485" version="1" timestamp="2020-12-28T05:04:40Z" changeset="96509192" uid="8955765" user="thevivotran" />
  <node id="8265788981" lat="20.9991791" lon="105.8633106" version="1" timestamp="2020-12-28T05:04:40Z" changeset="96509192" uid="8955765" user="thevivotran" />
  <node id="8265788982" lat="20.9993704" lon="105.8631573" version="1" timestamp="2020-12-28T05:04:40Z" changeset="96509192" uid="8955765" user="thevivotran" />
  <node id="8265788983" lat="20.9994762" lon="105.8633029" version="1" timestamp="2020-12-28T05:04:40Z" changeset="96509192" uid="8955765" user="thevivotran" />
  <node id="8265788984" lat="20.9998434" lon="105.8636641" version="2" timestamp="2021-01-20T13:49:43Z" changeset="97841793" uid="11516268" user="ravali_123" />
  <node id="8265788985" lat="20.9997993" lon="105.8636691" version="2" timestamp="2021-01-20T13:49:43Z" changeset="97841793" uid="11516268" user="ravali_123" />
  <node id="8265788986" lat="20.9992018" lon="105.8639439" version="1" timestamp="2020-12-28T05:04:40Z" changeset="96509192" uid="8955765" user="thevivotran" />
  <node id="8265788988" lat="21.0004198" lon="105.8640982" version="2" timestamp="2023-11-02T10:54:22Z" changeset="143523513" uid="18820325" user="Grab_Cong" />
  <node id="8265788990" lat="21.0004127" lon="105.8645931" version="1" timestamp="2020-12-28T05:04:40Z" changeset="96509192" uid="8955765" user="thevivotran" />
  <node id="8265788991" lat="21.0002976" lon="105.8645931" version="1" timestamp="2020-12-28T05:04:40Z" changeset="96509192" uid="8955765" user="thevivotran" />
  <node id="8265788992" lat="21.0001976" lon="105.8645162" version="1" timestamp="2020-12-28T05:04:40Z" changeset="96509192" uid="8955765" user="thevivotran" />
  <node id="8265788993" lat="21.0000756" lon="105.8646822" version="1" timestamp="2020-12-28T05:04:40Z" changeset="96509192" uid="8955765" user="thevivotran" />
  <node id="8265788994" lat="21.0001992" lon="105.8649491" version="1" timestamp="2020-12-28T05:04:40Z" changeset="96509192" uid="8955765" user="thevivotran" />
  <node id="8265788995" lat="21.0002578" lon="105.8647442" version="1" timestamp="2020-12-28T05:04:40Z" changeset="96509192" uid="8955765" user="thevivotran" />
  <node id="8265788996" lat="21.0003577" lon="105.8647782" version="1" timestamp="2020-12-28T05:04:40Z" changeset="96509192" uid="8955765" user="thevivotran" />
  <node id="8265788997" lat="20.9997742" lon="105.8645797" version="1" timestamp="2020-12-28T05:04:40Z" changeset="96509192" uid="8955765" user="thevivotran" />
  <node id="8265788998" lat="21.0003310" lon="105.8651487" version="2" timestamp="2026-02-08T05:15:47Z" changeset="178252551" uid="11141338" user="FanaticAir75626" />
  <node id="8265789000" lat="21.0003918" lon="105.8650098" version="2" timestamp="2026-02-08T05:15:47Z" changeset="178252551" uid="11141338" user="FanaticAir75626" />
  <node id="8265789001" lat="20.9997166" lon="105.8647835" version="1" timestamp="2020-12-28T05:04:40Z" changeset="96509192" uid="8955765" user="thevivotran" />
  <node id="8265789002" lat="20.9996065" lon="105.8648919" version="1" timestamp="2020-12-28T05:04:40Z" changeset="96509192" uid="8955765" user="thevivotran" />
  <node id="8265789004" lat="20.9999047" lon="105.8653342" version="2" timestamp="2026-02-08T05:15:47Z" changeset="178252551" uid="11141338" user="FanaticAir75626" />
  <node id="8265789248" lat="20.9989394" lon="105.8673654" version="4" timestamp="2024-01-04T02:52:58Z" changeset="145861908" uid="18820325" user="Grab_Cong">
    <tag k="noexit" v="yes" />
  </node>
  <node id="8265789249" lat="20.9989222" lon="105.8672955" version="3" timestamp="2026-02-08T05:15:47Z" changeset="178252551" uid="11141338" user="FanaticAir75626" />
  <node id="8265789250" lat="20.9989754" lon="105.8677095" version="4" timestamp="2024-01-04T02:52:58Z" changeset="145861908" uid="18820325" user="Grab_Cong" />
  <node id="8265789251" lat="20.9996258" lon="105.8675357" version="2" timestamp="2024-01-04T03:00:42Z" changeset="145862055" uid="18820325" user="Grab_Cong" />
  <node id="8265789252" lat="20.9996936" lon="105.8675068" version="2" timestamp="2024-01-04T03:00:42Z" changeset="145862055" uid="18820325" user="Grab_Cong" />
  <node id="8265789253" lat="20.9996175" lon="105.8673323" version="2" timestamp="2024-01-04T03:00:42Z" changeset="145862055" uid="18820325" user="Grab_Cong" />
  <node id="8265789254" lat="20.9996969" lon="105.8672953" version="2" timestamp="2024-01-04T03:00:42Z" changeset="145862055" uid="18820325" user="Grab_Cong" />
  <node id="8265789257" lat="21.0003905" lon="105.8665623" version="2" timestamp="2022-04-22T07:38:38Z" changeset="120034225" uid="13749044" user="GrabVN_Ánh Linh Lê" />
  <node id="8265789258" lat="21.0002411" lon="105.8666102" version="3" timestamp="2024-01-04T03:00:42Z" changeset="145862055" uid="18820325" user="Grab_Cong" />
  <node id="8265789259" lat="21.0002455" lon="105.8668798" version="2" timestamp="2022-04-22T07:38:38Z" changeset="120034225" uid="13749044" user="GrabVN_Ánh Linh Lê" />
  <node id="8265789263" lat="20.9999653" lon="105.8670198" version="3" timestamp="2024-01-04T03:00:42Z" changeset="145862055" uid="18820325" user="Grab_Cong" />
  <node id="8265789264" lat="21.0001080" lon="105.8674626" version="2" timestamp="2022-04-22T07:38:38Z" changeset="120034225" uid="13749044" user="GrabVN_Ánh Linh Lê" />
  <node id="8265789265" lat="20.9994343" lon="105.8674668" version="2" timestamp="2024-01-04T02:52:58Z" changeset="145861908" uid="18820325" user="Grab_Cong" />
  <node id="8265789266" lat="20.9993978" lon="105.8675864" version="2" timestamp="2024-01-04T02:52:58Z" changeset="145861908" uid="18820325" user="Grab_Cong" />
  <node id="8265789267" lat="20.9994131" lon="105.8676258" version="2" timestamp="2024-01-04T02:52:58Z" changeset="145861908" uid="18820325" user="Grab_Cong" />
  <node id="8265789268" lat="20.9992833" lon="105.8676873" version="2" timestamp="2024-01-04T02:52:58Z" changeset="145861908" uid="18820325" user="Grab_Cong" />
  <node id="8265789269" lat="20.9991565" lon="105.8681194" version="2" timestamp="2021-05-27T15:51:04Z" changeset="105435981" uid="11659169" user="nagam_123" />
  <node id="8265789270" lat="20.9989068" lon="105.8678427" version="4" timestamp="2024-01-04T02:52:58Z" changeset="145861908" uid="18820325" user="Grab_Cong" />
  <node id="8265789271" lat="21.0003701" lon="105.8674631" version="2" timestamp="2021-01-20T12:49:42Z" changeset="97838685" uid="11516268" user="ravali_123" />
  <node id="8265789272" lat="21.0003652" lon="105.8673316" version="1" timestamp="2020-12-28T05:04:40Z" changeset="96509192" uid="8955765" user="thevivotran" />
  <node id="8265789273" lat="20.9996950" lon="105.8676853" version="2" timestamp="2024-01-04T03:00:42Z" changeset="145862055" uid="18820325" user="Grab_Cong" />
  <node id="8265789274" lat="20.9996978" lon="105.8677500" version="2" timestamp="2021-01-20T12:49:06Z" changeset="97838657" uid="11516268" user="ravali_123" />
  <node id="8265789275" lat="20.9995140" lon="105.8678399" version="2" timestamp="2021-01-20T12:49:06Z" changeset="97838657" uid="11516268" user="ravali_123" />
  <node id="8265789276" lat="20.9995264" lon="105.8679887" version="2" timestamp="2021-01-20T12:49:06Z" changeset="97838657" uid="11516268" user="ravali_123" />
  <node id="8265789277" lat="20.9990188" lon="105.8681104" version="3" timestamp="2024-01-04T02:52:58Z" changeset="145861908" uid="18820325" user="Grab_Cong" />
  <node id="8265789278" lat="20.9989240" lon="105.8678865" version="3" timestamp="2024-01-04T02:52:58Z" changeset="145861908" uid="18820325" user="Grab_Cong" />
  <node id="8265789279" lat="20.9989006" lon="105.8678256" version="4" timestamp="2025-08-02T05:33:19Z" changeset="169845514" uid="20910140" user="Hung Tran 9x0" />
  <node id="8265789280" lat="20.9985008" lon="105.8679909" version="3" timestamp="2022-07-13T16:20:40Z" changeset="123572540" uid="11691953" user="ItsLouisAnderson" />
  <node id="8265789281" lat="20.9994220" lon="105.8697312" version="2" timestamp="2024-11-13T05:36:39Z" changeset="159076498" uid="3323343" user="phoenixsaigon1698" />
  <node id="8265789282" lat="20.9989545" lon="105.8684335" version="2" timestamp="2024-11-13T05:36:39Z" changeset="159076498" uid="3323343" user="phoenixsaigon1698" />
  <node id="8265789283" lat="20.9986918" lon="105.8685372" version="3" timestamp="2022-07-13T16:20:40Z" changeset="123572540" uid="11691953" user="ItsLouisAnderson" />
  <node id="8265789291" lat="21.0001548" lon="105.8623467" version="1" timestamp="2020-12-28T05:04:40Z" changeset="96509192" uid="8955765" user="thevivotran" />
  <node id="8265789292" lat="21.0000589" lon="105.8626686" version="1" timestamp="2020-12-28T05:04:40Z" changeset="96509192" uid="8955765" user="thevivotran" />
  <node id="8265789293" lat="21.0002467" lon="105.8626685" version="1" timestamp="2020-12-28T05:04:40Z" changeset="96509192" uid="8955765" user="thevivotran" />
  <node id="8265789294" lat="21.0004812" lon="105.8630968" version="3" timestamp="2024-05-03T09:43:21Z" changeset="150827793" uid="3323343" user="phoenixsaigon1698" />
  <node id="8265789295" lat="21.0002369" lon="105.8623421" version="2" timestamp="2024-02-21T04:12:01Z" changeset="147716148" uid="17344224" user="Arkskyle" />
  <node id="8265789296" lat="21.0000371" lon="105.8623481" version="1" timestamp="2020-12-28T05:04:40Z" changeset="96509192" uid="8955765" user="thevivotran" />
  <node id="8265789299" lat="21.0014555" lon="105.8622282" version="2" timestamp="2024-05-03T09:43:21Z" changeset="150827793" uid="3323343" user="phoenixsaigon1698" />
  <node id="8265789300" lat="21.0014570" lon="105.8626165" version="1" timestamp="2020-12-28T05:04:40Z" changeset="96509192" uid="8955765" user="thevivotran" />
  <node id="8265789301" lat="21.0014618" lon="105.8630660" version="2" timestamp="2025-11-23T07:19:27Z" changeset="175014967" uid="20910140" user="Hung Tran 9x0" />
  <node id="8265789302" lat="21.0020943" lon="105.8626140" version="1" timestamp="2020-12-28T05:04:40Z" changeset="96509192" uid="8955765" user="thevivotran" />
  <node id="8265789303" lat="21.0017615" lon="105.8626137" version="1" timestamp="2020-12-28T05:04:40Z" changeset="96509192" uid="8955765" user="thevivotran" />
  <node id="8265789304" lat="21.0011554" lon="105.8626192" version="1" timestamp="2020-12-28T05:04:40Z" changeset="96509192" uid="8955765" user="thevivotran" />
  <node id="8265789305" lat="21.0008359" lon="105.8623990" version="1" timestamp="2020-12-28T05:04:40Z" changeset="96509192" uid="8955765" user="thevivotran" />
  <node id="8265789306" lat="21.0011480" lon="105.8619137" version="1" timestamp="2020-12-28T05:04:40Z" changeset="96509192" uid="8955765" user="thevivotran" />
  <node id="8265789307" lat="21.0016497" lon="105.8646199" version="1" timestamp="2020-12-28T05:04:40Z" changeset="96509192" uid="8955765" user="thevivotran" />
  <node id="8265789308" lat="21.0018967" lon="105.8645763" version="3" timestamp="2024-10-28T07:17:57Z" changeset="158442125" uid="3323343" user="phoenixsaigon1698" />
  <node id="8265789334" lat="21.0030343" lon="105.8717237" version="2" timestamp="2026-04-07T00:02:33Z" changeset="180973219" uid="16014056" user="Trần Thanh Tuấn" />
  <node id="8265789335" lat="21.0028124" lon="105.8715697" version="2" timestamp="2024-06-30T14:45:22Z" changeset="153372687" uid="3323343" user="phoenixsaigon1698" />
  <node id="8265789336" lat="21.0029715" lon="105.8713134" version="2" timestamp="2024-06-30T14:45:22Z" changeset="153372687" uid="3323343" user="phoenixsaigon1698" />
  <node id="8265789338" lat="21.0033283" lon="105.8712716" version="2" timestamp="2026-04-07T00:02:33Z" changeset="180973219" uid="16014056" user="Trần Thanh Tuấn" />
  <node id="8265789342" lat="21.0025626" lon="105.8715914" version="3" timestamp="2025-06-06T04:17:14Z" changeset="167248742" uid="3323343" user="phoenixsaigon1698" />
  <node id="8265789343" lat="21.0000271" lon="105.8678493" version="1" timestamp="2020-12-28T05:04:40Z" changeset="96509192" uid="8955765" user="thevivotran" />
  <node id="8265789344" lat="21.0003927" lon="105.8689946" version="1" timestamp="2020-12-28T05:04:40Z" changeset="96509192" uid="8955765" user="thevivotran" />
  <node id="8265789345" lat="21.0003551" lon="105.8691153" version="1" timestamp="2020-12-28T05:04:40Z" changeset="96509192" uid="8955765" user="thevivotran" />
  <node id="8265789346" lat="21.0004116" lon="105.8693432" version="2" timestamp="2024-06-30T01:40:38Z" changeset="153352705" uid="3323343" user="phoenixsaigon1698" />
  <node id="8265789347" lat="21.0003426" lon="105.8677152" version="1" timestamp="2020-12-28T05:04:40Z" changeset="96509192" uid="8955765" user="thevivotran" />
  <node id="8265789348" lat="21.0020767" lon="105.8710774" version="2" timestamp="2021-01-20T13:09:34Z" changeset="97839702" uid="11516268" user="ravali_123" />
  <node id="8265789349" lat="21.0015546" lon="105.8714622" version="2" timestamp="2021-01-20T13:09:34Z" changeset="97839702" uid="11516268" user="ravali_123" />
  <node id="8265789350" lat="21.0018094" lon="105.8720805" version="2" timestamp="2021-01-20T13:09:34Z" changeset="97839702" uid="11516268" user="ravali_123" />
  <node id="8265789358" lat="21.0036608" lon="105.8707231" version="2" timestamp="2026-04-07T00:02:33Z" changeset="180973219" uid="16014056" user="Trần Thanh Tuấn" />
  <node id="8265789360" lat="21.0037938" lon="105.8705268" version="3" timestamp="2026-04-07T00:02:33Z" changeset="180973219" uid="16014056" user="Trần Thanh Tuấn" />
  <node id="8265789362" lat="21.0039828" lon="105.8702975" version="2" timestamp="2026-04-07T00:02:33Z" changeset="180973219" uid="16014056" user="Trần Thanh Tuấn" />
  <node id="8265789366" lat="21.0043188" lon="105.8699831" version="3" timestamp="2026-04-07T00:02:33Z" changeset="180973219" uid="16014056" user="Trần Thanh Tuấn" />
  <node id="8265789368" lat="21.0028960" lon="105.8722394" version="3" timestamp="2026-04-07T00:02:33Z" changeset="180973219" uid="16014056" user="Trần Thanh Tuấn" />
  <node id="8265789369" lat="21.0028746" lon="105.8720835" version="3" timestamp="2026-04-07T00:02:33Z" changeset="180973219" uid="16014056" user="Trần Thanh Tuấn" />
  <node id="8265789370" lat="21.0029259" lon="105.8719451" version="3" timestamp="2026-04-07T00:02:33Z" changeset="180973219" uid="16014056" user="Trần Thanh Tuấn" />
  <node id="8265789372" lat="21.0031872" lon="105.8714864" version="2" timestamp="2026-04-07T00:02:33Z" changeset="180973219" uid="16014056" user="Trần Thanh Tuấn" />
  <node id="8265789373" lat="21.0034251" lon="105.8711243" version="2" timestamp="2026-04-07T00:02:33Z" changeset="180973219" uid="16014056" user="Trần Thanh Tuấn" />
  <node id="8265789374" lat="21.0036930" lon="105.8706683" version="2" timestamp="2026-04-07T00:02:33Z" changeset="180973219" uid="16014056" user="Trần Thanh Tuấn" />
  <node id="8265789375" lat="21.0038758" lon="105.8704188" version="2" timestamp="2026-04-07T00:02:33Z" changeset="180973219" uid="16014056" user="Trần Thanh Tuấn" />
  <node id="8265789376" lat="21.0041089" lon="105.8701885" version="4" timestamp="2026-04-07T00:02:33Z" changeset="180973219" uid="16014056" user="Trần Thanh Tuấn" />
  <node id="8265789377" lat="21.0044194" lon="105.8698781" version="3" timestamp="2026-04-07T00:02:33Z" changeset="180973219" uid="16014056" user="Trần Thanh Tuấn" />
  <node id="8265789378" lat="21.0046683" lon="105.8697030" version="3" timestamp="2026-04-07T00:02:33Z" changeset="180973219" uid="16014056" user="Trần Thanh Tuấn" />
  <node id="8266224885" lat="20.9994005" lon="105.8745544" version="2" timestamp="2024-11-13T15:44:35Z" changeset="159097081" uid="3323343" user="phoenixsaigon1698" />
  <node id="8266224886" lat="20.9994020" lon="105.8747362" version="2" timestamp="2024-11-13T15:44:35Z" changeset="159097081" uid="3323343" user="phoenixsaigon1698" />
  <node id="8266224887" lat="20.9998542" lon="105.8747508" version="1" timestamp="2020-12-28T08:48:32Z" changeset="96521161" uid="8955765" user="thevivotran" />
  <node id="8266224888" lat="20.9996565" lon="105.8747452" version="1" timestamp="2020-12-28T08:48:32Z" changeset="96521161" uid="8955765" user="thevivotran" />
  <node id="8266224889" lat="20.9996357" lon="105.8743129" version="2" timestamp="2024-11-13T15:44:35Z" changeset="159097081" uid="3323343" user="phoenixsaigon1698" />
  <node id="8266224891" lat="21.0008685" lon="105.8751422" version="1" timestamp="2020-12-28T08:48:32Z" changeset="96521161" uid="8955765" user="thevivotran" />
  <node id="8266224892" lat="21.0008535" lon="105.8749705" version="1" timestamp="2020-12-28T08:48:32Z" changeset="96521161" uid="8955765" user="thevivotran" />
  <node id="8266224893" lat="21.0006982" lon="105.8749545" version="1" timestamp="2020-12-28T08:48:32Z" changeset="96521161" uid="8955765" user="thevivotran" />
  <node id="8266224894" lat="21.0007097" lon="105.8745990" version="1" timestamp="2020-12-28T08:48:32Z" changeset="96521161" uid="8955765" user="thevivotran" />
  <node id="8266224895" lat="21.0006982" lon="105.8748794" version="1" timestamp="2020-12-28T08:48:32Z" changeset="96521161" uid="8955765" user="thevivotran" />
  <node id="8266224896" lat="21.0004638" lon="105.8748863" version="1" timestamp="2020-12-28T08:48:32Z" changeset="96521161" uid="8955765" user="thevivotran" />
  <node id="8266224897" lat="21.0010087" lon="105.8746165" version="1" timestamp="2020-12-28T08:48:32Z" changeset="96521161" uid="8955765" user="thevivotran" />
  <node id="8266224898" lat="21.0005115" lon="105.8744232" version="3" timestamp="2024-11-13T15:44:35Z" changeset="159097081" uid="3323343" user="phoenixsaigon1698" />
  <node id="8266224900" lat="21.0010348" lon="105.8744256" version="2" timestamp="2024-11-13T15:44:35Z" changeset="159097081" uid="3323343" user="phoenixsaigon1698" />
  <node id="8266224901" lat="21.0011755" lon="105.8744864" version="2" timestamp="2024-11-13T15:44:35Z" changeset="159097081" uid="3323343" user="phoenixsaigon1698" />
  <node id="8310505396" lat="21.0028554" lon="105.8744268" version="4" timestamp="2026-05-31T15:44:28Z" changeset="183454771" uid="23326231" user="Vmosnokia31" />
  <node id="8310505397" lat="21.0021373" lon="105.8740977" version="2" timestamp="2025-09-21T06:16:56Z" changeset="172230786" uid="22065819" user="Hung159" />
  <node id="8315715713" lat="20.9963606" lon="105.8472964" version="8" timestamp="2025-07-02T09:12:45Z" changeset="168388240" uid="3323343" user="phoenixsaigon1698">
    <tag k="highway" v="motorway_junction" />
    <tag k="ref" v="Ngã Tư Vọng" />
  </node>
  <node id="8315715714" lat="20.9962060" lon="105.8484560" version="7" timestamp="2026-02-07T16:56:42Z" changeset="178236579" uid="22065819" user="Hung159" />
  <node id="8315856617" lat="20.9958092" lon="105.8519115" version="6" timestamp="2026-02-07T16:56:42Z" changeset="178236579" uid="22065819" user="Hung159" />
  <node id="8315856619" lat="20.9954429" lon="105.8553402" version="6" timestamp="2026-02-07T16:56:42Z" changeset="178236579" uid="22065819" user="Hung159" />
  <node id="8315856621" lat="20.9952352" lon="105.8571111" version="6" timestamp="2026-02-07T16:56:42Z" changeset="178236579" uid="22065819" user="Hung159" />
  <node id="8315856623" lat="20.9952313" lon="105.8578478" version="6" timestamp="2026-02-07T16:56:42Z" changeset="178236579" uid="22065819" user="Hung159" />
  <node id="8315856628" lat="20.9955142" lon="105.8596210" version="6" timestamp="2026-02-07T16:56:42Z" changeset="178236579" uid="22065819" user="Hung159" />
  <node id="8315856629" lat="20.9959864" lon="105.8611383" version="6" timestamp="2026-02-07T16:56:42Z" changeset="178236579" uid="22065819" user="Hung159" />
  <node id="8315856631" lat="20.9959210" lon="105.8612219" version="6" timestamp="2026-02-07T16:56:42Z" changeset="178236579" uid="22065819" user="Hung159" />
  <node id="8315856634" lat="20.9954582" lon="105.8597474" version="6" timestamp="2025-07-02T09:12:45Z" changeset="168388240" uid="3323343" user="phoenixsaigon1698" />
  <node id="8315856637" lat="20.9951526" lon="105.8580382" version="5" timestamp="2025-07-02T09:12:45Z" changeset="168388240" uid="3323343" user="phoenixsaigon1698" />
  <node id="8315856640" lat="20.9951600" lon="105.8569611" version="6" timestamp="2026-02-07T16:56:42Z" changeset="178236579" uid="22065819" user="Hung159" />
  <node id="8315856642" lat="20.9953751" lon="105.8551409" version="6" timestamp="2026-02-07T16:56:42Z" changeset="178236579" uid="22065819" user="Hung159" />
  <node id="8315856644" lat="20.9957274" lon="105.8518581" version="5" timestamp="2025-07-02T09:12:45Z" changeset="168388240" uid="3323343" user="phoenixsaigon1698" />
  <node id="8315856648" lat="20.9961260" lon="105.8484182" version="6" timestamp="2025-07-02T09:12:45Z" changeset="168388240" uid="3323343" user="phoenixsaigon1698" />
  <node id="8315856649" lat="20.9962538" lon="105.8472758" version="6" timestamp="2025-07-02T09:12:45Z" changeset="168388240" uid="3323343" user="phoenixsaigon1698" />
  <node id="8324036437" lat="21.0029682" lon="105.8741691" version="3" timestamp="2024-04-13T14:54:16Z" changeset="149955880" uid="3323343" user="phoenixsaigon1698" />
  <node id="8332966770" lat="21.0025610" lon="105.8732195" version="2" timestamp="2026-06-29T10:32:49Z" changeset="184787634" uid="23326231" user="Vmosnokia31" />
  <node id="8332966771" lat="21.0022817" lon="105.8734906" version="2" timestamp="2026-06-29T10:32:49Z" changeset="184787634" uid="23326231" user="Vmosnokia31" />
  <node id="8332966772" lat="21.0021960" lon="105.8735089" version="2" timestamp="2026-06-29T10:32:49Z" changeset="184787634" uid="23326231" user="Vmosnokia31" />
  <node id="8333774423" lat="20.9943475" lon="105.8690714" version="2" timestamp="2022-12-24T16:43:32Z" changeset="130462015" uid="11691953" user="ItsLouisAnderson" />
  <node id="8333862986" lat="20.9937999" lon="105.8717368" version="3" timestamp="2026-06-08T13:42:49Z" changeset="183829861" uid="23326231" user="Vmosnokia31" />
  <node id="8333862987" lat="20.9935348" lon="105.8721029" version="3" timestamp="2026-06-08T13:49:19Z" changeset="183830129" uid="23326231" user="Vmosnokia31" />
  <node id="8333862991" lat="20.9936779" lon="105.8721501" version="3" timestamp="2026-05-10T13:56:29Z" changeset="182468062" uid="23326231" user="Vmosnokia31" />
  <node id="8333862992" lat="20.9936354" lon="105.8721937" version="4" timestamp="2026-05-10T13:56:29Z" changeset="182468062" uid="23326231" user="Vmosnokia31" />
  <node id="8333862993" lat="20.9935864" lon="105.8721612" version="5" timestamp="2026-06-08T13:49:19Z" changeset="183830129" uid="23326231" user="Vmosnokia31" />
  <node id="8333862994" lat="20.9933907" lon="105.8719783" version="2" timestamp="2026-05-01T02:04:55Z" changeset="182055425" uid="23326231" user="Vmosnokia31" />
  <node id="8333865840" lat="20.9957640" lon="105.8710512" version="3" timestamp="2026-05-10T08:56:38Z" changeset="182455948" uid="23326231" user="Vmosnokia31" />
  <node id="8333865842" lat="20.9957423" lon="105.8703982" version="3" timestamp="2026-05-10T08:56:38Z" changeset="182455948" uid="23326231" user="Vmosnokia31" />
  <node id="8341987621" lat="20.9988055" lon="105.8678660" version="3" timestamp="2025-08-02T05:33:19Z" changeset="169845514" uid="20910140" user="Hung Tran 9x0" />
  <node id="8341987624" lat="20.9990739" lon="105.8681426" version="2" timestamp="2024-01-04T02:52:58Z" changeset="145861908" uid="18820325" user="Grab_Cong" />
  <node id="8341987625" lat="20.9990418" lon="105.8681292" version="2" timestamp="2024-01-04T02:52:58Z" changeset="145861908" uid="18820325" user="Grab_Cong" />
  <node id="8341987627" lat="20.9995366" lon="105.8679811" version="1" timestamp="2021-01-20T12:49:06Z" changeset="97838657" uid="11516268" user="ravali_123" />
  <node id="8341987628" lat="20.9995432" lon="105.8679707" version="1" timestamp="2021-01-20T12:49:06Z" changeset="97838657" uid="11516268" user="ravali_123" />
  <node id="8341987629" lat="20.9995457" lon="105.8679539" version="1" timestamp="2021-01-20T12:49:06Z" changeset="97838657" uid="11516268" user="ravali_123" />
  <node id="8341987630" lat="20.9995157" lon="105.8678490" version="1" timestamp="2021-01-20T12:49:06Z" changeset="97838657" uid="11516268" user="ravali_123" />
  <node id="8341987631" lat="20.9995158" lon="105.8678320" version="1" timestamp="2021-01-20T12:49:06Z" changeset="97838657" uid="11516268" user="ravali_123" />
  <node id="8341987632" lat="20.9995204" lon="105.8678252" version="1" timestamp="2021-01-20T12:49:06Z" changeset="97838657" uid="11516268" user="ravali_123" />
  <node id="8341987633" lat="20.9995269" lon="105.8678184" version="1" timestamp="2021-01-20T12:49:06Z" changeset="97838657" uid="11516268" user="ravali_123" />
  <node id="8341987634" lat="20.9997047" lon="105.8677457" version="1" timestamp="2021-01-20T12:49:06Z" changeset="97838657" uid="11516268" user="ravali_123" />
  <node id="8341987635" lat="20.9997104" lon="105.8677383" version="1" timestamp="2021-01-20T12:49:06Z" changeset="97838657" uid="11516268" user="ravali_123" />
  <node id="8341987636" lat="20.9997147" lon="105.8677246" version="1" timestamp="2021-01-20T12:49:06Z" changeset="97838657" uid="11516268" user="ravali_123" />
  <node id="8342022362" lat="21.0014082" lon="105.8684517" version="2" timestamp="2024-06-30T01:40:38Z" changeset="153352705" uid="3323343" user="phoenixsaigon1698" />
  <node id="8342022363" lat="21.0014442" lon="105.8684623" version="2" timestamp="2024-06-30T01:40:38Z" changeset="153352705" uid="3323343" user="phoenixsaigon1698" />
  <node id="8342022364" lat="21.0015134" lon="105.8684961" version="2" timestamp="2024-06-30T01:40:38Z" changeset="153352705" uid="3323343" user="phoenixsaigon1698" />
  <node id="8342022366" lat="21.0019413" lon="105.8684827" version="3" timestamp="2024-06-30T01:40:38Z" changeset="153352705" uid="3323343" user="phoenixsaigon1698">
    <tag k="noexit" v="yes" />
  </node>
  <node id="8342022367" lat="21.0016556" lon="105.8684884" version="2" timestamp="2024-06-30T01:40:38Z" changeset="153352705" uid="3323343" user="phoenixsaigon1698" />
  <node id="8342022368" lat="21.0013812" lon="105.8684413" version="2" timestamp="2024-06-30T01:40:38Z" changeset="153352705" uid="3323343" user="phoenixsaigon1698" />
  <node id="8342022369" lat="21.0011105" lon="105.8684334" version="2" timestamp="2024-06-30T01:40:38Z" changeset="153352705" uid="3323343" user="phoenixsaigon1698" />
  <node id="8342080853" lat="21.0018263" lon="105.8720624" version="1" timestamp="2021-01-20T13:09:34Z" changeset="97839702" uid="11516268" user="ravali_123" />
  <node id="8342080854" lat="21.0018357" lon="105.8720382" version="1" timestamp="2021-01-20T13:09:34Z" changeset="97839702" uid="11516268" user="ravali_123" />
  <node id="8342080855" lat="21.0018307" lon="105.8720060" version="1" timestamp="2021-01-20T13:09:34Z" changeset="97839702" uid="11516268" user="ravali_123" />
  <node id="8342080856" lat="21.0018194" lon="105.8719745" version="1" timestamp="2021-01-20T13:09:34Z" changeset="97839702" uid="11516268" user="ravali_123" />
  <node id="8342080857" lat="21.0018037" lon="105.8719437" version="1" timestamp="2021-01-20T13:09:34Z" changeset="97839702" uid="11516268" user="ravali_123" />
  <node id="8342080858" lat="21.0015383" lon="105.8715414" version="1" timestamp="2021-01-20T13:09:34Z" changeset="97839702" uid="11516268" user="ravali_123" />
  <node id="8342080859" lat="21.0015295" lon="105.8715105" version="1" timestamp="2021-01-20T13:09:34Z" changeset="97839702" uid="11516268" user="ravali_123" />
  <node id="8342080860" lat="21.0015352" lon="105.8714850" version="1" timestamp="2021-01-20T13:09:34Z" changeset="97839702" uid="11516268" user="ravali_123" />
  <node id="8342080861" lat="21.0015533" lon="105.8715655" version="1" timestamp="2021-01-20T13:09:34Z" changeset="97839702" uid="11516268" user="ravali_123" />
  <node id="8342126391" lat="21.0023221" lon="105.8717036" version="1" timestamp="2021-01-20T13:15:49Z" changeset="97840012" uid="11516268" user="ravali_123" />
  <node id="8342153069" lat="21.0028824" lon="105.8707041" version="2" timestamp="2024-06-30T14:45:22Z" changeset="153372687" uid="3323343" user="phoenixsaigon1698" />
  <node id="8342153070" lat="21.0027740" lon="105.8703277" version="1" timestamp="2021-01-20T13:28:07Z" changeset="97840682" uid="11516268" user="ravali_123" />
  <node id="8342153071" lat="21.0027628" lon="105.8703008" version="1" timestamp="2021-01-20T13:28:07Z" changeset="97840682" uid="11516268" user="ravali_123" />
  <node id="8342153072" lat="21.0027415" lon="105.8702888" version="1" timestamp="2021-01-20T13:28:07Z" changeset="97840682" uid="11516268" user="ravali_123" />
  <node id="8342153073" lat="21.0027190" lon="105.8702901" version="1" timestamp="2021-01-20T13:28:07Z" changeset="97840682" uid="11516268" user="ravali_123" />
  <node id="8342175845" lat="20.9997567" lon="105.8636825" version="1" timestamp="2021-01-20T13:49:43Z" changeset="97841793" uid="11516268" user="ravali_123" />
  <node id="8342179670" lat="21.0029825" lon="105.8652569" version="2" timestamp="2022-10-29T13:21:50Z" changeset="128211214" uid="11691953" user="ItsLouisAnderson" />
  <node id="8342289274" lat="21.0032110" lon="105.8652468" version="1" timestamp="2021-01-20T13:59:56Z" changeset="97842262" uid="11516268" user="ravali_123" />
  <node id="8342452088" lat="20.9978618" lon="105.8647031" version="2" timestamp="2025-02-25T14:14:19Z" changeset="162934157" uid="11196308" user="vietnam321" />
  <node id="8342452089" lat="20.9978706" lon="105.8647068" version="2" timestamp="2025-02-25T14:14:19Z" changeset="162934157" uid="11196308" user="vietnam321" />
  <node id="8342488295" lat="20.9990268" lon="105.8649244" version="2" timestamp="2025-02-25T14:14:19Z" changeset="162934157" uid="11196308" user="vietnam321" />
  <node id="8342488296" lat="20.9985271" lon="105.8650142" version="2" timestamp="2025-02-25T14:14:19Z" changeset="162934157" uid="11196308" user="vietnam321" />
  <node id="8342488297" lat="20.9985033" lon="105.8650276" version="2" timestamp="2025-02-25T14:14:19Z" changeset="162934157" uid="11196308" user="vietnam321" />
  <node id="8342488298" lat="20.9984934" lon="105.8650504" version="2" timestamp="2025-02-25T14:14:19Z" changeset="162934157" uid="11196308" user="vietnam321" />
  <node id="8486580923" lat="20.9972560" lon="105.8655679" version="4" timestamp="2022-12-24T16:43:32Z" changeset="130462015" uid="11691953" user="ItsLouisAnderson">
    <tag k="crossing" v="traffic_signals" />
    <tag k="highway" v="traffic_signals" />
    <tag k="traffic_signals" v="traffic_lights" />
    <tag k="traffic_signals:countdown" v="yes" />
    <tag k="traffic_signals:direction" v="forward" />
  </node>
  <node id="8486580924" lat="20.9976448" lon="105.8656300" version="3" timestamp="2022-10-29T13:21:50Z" changeset="128211214" uid="11691953" user="ItsLouisAnderson">
    <tag k="crossing" v="traffic_signals" />
    <tag k="highway" v="traffic_signals" />
    <tag k="traffic_signals" v="traffic_lights" />
    <tag k="traffic_signals:countdown" v="yes" />
    <tag k="traffic_signals:direction" v="forward" />
  </node>
  <node id="8486580925" lat="20.9972864" lon="105.8653700" version="3" timestamp="2022-10-29T13:21:50Z" changeset="128211214" uid="11691953" user="ItsLouisAnderson">
    <tag k="crossing" v="traffic_signals" />
    <tag k="highway" v="traffic_signals" />
    <tag k="traffic_signals" v="traffic_lights" />
    <tag k="traffic_signals:countdown" v="yes" />
    <tag k="traffic_signals:direction" v="forward" />
  </node>
  <node id="8486580926" lat="20.9976501" lon="105.8654256" version="3" timestamp="2022-10-29T13:21:50Z" changeset="128211214" uid="11691953" user="ItsLouisAnderson">
    <tag k="crossing" v="traffic_signals" />
    <tag k="highway" v="traffic_signals" />
    <tag k="traffic_signals" v="traffic_lights" />
    <tag k="traffic_signals:countdown" v="yes" />
    <tag k="traffic_signals:direction" v="backward" />
  </node>
  <node id="8582191779" lat="20.9974407" lon="105.8679106" version="1" timestamp="2021-04-01T08:49:20Z" changeset="102108994" uid="11691953" user="ItsLouisAnderson" />
  <node id="8582191780" lat="20.9974558" lon="105.8679331" version="1" timestamp="2021-04-01T08:49:20Z" changeset="102108994" uid="11691953" user="ItsLouisAnderson" />
  <node id="8582191781" lat="20.9974578" lon="105.8681938" version="1" timestamp="2021-04-01T08:49:20Z" changeset="102108994" uid="11691953" user="ItsLouisAnderson" />
  <node id="8582191782" lat="20.9973949" lon="105.8682683" version="1" timestamp="2021-04-01T08:49:20Z" changeset="102108994" uid="11691953" user="ItsLouisAnderson" />
  <node id="8582191794" lat="20.9973923" lon="105.8679111" version="1" timestamp="2021-04-01T08:49:20Z" changeset="102108994" uid="11691953" user="ItsLouisAnderson" />
  <node id="8582191795" lat="20.9973919" lon="105.8678737" version="1" timestamp="2021-04-01T08:49:20Z" changeset="102108994" uid="11691953" user="ItsLouisAnderson" />
  <node id="8582191796" lat="20.9971810" lon="105.8678759" version="1" timestamp="2021-04-01T08:49:20Z" changeset="102108994" uid="11691953" user="ItsLouisAnderson" />
  <node id="8582191797" lat="20.9969986" lon="105.8680996" version="1" timestamp="2021-04-01T08:49:20Z" changeset="102108994" uid="11691953" user="ItsLouisAnderson" />
  <node id="8582191798" lat="20.9969995" lon="105.8686621" version="1" timestamp="2021-04-01T08:49:20Z" changeset="102108994" uid="11691953" user="ItsLouisAnderson" />
  <node id="8582191799" lat="20.9972471" lon="105.8686616" version="1" timestamp="2021-04-01T08:49:20Z" changeset="102108994" uid="11691953" user="ItsLouisAnderson" />
  <node id="8582191800" lat="20.9973938" lon="105.8685286" version="1" timestamp="2021-04-01T08:49:20Z" changeset="102108994" uid="11691953" user="ItsLouisAnderson" />
  <node id="8715257020" lat="20.9990392" lon="105.8676802" version="4" timestamp="2024-01-04T02:52:58Z" changeset="145861908" uid="18820325" user="Grab_Cong" />
  <node id="8715257022" lat="20.9985504" lon="105.8655221" version="3" timestamp="2025-02-25T14:14:19Z" changeset="162934157" uid="11196308" user="vietnam321" />
  <node id="8742808360" lat="20.9976017" lon="105.8741423" version="2" timestamp="2024-04-29T05:43:01Z" changeset="150645278" uid="11196308" user="vietnam321" />
  <node id="8742808368" lat="20.9979196" lon="105.8737704" version="2" timestamp="2024-04-29T04:02:04Z" changeset="150643334" uid="11196308" user="vietnam321" />
  <node id="8742808382" lat="20.9981805" lon="105.8742672" version="2" timestamp="2024-04-29T04:02:04Z" changeset="150643334" uid="11196308" user="vietnam321" />
  <node id="8742808384" lat="20.9977266" lon="105.8742752" version="2" timestamp="2024-04-29T05:43:01Z" changeset="150645278" uid="11196308" user="vietnam321" />
  <node id="8742808414" lat="20.9984597" lon="105.8742269" version="2" timestamp="2024-04-29T04:02:04Z" changeset="150643334" uid="11196308" user="vietnam321" />
  <node id="8742818417" lat="20.9977741" lon="105.8742873" version="2" timestamp="2024-04-29T04:02:04Z" changeset="150643334" uid="11196308" user="vietnam321" />
  <node id="8742818424" lat="20.9985860" lon="105.8737155" version="2" timestamp="2024-04-29T04:02:04Z" changeset="150643334" uid="11196308" user="vietnam321" />
  <node id="8742818438" lat="20.9982424" lon="105.8741266" version="2" timestamp="2024-04-29T04:02:04Z" changeset="150643334" uid="11196308" user="vietnam321" />
  <node id="8742818441" lat="20.9977480" lon="105.8738909" version="2" timestamp="2024-04-29T04:02:04Z" changeset="150643334" uid="11196308" user="vietnam321" />
  <node id="8742818449" lat="20.9984596" lon="105.8742693" version="2" timestamp="2024-04-29T04:02:04Z" changeset="150643334" uid="11196308" user="vietnam321" />
  <node id="8742818466" lat="20.9980757" lon="105.8741393" version="2" timestamp="2024-04-29T04:02:04Z" changeset="150643334" uid="11196308" user="vietnam321" />
  <node id="8742818475" lat="20.9984754" lon="105.8741833" version="2" timestamp="2024-04-29T04:02:04Z" changeset="150643334" uid="11196308" user="vietnam321" />
  <node id="8742818513" lat="20.9975061" lon="105.8741423" version="2" timestamp="2024-04-29T05:43:01Z" changeset="150645278" uid="11196308" user="vietnam321" />
  <node id="8742818521" lat="20.9979195" lon="105.8738862" version="2" timestamp="2024-04-29T04:02:04Z" changeset="150643334" uid="11196308" user="vietnam321" />
  <node id="8742818547" lat="20.9981829" lon="105.8737923" version="2" timestamp="2024-04-29T04:02:04Z" changeset="150643334" uid="11196308" user="vietnam321" />
  <node id="8742818549" lat="20.9975061" lon="105.8742752" version="2" timestamp="2024-04-29T05:43:01Z" changeset="150645278" uid="11196308" user="vietnam321" />
  <node id="8742818569" lat="20.9977743" lon="105.8742126" version="2" timestamp="2024-04-29T04:02:04Z" changeset="150643334" uid="11196308" user="vietnam321" />
  <node id="8742818572" lat="20.9977266" lon="105.8738966" version="2" timestamp="2024-04-29T05:43:01Z" changeset="150645278" uid="11196308" user="vietnam321" />
  <node id="8742818578" lat="20.9985842" lon="105.8742296" version="2" timestamp="2024-04-29T04:02:04Z" changeset="150643334" uid="11196308" user="vietnam321" />
  <node id="8742818595" lat="20.9978608" lon="105.8738910" version="2" timestamp="2024-04-29T04:02:04Z" changeset="150643334" uid="11196308" user="vietnam321" />
  <node id="8742818600" lat="20.9982419" lon="105.8742711" version="2" timestamp="2024-04-29T04:02:04Z" changeset="150643334" uid="11196308" user="vietnam321" />
  <node id="8742818603" lat="20.9977476" lon="105.8742126" version="2" timestamp="2024-04-29T04:02:04Z" changeset="150643334" uid="11196308" user="vietnam321" />
  <node id="8742818630" lat="20.9978605" lon="105.8741770" version="2" timestamp="2024-04-29T04:02:04Z" changeset="150643334" uid="11196308" user="vietnam321" />
  <node id="8742818643" lat="20.9975868" lon="105.8738966" version="2" timestamp="2024-04-29T05:43:01Z" changeset="150645278" uid="11196308" user="vietnam321" />
  <node id="8742818647" lat="20.9977667" lon="105.8737703" version="2" timestamp="2024-04-29T04:02:04Z" changeset="150643334" uid="11196308" user="vietnam321" />
  <node id="8742818655" lat="20.9980775" lon="105.8737917" version="2" timestamp="2024-04-29T04:02:04Z" changeset="150643334" uid="11196308" user="vietnam321" />
  <node id="8742818660" lat="20.9984771" lon="105.8737151" version="2" timestamp="2024-04-29T04:02:04Z" changeset="150643334" uid="11196308" user="vietnam321" />
  <node id="8819653568" lat="20.9935312" lon="105.8675616" version="2" timestamp="2026-06-22T08:02:04Z" changeset="184419674" uid="23326231" user="Vmosnokia31" />
  <node id="8830914505" lat="20.9952584" lon="105.8629871" version="1" timestamp="2021-06-14T05:20:06Z" changeset="106307732" uid="11589195" user="ch_shek" />
  <node id="8830914506" lat="20.9952747" lon="105.8630025" version="1" timestamp="2021-06-14T05:20:06Z" changeset="106307732" uid="11589195" user="ch_shek" />
  <node id="8830914507" lat="20.9952806" lon="105.8630156" version="1" timestamp="2021-06-14T05:20:06Z" changeset="106307732" uid="11589195" user="ch_shek" />
  <node id="8830914509" lat="20.9952932" lon="105.8634715" version="2" timestamp="2024-10-03T08:10:17Z" changeset="157407130" uid="21825758" user="GrabVN_HHanh" />
  <node id="8830914510" lat="20.9952628" lon="105.8634813" version="2" timestamp="2024-10-03T08:10:17Z" changeset="157407130" uid="21825758" user="GrabVN_HHanh" />
  <node id="8830914511" lat="20.9945438" lon="105.8630884" version="1" timestamp="2021-06-14T05:20:06Z" changeset="106307732" uid="11589195" user="ch_shek" />
  <node id="8830914512" lat="20.9945657" lon="105.8630481" version="1" timestamp="2021-06-14T05:20:06Z" changeset="106307732" uid="11589195" user="ch_shek" />
  <node id="8830914513" lat="20.9945876" lon="105.8630408" version="1" timestamp="2021-06-14T05:20:06Z" changeset="106307732" uid="11589195" user="ch_shek" />
  <node id="8830921124" lat="20.9951955" lon="105.8690656" version="2" timestamp="2022-12-24T16:43:32Z" changeset="130462015" uid="11691953" user="ItsLouisAnderson" />
  <node id="8831153313" lat="21.0025424" lon="105.8632620" version="1" timestamp="2021-06-14T07:09:24Z" changeset="106315071" uid="11519196" user="span_1" />
  <node id="8831153314" lat="21.0025612" lon="105.8632466" version="1" timestamp="2021-06-14T07:09:24Z" changeset="106315071" uid="11519196" user="span_1" />
  <node id="8831153315" lat="21.0025787" lon="105.8632131" version="1" timestamp="2021-06-14T07:09:24Z" changeset="106315071" uid="11519196" user="span_1" />
  <node id="8831153316" lat="21.0025136" lon="105.8632654" version="1" timestamp="2021-06-14T07:09:24Z" changeset="106315071" uid="11519196" user="span_1" />
  <node id="8831186317" lat="21.0023146" lon="105.8632520" version="1" timestamp="2021-06-14T07:09:24Z" changeset="106315071" uid="11519196" user="span_1" />
  <node id="8831186318" lat="21.0025850" lon="105.8631313" version="1" timestamp="2021-06-14T07:09:24Z" changeset="106315071" uid="11519196" user="span_1" />
  <node id="8831186319" lat="21.0020838" lon="105.8632426" version="1" timestamp="2021-06-14T07:09:24Z" changeset="106315071" uid="11519196" user="span_1" />
  <node id="8831237457" lat="21.0000615" lon="105.8660107" version="2" timestamp="2026-02-08T05:15:47Z" changeset="178252551" uid="11141338" user="FanaticAir75626" />
  <node id="8831269715" lat="21.0020524" lon="105.8679161" version="2" timestamp="2024-06-30T01:40:38Z" changeset="153352705" uid="3323343" user="phoenixsaigon1698" />
  <node id="8831269716" lat="21.0020330" lon="105.8683906" version="2" timestamp="2024-06-30T01:40:38Z" changeset="153352705" uid="3323343" user="phoenixsaigon1698" />
  <node id="8831277537" lat="21.0010250" lon="105.8686218" version="1" timestamp="2021-06-14T07:46:21Z" changeset="106317564" uid="11519196" user="span_1" />
  <node id="8831277538" lat="21.0010049" lon="105.8685775" version="1" timestamp="2021-06-14T07:46:21Z" changeset="106317564" uid="11519196" user="span_1" />
  <node id="8831281017" lat="21.0020294" lon="105.8689990" version="2" timestamp="2024-06-30T01:40:38Z" changeset="153352705" uid="3323343" user="phoenixsaigon1698" />
  <node id="8831281018" lat="21.0020330" lon="105.8693811" version="2" timestamp="2024-06-30T01:40:38Z" changeset="153352705" uid="3323343" user="phoenixsaigon1698" />
  <node id="8831281019" lat="21.0019928" lon="105.8694291" version="1" timestamp="2021-06-14T07:47:13Z" changeset="106317610" uid="11519196" user="span_1" />
  <node id="8831281020" lat="21.0019601" lon="105.8695450" version="1" timestamp="2021-06-14T07:47:13Z" changeset="106317610" uid="11519196" user="span_1" />
  <node id="8833066255" lat="20.9978317" lon="105.8694157" version="1" timestamp="2021-06-14T17:27:41Z" changeset="106350392" uid="11691953" user="ItsLouisAnderson" />
  <node id="8833066256" lat="20.9976285" lon="105.8695075" version="1" timestamp="2021-06-14T17:27:41Z" changeset="106350392" uid="11691953" user="ItsLouisAnderson" />
  <node id="8833066257" lat="20.9977946" lon="105.8699291" version="1" timestamp="2021-06-14T17:27:41Z" changeset="106350392" uid="11691953" user="ItsLouisAnderson" />
  <node id="8833066258" lat="20.9978657" lon="105.8698970" version="1" timestamp="2021-06-14T17:27:41Z" changeset="106350392" uid="11691953" user="ItsLouisAnderson" />
  <node id="8833066259" lat="20.9978829" lon="105.8699407" version="1" timestamp="2021-06-14T17:27:41Z" changeset="106350392" uid="11691953" user="ItsLouisAnderson" />
  <node id="8833066260" lat="20.9980149" lon="105.8698811" version="1" timestamp="2021-06-14T17:27:41Z" changeset="106350392" uid="11691953" user="ItsLouisAnderson" />
  <node id="8833066261" lat="20.9980817" lon="105.8698703" version="1" timestamp="2021-06-14T17:27:41Z" changeset="106350392" uid="11691953" user="ItsLouisAnderson" />
  <node id="8833066262" lat="20.9984275" lon="105.8697188" version="1" timestamp="2021-06-14T17:27:41Z" changeset="106350392" uid="11691953" user="ItsLouisAnderson" />
  <node id="8833066263" lat="20.9984956" lon="105.8698968" version="1" timestamp="2021-06-14T17:27:41Z" changeset="106350392" uid="11691953" user="ItsLouisAnderson" />
  <node id="8833066264" lat="20.9983404" lon="105.8699648" version="1" timestamp="2021-06-14T17:27:41Z" changeset="106350392" uid="11691953" user="ItsLouisAnderson" />
  <node id="8833066265" lat="20.9983216" lon="105.8699158" version="1" timestamp="2021-06-14T17:27:41Z" changeset="106350392" uid="11691953" user="ItsLouisAnderson" />
  <node id="8833066266" lat="20.9981309" lon="105.8699993" version="1" timestamp="2021-06-14T17:27:41Z" changeset="106350392" uid="11691953" user="ItsLouisAnderson" />
  <node id="8833066267" lat="20.9980850" lon="105.8700515" version="1" timestamp="2021-06-14T17:27:41Z" changeset="106350392" uid="11691953" user="ItsLouisAnderson" />
  <node id="8833066268" lat="20.9984522" lon="105.8696380" version="1" timestamp="2021-06-14T17:27:41Z" changeset="106350392" uid="11691953" user="ItsLouisAnderson" />
  <node id="8833066269" lat="20.9985398" lon="105.8699396" version="1" timestamp="2021-06-14T17:27:41Z" changeset="106350392" uid="11691953" user="ItsLouisAnderson" />
  <node id="8833066270" lat="20.9985297" lon="105.8699829" version="1" timestamp="2021-06-14T17:27:41Z" changeset="106350392" uid="11691953" user="ItsLouisAnderson" />
  <node id="8833066271" lat="20.9984944" lon="105.8700100" version="1" timestamp="2021-06-14T17:27:41Z" changeset="106350392" uid="11691953" user="ItsLouisAnderson" />
  <node id="8833066272" lat="20.9984017" lon="105.8700461" version="1" timestamp="2021-06-14T17:27:41Z" changeset="106350392" uid="11691953" user="ItsLouisAnderson" />
  <node id="8833066273" lat="20.9977700" lon="105.8700569" version="1" timestamp="2021-06-14T17:27:41Z" changeset="106350392" uid="11691953" user="ItsLouisAnderson" />
  <node id="8833066274" lat="20.9975645" lon="105.8695228" version="1" timestamp="2021-06-14T17:27:41Z" changeset="106350392" uid="11691953" user="ItsLouisAnderson" />
  <node id="8833066275" lat="20.9980815" lon="105.8711269" version="1" timestamp="2021-06-14T17:27:41Z" changeset="106350392" uid="11691953" user="ItsLouisAnderson" />
  <node id="8833066276" lat="20.9972326" lon="105.8711312" version="1" timestamp="2021-06-14T17:27:41Z" changeset="106350392" uid="11691953" user="ItsLouisAnderson" />
  <node id="8833066277" lat="20.9972335" lon="105.8713284" version="1" timestamp="2021-06-14T17:27:41Z" changeset="106350392" uid="11691953" user="ItsLouisAnderson" />
  <node id="8833066278" lat="20.9972945" lon="105.8713281" version="1" timestamp="2021-06-14T17:27:41Z" changeset="106350392" uid="11691953" user="ItsLouisAnderson" />
  <node id="8833066279" lat="20.9972948" lon="105.8713916" version="1" timestamp="2021-06-14T17:27:41Z" changeset="106350392" uid="11691953" user="ItsLouisAnderson" />
  <node id="8833066280" lat="20.9980305" lon="105.8713876" version="1" timestamp="2021-06-14T17:27:41Z" changeset="106350392" uid="11691953" user="ItsLouisAnderson" />
  <node id="8833066281" lat="20.9980302" lon="105.8713235" version="1" timestamp="2021-06-14T17:27:41Z" changeset="106350392" uid="11691953" user="ItsLouisAnderson" />
  <node id="8833066282" lat="20.9980824" lon="105.8713233" version="1" timestamp="2021-06-14T17:27:41Z" changeset="106350392" uid="11691953" user="ItsLouisAnderson" />
  <node id="8912930358" lat="20.9957906" lon="105.8657647" version="1" timestamp="2021-07-12T06:44:46Z" changeset="107814813" uid="11196308" user="vietnam321" />
  <node id="8912930360" lat="20.9959604" lon="105.8655941" version="1" timestamp="2021-07-12T06:44:46Z" changeset="107814813" uid="11196308" user="vietnam321" />
  <node id="8912930361" lat="20.9955915" lon="105.8655806" version="1" timestamp="2021-07-12T06:44:46Z" changeset="107814813" uid="11196308" user="vietnam321" />
  <node id="8912930364" lat="20.9952925" lon="105.8657905" version="1" timestamp="2021-07-12T06:44:46Z" changeset="107814813" uid="11196308" user="vietnam321" />
  <node id="8912930365" lat="20.9957910" lon="105.8655803" version="1" timestamp="2021-07-12T06:44:46Z" changeset="107814813" uid="11196308" user="vietnam321" />
  <node id="8912930366" lat="20.9958798" lon="105.8653292" version="1" timestamp="2021-07-12T06:44:46Z" changeset="107814813" uid="11196308" user="vietnam321" />
  <node id="8912930367" lat="20.9970003" lon="105.8653819" version="1" timestamp="2021-07-12T06:44:46Z" changeset="107814813" uid="11196308" user="vietnam321" />
  <node id="8912930368" lat="20.9955346" lon="105.8657292" version="1" timestamp="2021-07-12T06:44:46Z" changeset="107814813" uid="11196308" user="vietnam321" />
  <node id="8912930369" lat="20.9957906" lon="105.8656637" version="1" timestamp="2021-07-12T06:44:46Z" changeset="107814813" uid="11196308" user="vietnam321" />
  <node id="8912930370" lat="20.9954629" lon="105.8657919" version="1" timestamp="2021-07-12T06:44:46Z" changeset="107814813" uid="11196308" user="vietnam321" />
  <node id="8912930371" lat="20.9970549" lon="105.8651935" version="1" timestamp="2021-07-12T06:44:46Z" changeset="107814813" uid="11196308" user="vietnam321" />
  <node id="8912930374" lat="20.9961695" lon="105.8656318" version="1" timestamp="2021-07-12T06:44:46Z" changeset="107814813" uid="11196308" user="vietnam321" />
  <node id="8912930375" lat="20.9954613" lon="105.8654016" version="1" timestamp="2021-07-12T06:44:46Z" changeset="107814813" uid="11196308" user="vietnam321" />
  <node id="8912930376" lat="20.9970187" lon="105.8654262" version="1" timestamp="2021-07-12T06:44:46Z" changeset="107814813" uid="11196308" user="vietnam321" />
  <node id="8912930378" lat="20.9955807" lon="105.8657930" version="1" timestamp="2021-07-12T06:44:46Z" changeset="107814813" uid="11196308" user="vietnam321" />
  <node id="8912930382" lat="20.9960574" lon="105.8658818" version="1" timestamp="2021-07-12T06:44:46Z" changeset="107814813" uid="11196308" user="vietnam321" />
  <node id="8912930384" lat="20.9970168" lon="105.8652044" version="1" timestamp="2021-07-12T06:44:46Z" changeset="107814813" uid="11196308" user="vietnam321" />
  <node id="8912930387" lat="20.9960498" lon="105.8657931" version="2" timestamp="2026-04-25T18:41:38Z" changeset="181819167" uid="23326231" user="Vmosnokia31" />
  <node id="8912930390" lat="20.9970632" lon="105.8654432" version="1" timestamp="2021-07-12T06:44:46Z" changeset="107814813" uid="11196308" user="vietnam321" />
  <node id="8912930396" lat="20.9961438" lon="105.8657336" version="1" timestamp="2021-07-12T06:44:46Z" changeset="107814813" uid="11196308" user="vietnam321" />
  <node id="8912930399" lat="20.9969951" lon="105.8652453" version="1" timestamp="2021-07-12T06:44:46Z" changeset="107814813" uid="11196308" user="vietnam321" />
  <node id="8912930405" lat="20.9971130" lon="105.8654388" version="1" timestamp="2021-07-12T06:44:46Z" changeset="107814813" uid="11196308" user="vietnam321" />
  <node id="8912930410" lat="20.9959602" lon="105.8657647" version="1" timestamp="2021-07-12T06:44:46Z" changeset="107814813" uid="11196308" user="vietnam321" />
  <node id="8912930415" lat="20.9970070" lon="105.8653395" version="1" timestamp="2021-07-12T06:44:46Z" changeset="107814813" uid="11196308" user="vietnam321" />
  <node id="8912947920" lat="20.9955913" lon="105.8655329" version="1" timestamp="2021-07-12T06:44:46Z" changeset="107814813" uid="11196308" user="vietnam321" />
  <node id="8912947938" lat="20.9954600" lon="105.8653329" version="1" timestamp="2021-07-12T06:44:46Z" changeset="107814813" uid="11196308" user="vietnam321" />
  <node id="8912947941" lat="20.9955803" lon="105.8657290" version="1" timestamp="2021-07-12T06:44:46Z" changeset="107814813" uid="11196308" user="vietnam321" />
  <node id="8912947944" lat="20.9960776" lon="105.8654253" version="1" timestamp="2021-07-12T06:44:46Z" changeset="107814813" uid="11196308" user="vietnam321" />
  <node id="8912947948" lat="20.9953799" lon="105.8657909" version="1" timestamp="2021-07-12T06:44:46Z" changeset="107814813" uid="11196308" user="vietnam321" />
  <node id="8912947950" lat="20.9954621" lon="105.8655868" version="1" timestamp="2021-07-12T06:44:46Z" changeset="107814813" uid="11196308" user="vietnam321" />
  <node id="8912947951" lat="20.9970410" lon="105.8654369" version="1" timestamp="2021-07-12T06:44:46Z" changeset="107814813" uid="11196308" user="vietnam321" />
  <node id="8912947953" lat="20.9961587" lon="105.8658744" version="1" timestamp="2021-07-12T06:44:46Z" changeset="107814813" uid="11196308" user="vietnam321" />
  <node id="8912947954" lat="20.9970033" lon="105.8652228" version="1" timestamp="2021-07-12T06:44:46Z" changeset="107814813" uid="11196308" user="vietnam321" />
  <node id="8912947955" lat="20.9959947" lon="105.8657948" version="1" timestamp="2021-07-12T06:44:46Z" changeset="107814813" uid="11196308" user="vietnam321" />
  <node id="8912947956" lat="20.9971062" lon="105.8654222" version="1" timestamp="2021-07-12T06:44:46Z" changeset="107814813" uid="11196308" user="vietnam321" />
  <node id="8912947957" lat="20.9959496" lon="105.8658755" version="1" timestamp="2021-07-12T06:44:46Z" changeset="107814813" uid="11196308" user="vietnam321" />
  <node id="8912947960" lat="20.9961834" lon="105.8657261" version="1" timestamp="2021-07-12T06:44:46Z" changeset="107814813" uid="11196308" user="vietnam321" />
  <node id="8912947961" lat="20.9955336" lon="105.8654012" version="1" timestamp="2021-07-12T06:44:46Z" changeset="107814813" uid="11196308" user="vietnam321" />
  <node id="8912947962" lat="20.9970205" lon="105.8653224" version="1" timestamp="2021-07-12T06:44:46Z" changeset="107814813" uid="11196308" user="vietnam321" />
  <node id="8912947964" lat="20.9953463" lon="105.8657908" version="1" timestamp="2021-07-12T06:44:46Z" changeset="107814813" uid="11196308" user="vietnam321" />
  <node id="8912947965" lat="20.9959602" lon="105.8656705" version="1" timestamp="2021-07-12T06:44:46Z" changeset="107814813" uid="11196308" user="vietnam321" />
  <node id="8912947966" lat="20.9971588" lon="105.8654122" version="1" timestamp="2021-07-12T06:44:46Z" changeset="107814813" uid="11196308" user="vietnam321" />
  <node id="8912947968" lat="20.9952936" lon="105.8655207" version="1" timestamp="2021-07-12T06:44:46Z" changeset="107814813" uid="11196308" user="vietnam321" />
  <node id="8912947971" lat="20.9969999" lon="105.8653621" version="1" timestamp="2021-07-12T06:44:46Z" changeset="107814813" uid="11196308" user="vietnam321" />
  <node id="8912947974" lat="20.9960949" lon="105.8655710" version="1" timestamp="2021-07-12T06:44:46Z" changeset="107814813" uid="11196308" user="vietnam321" />
  <node id="8912947977" lat="20.9970807" lon="105.8652053" version="1" timestamp="2021-07-12T06:44:46Z" changeset="107814813" uid="11196308" user="vietnam321" />
  <node id="8912947980" lat="20.9961367" lon="105.8654157" version="1" timestamp="2021-07-12T06:44:46Z" changeset="107814813" uid="11196308" user="vietnam321" />
  <node id="8912947982" lat="20.9970067" lon="105.8654073" version="1" timestamp="2021-07-12T06:44:46Z" changeset="107814813" uid="11196308" user="vietnam321" />
  <node id="8912947990" lat="20.9960382" lon="105.8656589" version="1" timestamp="2021-07-12T06:44:46Z" changeset="107814813" uid="11196308" user="vietnam321" />
  <node id="8912947992" lat="20.9970368" lon="105.8651921" version="1" timestamp="2021-07-12T06:44:46Z" changeset="107814813" uid="11196308" user="vietnam321" />
  <node id="8912948005" lat="20.9955343" lon="105.8656641" version="1" timestamp="2021-07-12T06:44:46Z" changeset="107814813" uid="11196308" user="vietnam321" />
  <node id="8912948008" lat="20.9953808" lon="105.8655861" version="1" timestamp="2021-07-12T06:44:46Z" changeset="107814813" uid="11196308" user="vietnam321" />
  <node id="8912948010" lat="20.9958804" lon="105.8653971" version="1" timestamp="2021-07-12T06:44:46Z" changeset="107814813" uid="11196308" user="vietnam321" />
  <node id="8912948013" lat="20.9955800" lon="105.8658709" version="1" timestamp="2021-07-12T06:44:46Z" changeset="107814813" uid="11196308" user="vietnam321" />
  <node id="8912948017" lat="20.9959605" lon="105.8655812" version="1" timestamp="2021-07-12T06:44:46Z" changeset="107814813" uid="11196308" user="vietnam321" />
  <node id="8912948021" lat="20.9953456" lon="105.8658687" version="1" timestamp="2021-07-12T06:44:46Z" changeset="107814813" uid="11196308" user="vietnam321" />
  <node id="8912948024" lat="20.9959929" lon="105.8656665" version="1" timestamp="2021-07-12T06:44:46Z" changeset="107814813" uid="11196308" user="vietnam321" />
  <node id="8912948025" lat="20.9955342" lon="105.8655332" version="1" timestamp="2021-07-12T06:44:46Z" changeset="107814813" uid="11196308" user="vietnam321" />
  <node id="8912948027" lat="20.9959503" lon="105.8657962" version="1" timestamp="2021-07-12T06:44:46Z" changeset="107814813" uid="11196308" user="vietnam321" />
  <node id="8912948028" lat="20.9953810" lon="105.8655211" version="1" timestamp="2021-07-12T06:44:46Z" changeset="107814813" uid="11196308" user="vietnam321" />
  <node id="9055631297" lat="20.9994381" lon="105.8706511" version="1" timestamp="2021-09-02T09:16:03Z" changeset="110607178" uid="11691953" user="ItsLouisAnderson" />
  <node id="9055631298" lat="20.9992859" lon="105.8706199" version="1" timestamp="2021-09-02T09:16:03Z" changeset="110607178" uid="11691953" user="ItsLouisAnderson" />
  <node id="9055631299" lat="20.9985644" lon="105.8689916" version="3" timestamp="2022-10-29T06:50:42Z" changeset="128198942" uid="11691953" user="ItsLouisAnderson" />
  <node id="9417211700" lat="21.0006443" lon="105.8714536" version="2" timestamp="2024-06-30T14:45:22Z" changeset="153372687" uid="3323343" user="phoenixsaigon1698" />
  <node id="9417211701" lat="21.0007645" lon="105.8713043" version="2" timestamp="2024-06-30T14:45:22Z" changeset="153372687" uid="3323343" user="phoenixsaigon1698" />
  <node id="9417211702" lat="21.0009442" lon="105.8711219" version="1" timestamp="2022-01-14T07:08:20Z" changeset="116135092" uid="13613834" user="GrabVN_Yen" />
  <node id="9417211703" lat="21.0010353" lon="105.8710231" version="1" timestamp="2022-01-14T07:08:20Z" changeset="116135092" uid="13613834" user="GrabVN_Yen" />
  <node id="9596673550" lat="20.9962119" lon="105.8715875" version="2" timestamp="2024-05-03T09:43:21Z" changeset="150827793" uid="3323343" user="phoenixsaigon1698" />
  <node id="9596713797" lat="20.9928460" lon="105.8737393" version="5" timestamp="2026-06-08T14:29:01Z" changeset="183831919" uid="23326231" user="Vmosnokia31" />
  <node id="9596983952" lat="21.0009073" lon="105.8633003" version="1" timestamp="2022-03-22T11:07:08Z" changeset="118773777" uid="14104590" user="volla_la" />
  <node id="9596983953" lat="21.0008973" lon="105.8634210" version="1" timestamp="2022-03-22T11:07:08Z" changeset="118773777" uid="14104590" user="volla_la" />
  <node id="9596983954" lat="21.0008873" lon="105.8634344" version="1" timestamp="2022-03-22T11:07:08Z" changeset="118773777" uid="14104590" user="volla_la" />
  <node id="9596983955" lat="21.0008772" lon="105.8635537" version="1" timestamp="2022-03-22T11:07:08Z" changeset="118773777" uid="14104590" user="volla_la" />
  <node id="9619921697" lat="20.9972535" lon="105.8630041" version="1" timestamp="2022-03-29T04:52:57Z" changeset="119048840" uid="14366156" user="kura_1" />
  <node id="9619921698" lat="20.9971690" lon="105.8630249" version="1" timestamp="2022-03-29T04:52:57Z" changeset="119048840" uid="14366156" user="kura_1" />
  <node id="9619921699" lat="20.9971624" lon="105.8629945" version="1" timestamp="2022-03-29T04:52:57Z" changeset="119048840" uid="14366156" user="kura_1" />
  <node id="9619921700" lat="20.9972470" lon="105.8629737" version="1" timestamp="2022-03-29T04:52:57Z" changeset="119048840" uid="14366156" user="kura_1" />
  <node id="9619921701" lat="20.9975618" lon="105.8638901" version="1" timestamp="2022-03-29T04:52:57Z" changeset="119048840" uid="14366156" user="kura_1" />
  <node id="9619921702" lat="20.9976287" lon="105.8638703" version="1" timestamp="2022-03-29T04:52:57Z" changeset="119048840" uid="14366156" user="kura_1" />
  <node id="9619921703" lat="20.9974933" lon="105.8639104" version="1" timestamp="2022-03-29T04:52:57Z" changeset="119048840" uid="14366156" user="kura_1" />
  <node id="9619921704" lat="20.9975081" lon="105.8639677" version="1" timestamp="2022-03-29T04:52:57Z" changeset="119048840" uid="14366156" user="kura_1" />
  <node id="9619921705" lat="20.9976435" lon="105.8639276" version="1" timestamp="2022-03-29T04:52:57Z" changeset="119048840" uid="14366156" user="kura_1" />
  <node id="9619921706" lat="20.9974465" lon="105.8634435" version="1" timestamp="2022-03-29T04:52:57Z" changeset="119048840" uid="14366156" user="kura_1" />
  <node id="9619921707" lat="20.9976428" lon="105.8638661" version="1" timestamp="2022-03-29T04:52:57Z" changeset="119048840" uid="14366156" user="kura_1" />
  <node id="9619921708" lat="20.9975275" lon="105.8634195" version="1" timestamp="2022-03-29T04:52:57Z" changeset="119048840" uid="14366156" user="kura_1" />
  <node id="9619921709" lat="20.9976906" lon="105.8638588" version="1" timestamp="2022-03-29T04:52:57Z" changeset="119048840" uid="14366156" user="kura_1" />
  <node id="9619921710" lat="20.9977100" lon="105.8638529" version="1" timestamp="2022-03-29T04:52:57Z" changeset="119048840" uid="14366156" user="kura_1" />
  <node id="9619921711" lat="20.9975931" lon="105.8634099" version="1" timestamp="2022-03-29T04:52:57Z" changeset="119048840" uid="14366156" user="kura_1" />
  <node id="9619921712" lat="20.9977024" lon="105.8639032" version="1" timestamp="2022-03-29T04:52:57Z" changeset="119048840" uid="14366156" user="kura_1" />
  <node id="9619921713" lat="20.9978129" lon="105.8638698" version="1" timestamp="2022-03-29T04:52:57Z" changeset="119048840" uid="14366156" user="kura_1" />
  <node id="9619921714" lat="20.9976842" lon="105.8633823" version="1" timestamp="2022-03-29T04:52:57Z" changeset="119048840" uid="14366156" user="kura_1" />
  <node id="9619931646" lat="20.9962138" lon="105.8636212" version="2" timestamp="2026-04-25T18:41:38Z" changeset="181819167" uid="23326231" user="Vmosnokia31" />
  <node id="9619931647" lat="20.9961324" lon="105.8636239" version="2" timestamp="2026-04-25T18:41:38Z" changeset="181819167" uid="23326231" user="Vmosnokia31" />
  <node id="9619931648" lat="20.9961309" lon="105.8635706" version="2" timestamp="2026-04-25T18:41:38Z" changeset="181819167" uid="23326231" user="Vmosnokia31" />
  <node id="9619931649" lat="20.9962123" lon="105.8635680" version="2" timestamp="2026-04-25T18:41:38Z" changeset="181819167" uid="23326231" user="Vmosnokia31" />
  <node id="9619931654" lat="20.9963962" lon="105.8634747" version="1" timestamp="2022-03-29T04:49:59Z" changeset="119048763" uid="14366156" user="kura_1" />
  <node id="9619931655" lat="20.9964032" lon="105.8635162" version="1" timestamp="2022-03-29T04:49:59Z" changeset="119048763" uid="14366156" user="kura_1" />
  <node id="9619931656" lat="20.9964580" lon="105.8635055" version="1" timestamp="2022-03-29T04:49:59Z" changeset="119048763" uid="14366156" user="kura_1" />
  <node id="9619931657" lat="20.9964509" lon="105.8634641" version="1" timestamp="2022-03-29T04:49:59Z" changeset="119048763" uid="14366156" user="kura_1" />
  <node id="9619931658" lat="20.9964469" lon="105.8634517" version="1" timestamp="2022-03-29T04:49:59Z" changeset="119048763" uid="14366156" user="kura_1" />
  <node id="9619931659" lat="20.9963956" lon="105.8634638" version="1" timestamp="2022-03-29T04:49:59Z" changeset="119048763" uid="14366156" user="kura_1" />
  <node id="9619931660" lat="20.9963880" lon="105.8634270" version="1" timestamp="2022-03-29T04:49:59Z" changeset="119048763" uid="14366156" user="kura_1" />
  <node id="9619931661" lat="20.9964394" lon="105.8634149" version="1" timestamp="2022-03-29T04:49:59Z" changeset="119048763" uid="14366156" user="kura_1" />
  <node id="9619931662" lat="20.9960688" lon="105.8631718" version="2" timestamp="2026-04-25T18:41:38Z" changeset="181819167" uid="23326231" user="Vmosnokia31" />
  <node id="9619931663" lat="20.9960685" lon="105.8632177" version="2" timestamp="2026-04-25T18:41:38Z" changeset="181819167" uid="23326231" user="Vmosnokia31" />
  <node id="9619931664" lat="20.9961183" lon="105.8632180" version="2" timestamp="2026-04-25T18:41:38Z" changeset="181819167" uid="23326231" user="Vmosnokia31" />
  <node id="9619931665" lat="20.9961186" lon="105.8631721" version="2" timestamp="2026-04-25T18:41:38Z" changeset="181819167" uid="23326231" user="Vmosnokia31" />
  <node id="9619931666" lat="20.9959110" lon="105.8632575" version="2" timestamp="2026-04-25T18:41:38Z" changeset="181819167" uid="23326231" user="Vmosnokia31" />
  <node id="9619931667" lat="20.9959687" lon="105.8632597" version="2" timestamp="2026-04-25T18:41:38Z" changeset="181819167" uid="23326231" user="Vmosnokia31" />
  <node id="9619931668" lat="20.9959679" lon="105.8633033" version="2" timestamp="2026-04-25T18:41:38Z" changeset="181819167" uid="23326231" user="Vmosnokia31" />
  <node id="9619931669" lat="20.9959102" lon="105.8633011" version="2" timestamp="2026-04-25T18:41:38Z" changeset="181819167" uid="23326231" user="Vmosnokia31" />
  <node id="9619931670" lat="20.9960596" lon="105.8634076" version="1" timestamp="2022-03-29T04:49:59Z" changeset="119048763" uid="14366156" user="kura_1" />
  <node id="9619931671" lat="20.9960611" lon="105.8634640" version="1" timestamp="2022-03-29T04:49:59Z" changeset="119048763" uid="14366156" user="kura_1" />
  <node id="9619931672" lat="20.9960927" lon="105.8634643" version="1" timestamp="2022-03-29T04:49:59Z" changeset="119048763" uid="14366156" user="kura_1" />
  <node id="9619931673" lat="20.9960912" lon="105.8634080" version="1" timestamp="2022-03-29T04:49:59Z" changeset="119048763" uid="14366156" user="kura_1" />
  <node id="9619931674" lat="20.9962148" lon="105.8635597" version="2" timestamp="2026-04-25T18:41:38Z" changeset="181819167" uid="23326231" user="Vmosnokia31" />
  <node id="9619931675" lat="20.9962821" lon="105.8635583" version="2" timestamp="2026-04-25T18:41:38Z" changeset="181819167" uid="23326231" user="Vmosnokia31" />
  <node id="9619931676" lat="20.9962815" lon="105.8635267" version="2" timestamp="2026-04-25T18:41:38Z" changeset="181819167" uid="23326231" user="Vmosnokia31" />
  <node id="9619931677" lat="20.9962142" lon="105.8635281" version="2" timestamp="2026-04-25T18:41:38Z" changeset="181819167" uid="23326231" user="Vmosnokia31" />
  <node id="9619931678" lat="20.9955895" lon="105.8634908" version="1" timestamp="2022-03-29T04:49:59Z" changeset="119048763" uid="14366156" user="kura_1" />
  <node id="9619931679" lat="20.9955882" lon="105.8635558" version="1" timestamp="2022-03-29T04:49:59Z" changeset="119048763" uid="14366156" user="kura_1" />
  <node id="9619931680" lat="20.9956609" lon="105.8635574" version="1" timestamp="2022-03-29T04:49:59Z" changeset="119048763" uid="14366156" user="kura_1" />
  <node id="9619931681" lat="20.9956622" lon="105.8634924" version="1" timestamp="2022-03-29T04:49:59Z" changeset="119048763" uid="14366156" user="kura_1" />
  <node id="9619931686" lat="20.9957602" lon="105.8633831" version="1" timestamp="2022-03-29T04:49:59Z" changeset="119048763" uid="14366156" user="kura_1" />
  <node id="9619931687" lat="20.9957604" lon="105.8634508" version="1" timestamp="2022-03-29T04:49:59Z" changeset="119048763" uid="14366156" user="kura_1" />
  <node id="9619931688" lat="20.9958128" lon="105.8634506" version="1" timestamp="2022-03-29T04:49:59Z" changeset="119048763" uid="14366156" user="kura_1" />
  <node id="9619931689" lat="20.9958126" lon="105.8633829" version="1" timestamp="2022-03-29T04:49:59Z" changeset="119048763" uid="14366156" user="kura_1" />
  <node id="9619931690" lat="20.9962437" lon="105.8634643" version="1" timestamp="2022-03-29T04:49:59Z" changeset="119048763" uid="14366156" user="kura_1" />
  <node id="9619931691" lat="20.9961423" lon="105.8634703" version="1" timestamp="2022-03-29T04:49:59Z" changeset="119048763" uid="14366156" user="kura_1" />
  <node id="9619931692" lat="20.9961391" lon="105.8634075" version="1" timestamp="2022-03-29T04:49:59Z" changeset="119048763" uid="14366156" user="kura_1" />
  <node id="9619931693" lat="20.9962404" lon="105.8634015" version="1" timestamp="2022-03-29T04:49:59Z" changeset="119048763" uid="14366156" user="kura_1" />
  <node id="9619977835" lat="20.9973703" lon="105.8633472" version="1" timestamp="2022-03-29T04:52:57Z" changeset="119048840" uid="14366156" user="kura_1" />
  <node id="9619977836" lat="20.9973415" lon="105.8632869" version="1" timestamp="2022-03-29T04:52:57Z" changeset="119048840" uid="14366156" user="kura_1" />
  <node id="9619977837" lat="20.9972476" lon="105.8633150" version="1" timestamp="2022-03-29T04:52:57Z" changeset="119048840" uid="14366156" user="kura_1" />
  <node id="9619977838" lat="20.9973482" lon="105.8632585" version="1" timestamp="2022-03-29T04:52:57Z" changeset="119048840" uid="14366156" user="kura_1" />
  <node id="9619977839" lat="20.9972693" lon="105.8633725" version="1" timestamp="2022-03-29T04:52:57Z" changeset="119048840" uid="14366156" user="kura_1" />
  <node id="9619977840" lat="20.9975218" lon="105.8633284" version="1" timestamp="2022-03-29T04:52:57Z" changeset="119048840" uid="14366156" user="kura_1" />
  <node id="9619977841" lat="20.9975168" lon="105.8632466" version="1" timestamp="2022-03-29T04:52:57Z" changeset="119048840" uid="14366156" user="kura_1" />
  <node id="9619977842" lat="20.9971141" lon="105.8635775" version="1" timestamp="2022-03-29T04:52:57Z" changeset="119048840" uid="14366156" user="kura_1" />
  <node id="9619977843" lat="20.9971792" lon="105.8638350" version="1" timestamp="2022-03-29T04:52:57Z" changeset="119048840" uid="14366156" user="kura_1" />
  <node id="9619977844" lat="20.9973953" lon="105.8637723" version="1" timestamp="2022-03-29T04:52:57Z" changeset="119048840" uid="14366156" user="kura_1" />
  <node id="9619977845" lat="20.9973302" lon="105.8635148" version="1" timestamp="2022-03-29T04:52:57Z" changeset="119048840" uid="14366156" user="kura_1" />
  <node id="9619977846" lat="20.9972863" lon="105.8638476" version="1" timestamp="2022-03-29T04:52:57Z" changeset="119048840" uid="14366156" user="kura_1" />
  <node id="9619977847" lat="20.9973326" lon="105.8639991" version="1" timestamp="2022-03-29T04:52:57Z" changeset="119048840" uid="14366156" user="kura_1" />
  <node id="9619977848" lat="20.9974554" lon="105.8639561" version="1" timestamp="2022-03-29T04:52:57Z" changeset="119048840" uid="14366156" user="kura_1" />
  <node id="9619977849" lat="20.9974091" lon="105.8638045" version="1" timestamp="2022-03-29T04:52:57Z" changeset="119048840" uid="14366156" user="kura_1" />
  <node id="9623596673" lat="20.9971174" lon="105.8667845" version="1" timestamp="2022-03-30T11:22:26Z" changeset="119111703" uid="14936291" user="vammu_22" />
  <node id="9623596674" lat="20.9971174" lon="105.8668864" version="1" timestamp="2022-03-30T11:22:26Z" changeset="119111703" uid="14936291" user="vammu_22" />
  <node id="9623596675" lat="20.9972801" lon="105.8668864" version="1" timestamp="2022-03-30T11:22:26Z" changeset="119111703" uid="14936291" user="vammu_22" />
  <node id="9623596676" lat="20.9972801" lon="105.8667845" version="1" timestamp="2022-03-30T11:22:26Z" changeset="119111703" uid="14936291" user="vammu_22" />
  <node id="9623596677" lat="20.9974096" lon="105.8664331" version="1" timestamp="2022-03-30T11:22:26Z" changeset="119111703" uid="14936291" user="vammu_22" />
  <node id="9623596678" lat="20.9972945" lon="105.8664304" version="1" timestamp="2022-03-30T11:22:26Z" changeset="119111703" uid="14936291" user="vammu_22" />
  <node id="9623596679" lat="20.9972952" lon="105.8663955" version="1" timestamp="2022-03-30T11:22:26Z" changeset="119111703" uid="14936291" user="vammu_22" />
  <node id="9623596680" lat="20.9974104" lon="105.8663982" version="1" timestamp="2022-03-30T11:22:26Z" changeset="119111703" uid="14936291" user="vammu_22" />
  <node id="9623596681" lat="20.9970272" lon="105.8664250" version="1" timestamp="2022-03-30T11:22:26Z" changeset="119111703" uid="14936291" user="vammu_22" />
  <node id="9623596682" lat="20.9970272" lon="105.8667523" version="1" timestamp="2022-03-30T11:22:26Z" changeset="119111703" uid="14936291" user="vammu_22" />
  <node id="9623596683" lat="20.9971549" lon="105.8667523" version="1" timestamp="2022-03-30T11:22:26Z" changeset="119111703" uid="14936291" user="vammu_22" />
  <node id="9623596684" lat="20.9971549" lon="105.8664250" version="1" timestamp="2022-03-30T11:22:26Z" changeset="119111703" uid="14936291" user="vammu_22" />
  <node id="9623626941" lat="21.0009997" lon="105.8702384" version="1" timestamp="2022-03-30T11:25:50Z" changeset="119111857" uid="14936291" user="vammu_22" />
  <node id="9623626942" lat="21.0005752" lon="105.8704047" version="1" timestamp="2022-03-30T11:25:50Z" changeset="119111857" uid="14936291" user="vammu_22" />
  <node id="9623626943" lat="21.0005242" lon="105.8702552" version="1" timestamp="2022-03-30T11:25:50Z" changeset="119111857" uid="14936291" user="vammu_22" />
  <node id="9623626944" lat="21.0009486" lon="105.8700889" version="1" timestamp="2022-03-30T11:25:50Z" changeset="119111857" uid="14936291" user="vammu_22" />
  <node id="9623626945" lat="21.0000995" lon="105.8705107" version="1" timestamp="2022-03-30T11:25:50Z" changeset="119111857" uid="14936291" user="vammu_22" />
  <node id="9623626946" lat="21.0000154" lon="105.8704748" version="1" timestamp="2022-03-30T11:25:50Z" changeset="119111857" uid="14936291" user="vammu_22" />
  <node id="9623626947" lat="21.0000779" lon="105.8706483" version="1" timestamp="2022-03-30T11:25:50Z" changeset="119111857" uid="14936291" user="vammu_22" />
  <node id="9623626948" lat="21.0001398" lon="105.8706227" version="1" timestamp="2022-03-30T11:25:50Z" changeset="119111857" uid="14936291" user="vammu_22" />
  <node id="9623626949" lat="21.0003462" lon="105.8704078" version="1" timestamp="2022-03-30T11:25:50Z" changeset="119111857" uid="14936291" user="vammu_22" />
  <node id="9623626950" lat="21.0003238" lon="105.8703464" version="1" timestamp="2022-03-30T11:25:50Z" changeset="119111857" uid="14936291" user="vammu_22" />
  <node id="9623626951" lat="21.0005058" lon="105.8690094" version="1" timestamp="2022-03-30T11:25:50Z" changeset="119111857" uid="14936291" user="vammu_22" />
  <node id="9623626952" lat="21.0005621" lon="105.8691877" version="1" timestamp="2022-03-30T11:25:50Z" changeset="119111857" uid="14936291" user="vammu_22" />
  <node id="9623626953" lat="21.0005955" lon="105.8691756" version="1" timestamp="2022-03-30T11:25:50Z" changeset="119111857" uid="14936291" user="vammu_22" />
  <node id="9623626954" lat="21.0005392" lon="105.8689973" version="1" timestamp="2022-03-30T11:25:50Z" changeset="119111857" uid="14936291" user="vammu_22" />
  <node id="9623626955" lat="21.0006769" lon="105.8691080" version="2" timestamp="2022-04-01T10:03:45Z" changeset="119194984" uid="14936291" user="vammu_22" />
  <node id="9623626956" lat="21.0006335" lon="105.8689908" version="2" timestamp="2022-04-01T10:03:45Z" changeset="119194984" uid="14936291" user="vammu_22" />
  <node id="9623626957" lat="21.0006588" lon="105.8691153" version="2" timestamp="2022-04-01T10:03:45Z" changeset="119194984" uid="14936291" user="vammu_22" />
  <node id="9623626958" lat="21.0006174" lon="105.8689972" version="2" timestamp="2022-04-01T10:03:45Z" changeset="119194984" uid="14936291" user="vammu_22" />
  <node id="9623626959" lat="21.0006208" lon="105.8689565" version="2" timestamp="2022-04-01T10:03:45Z" changeset="119194984" uid="14936291" user="vammu_22" />
  <node id="9623626960" lat="21.0006859" lon="105.8691322" version="2" timestamp="2022-04-01T10:03:45Z" changeset="119194984" uid="14936291" user="vammu_22" />
  <node id="9623626961" lat="21.0007289" lon="105.8691139" version="2" timestamp="2022-04-01T10:03:45Z" changeset="119194984" uid="14936291" user="vammu_22" />
  <node id="9623626962" lat="21.0006638" lon="105.8689382" version="2" timestamp="2022-04-01T10:03:45Z" changeset="119194984" uid="14936291" user="vammu_22" />
  <node id="9623626963" lat="21.0001893" lon="105.8691753" version="1" timestamp="2022-03-30T11:25:50Z" changeset="119111857" uid="14936291" user="vammu_22" />
  <node id="9623626964" lat="21.0002256" lon="105.8692946" version="1" timestamp="2022-03-30T11:25:50Z" changeset="119111857" uid="14936291" user="vammu_22" />
  <node id="9623626965" lat="21.0002938" lon="105.8692709" version="1" timestamp="2022-03-30T11:25:50Z" changeset="119111857" uid="14936291" user="vammu_22" />
  <node id="9623626966" lat="21.0002575" lon="105.8691515" version="1" timestamp="2022-03-30T11:25:50Z" changeset="119111857" uid="14936291" user="vammu_22" />
  <node id="9623626967" lat="20.9993470" lon="105.8685339" version="1" timestamp="2022-03-30T11:25:50Z" changeset="119111857" uid="14936291" user="vammu_22" />
  <node id="9623626968" lat="20.9993562" lon="105.8688647" version="1" timestamp="2022-03-30T11:25:50Z" changeset="119111857" uid="14936291" user="vammu_22" />
  <node id="9623626969" lat="20.9994499" lon="105.8688270" version="1" timestamp="2022-03-30T11:25:50Z" changeset="119111857" uid="14936291" user="vammu_22" />
  <node id="9623626970" lat="20.9992170" lon="105.8684745" version="1" timestamp="2022-03-30T11:25:50Z" changeset="119111857" uid="14936291" user="vammu_22" />
  <node id="9623626971" lat="20.9994787" lon="105.8684689" version="1" timestamp="2022-03-30T11:25:50Z" changeset="119111857" uid="14936291" user="vammu_22" />
  <node id="9623626972" lat="20.9994349" lon="105.8683670" version="1" timestamp="2022-03-30T11:25:50Z" changeset="119111857" uid="14936291" user="vammu_22" />
  <node id="9623748460" lat="20.9973705" lon="105.8721695" version="2" timestamp="2026-06-08T04:32:24Z" changeset="183807915" uid="23326231" user="Vmosnokia31" />
  <node id="9623748461" lat="20.9973477" lon="105.8721726" version="2" timestamp="2026-06-08T04:32:24Z" changeset="183807915" uid="23326231" user="Vmosnokia31" />
  <node id="9623748462" lat="20.9973747" lon="105.8722066" version="2" timestamp="2026-06-08T04:32:24Z" changeset="183807915" uid="23326231" user="Vmosnokia31" />
  <node id="9623748463" lat="20.9973519" lon="105.8722096" version="2" timestamp="2026-06-08T04:32:24Z" changeset="183807915" uid="23326231" user="Vmosnokia31" />
  <node id="9623748464" lat="20.9973324" lon="105.8721340" version="2" timestamp="2026-06-08T04:32:24Z" changeset="183807915" uid="23326231" user="Vmosnokia31" />
  <node id="9623748465" lat="20.9973369" lon="105.8721739" version="2" timestamp="2026-06-08T04:32:24Z" changeset="183807915" uid="23326231" user="Vmosnokia31" />
  <node id="9623748466" lat="20.9974855" lon="105.8721545" version="2" timestamp="2026-06-08T04:32:24Z" changeset="183807915" uid="23326231" user="Vmosnokia31" />
  <node id="9623748467" lat="20.9974810" lon="105.8721146" version="2" timestamp="2026-06-08T04:32:24Z" changeset="183807915" uid="23326231" user="Vmosnokia31" />
  <node id="9623748468" lat="20.9965807" lon="105.8722743" version="1" timestamp="2022-03-30T12:05:35Z" changeset="119113705" uid="14936291" user="vammu_22" />
  <node id="9623748469" lat="20.9965864" lon="105.8723263" version="1" timestamp="2022-03-30T12:05:35Z" changeset="119113705" uid="14936291" user="vammu_22" />
  <node id="9623748470" lat="20.9966817" lon="105.8723144" version="1" timestamp="2022-03-30T12:05:35Z" changeset="119113705" uid="14936291" user="vammu_22" />
  <node id="9623748471" lat="20.9966760" lon="105.8722623" version="1" timestamp="2022-03-30T12:05:35Z" changeset="119113705" uid="14936291" user="vammu_22" />
  <node id="9623748472" lat="20.9947254" lon="105.8709476" version="1" timestamp="2022-03-30T12:05:35Z" changeset="119113705" uid="14936291" user="vammu_22" />
  <node id="9623748473" lat="20.9947404" lon="105.8709778" version="1" timestamp="2022-03-30T12:05:35Z" changeset="119113705" uid="14936291" user="vammu_22" />
  <node id="9623748474" lat="20.9948186" lon="105.8709332" version="1" timestamp="2022-03-30T12:05:35Z" changeset="119113705" uid="14936291" user="vammu_22" />
  <node id="9623748475" lat="20.9948036" lon="105.8709030" version="1" timestamp="2022-03-30T12:05:35Z" changeset="119113705" uid="14936291" user="vammu_22" />
  <node id="9623748476" lat="20.9946192" lon="105.8709728" version="1" timestamp="2022-03-30T12:05:35Z" changeset="119113705" uid="14936291" user="vammu_22" />
  <node id="9623748477" lat="20.9946481" lon="105.8710237" version="1" timestamp="2022-03-30T12:05:35Z" changeset="119113705" uid="14936291" user="vammu_22" />
  <node id="9623748478" lat="20.9947043" lon="105.8709871" version="1" timestamp="2022-03-30T12:05:35Z" changeset="119113705" uid="14936291" user="vammu_22" />
  <node id="9623748479" lat="20.9946753" lon="105.8709362" version="1" timestamp="2022-03-30T12:05:35Z" changeset="119113705" uid="14936291" user="vammu_22" />
  <node id="9623748480" lat="20.9946885" lon="105.8710953" version="1" timestamp="2022-03-30T12:05:35Z" changeset="119113705" uid="14936291" user="vammu_22" />
  <node id="9623748481" lat="20.9947361" lon="105.8711919" version="1" timestamp="2022-03-30T12:05:35Z" changeset="119113705" uid="14936291" user="vammu_22" />
  <node id="9623748482" lat="20.9947798" lon="105.8711672" version="1" timestamp="2022-03-30T12:05:35Z" changeset="119113705" uid="14936291" user="vammu_22" />
  <node id="9623748483" lat="20.9947322" lon="105.8710706" version="1" timestamp="2022-03-30T12:05:35Z" changeset="119113705" uid="14936291" user="vammu_22" />
  <node id="9623748484" lat="20.9947062" lon="105.8712526" version="1" timestamp="2022-03-30T12:05:35Z" changeset="119113705" uid="14936291" user="vammu_22" />
  <node id="9623748485" lat="20.9947463" lon="105.8713183" version="1" timestamp="2022-03-30T12:05:35Z" changeset="119113705" uid="14936291" user="vammu_22" />
  <node id="9623748486" lat="20.9947898" lon="105.8712879" version="1" timestamp="2022-03-30T12:05:35Z" changeset="119113705" uid="14936291" user="vammu_22" />
  <node id="9623748487" lat="20.9947497" lon="105.8712222" version="1" timestamp="2022-03-30T12:05:35Z" changeset="119113705" uid="14936291" user="vammu_22" />
  <node id="9623748488" lat="20.9955675" lon="105.8702955" version="1" timestamp="2022-03-30T12:05:35Z" changeset="119113705" uid="14936291" user="vammu_22" />
  <node id="9623748489" lat="20.9955663" lon="105.8703478" version="1" timestamp="2022-03-30T12:05:35Z" changeset="119113705" uid="14936291" user="vammu_22" />
  <node id="9623748490" lat="20.9956124" lon="105.8703491" version="1" timestamp="2022-03-30T12:05:35Z" changeset="119113705" uid="14936291" user="vammu_22" />
  <node id="9623748491" lat="20.9956136" lon="105.8702968" version="1" timestamp="2022-03-30T12:05:35Z" changeset="119113705" uid="14936291" user="vammu_22" />
  <node id="9623748492" lat="20.9959547" lon="105.8702251" version="2" timestamp="2024-05-03T09:43:21Z" changeset="150827793" uid="3323343" user="phoenixsaigon1698" />
  <node id="9623748493" lat="20.9959516" lon="105.8703314" version="2" timestamp="2024-05-03T09:43:21Z" changeset="150827793" uid="3323343" user="phoenixsaigon1698" />
  <node id="9623748494" lat="20.9960136" lon="105.8703353" version="2" timestamp="2024-05-03T09:43:21Z" changeset="150827793" uid="3323343" user="phoenixsaigon1698" />
  <node id="9623748495" lat="20.9960129" lon="105.8702317" version="2" timestamp="2024-05-03T09:43:21Z" changeset="150827793" uid="3323343" user="phoenixsaigon1698" />
  <node id="9623748496" lat="20.9959796" lon="105.8704095" version="1" timestamp="2022-03-30T12:05:35Z" changeset="119113705" uid="14936291" user="vammu_22" />
  <node id="9623748497" lat="20.9959771" lon="105.8704994" version="1" timestamp="2022-03-30T12:05:35Z" changeset="119113705" uid="14936291" user="vammu_22" />
  <node id="9623748498" lat="20.9960387" lon="105.8705013" version="1" timestamp="2022-03-30T12:05:35Z" changeset="119113705" uid="14936291" user="vammu_22" />
  <node id="9623748499" lat="20.9960412" lon="105.8704115" version="1" timestamp="2022-03-30T12:05:35Z" changeset="119113705" uid="14936291" user="vammu_22" />
  <node id="9623748500" lat="20.9960561" lon="105.8704258" version="1" timestamp="2022-03-30T12:05:35Z" changeset="119113705" uid="14936291" user="vammu_22" />
  <node id="9623748501" lat="20.9960523" lon="105.8704996" version="1" timestamp="2022-03-30T12:05:35Z" changeset="119113705" uid="14936291" user="vammu_22" />
  <node id="9623748502" lat="20.9961170" lon="105.8705033" version="1" timestamp="2022-03-30T12:05:35Z" changeset="119113705" uid="14936291" user="vammu_22" />
  <node id="9623748503" lat="20.9961207" lon="105.8704296" version="1" timestamp="2022-03-30T12:05:35Z" changeset="119113705" uid="14936291" user="vammu_22" />
  <node id="9623756193" lat="20.9979784" lon="105.8733051" version="1" timestamp="2022-03-30T12:10:17Z" changeset="119113910" uid="14936291" user="vammu_22" />
  <node id="9623756194" lat="20.9978851" lon="105.8733413" version="1" timestamp="2022-03-30T12:10:17Z" changeset="119113910" uid="14936291" user="vammu_22" />
  <node id="9623756195" lat="20.9978724" lon="105.8733036" version="1" timestamp="2022-03-30T12:10:17Z" changeset="119113910" uid="14936291" user="vammu_22" />
  <node id="9623756196" lat="20.9979656" lon="105.8732674" version="1" timestamp="2022-03-30T12:10:17Z" changeset="119113910" uid="14936291" user="vammu_22" />
  <node id="9623756197" lat="20.9976394" lon="105.8731272" version="1" timestamp="2022-03-30T12:10:17Z" changeset="119113910" uid="14936291" user="vammu_22" />
  <node id="9623756198" lat="20.9976613" lon="105.8731909" version="1" timestamp="2022-03-30T12:10:17Z" changeset="119113910" uid="14936291" user="vammu_22" />
  <node id="9623756199" lat="20.9977190" lon="105.8731681" version="1" timestamp="2022-03-30T12:10:17Z" changeset="119113910" uid="14936291" user="vammu_22" />
  <node id="9623756200" lat="20.9976971" lon="105.8731044" version="1" timestamp="2022-03-30T12:10:17Z" changeset="119113910" uid="14936291" user="vammu_22" />
  <node id="9623756201" lat="20.9979642" lon="105.8729334" version="2" timestamp="2026-06-08T04:32:24Z" changeset="183807915" uid="23326231" user="Vmosnokia31" />
  <node id="9623756202" lat="20.9979999" lon="105.8729931" version="2" timestamp="2026-06-08T04:32:24Z" changeset="183807915" uid="23326231" user="Vmosnokia31" />
  <node id="9623756203" lat="20.9980606" lon="105.8729515" version="2" timestamp="2026-06-08T04:32:24Z" changeset="183807915" uid="23326231" user="Vmosnokia31" />
  <node id="9623756204" lat="20.9980249" lon="105.8728918" version="2" timestamp="2026-06-08T04:32:24Z" changeset="183807915" uid="23326231" user="Vmosnokia31" />
  <node id="9623756205" lat="20.9977610" lon="105.8728286" version="1" timestamp="2022-03-30T12:10:17Z" changeset="119113910" uid="14936291" user="vammu_22" />
  <node id="9623756206" lat="20.9976959" lon="105.8728675" version="1" timestamp="2022-03-30T12:10:17Z" changeset="119113910" uid="14936291" user="vammu_22" />
  <node id="9623756207" lat="20.9976520" lon="105.8727832" version="1" timestamp="2022-03-30T12:10:17Z" changeset="119113910" uid="14936291" user="vammu_22" />
  <node id="9623756208" lat="20.9977171" lon="105.8727443" version="1" timestamp="2022-03-30T12:10:17Z" changeset="119113910" uid="14936291" user="vammu_22" />
  <node id="9623756209" lat="21.0006343" lon="105.8735772" version="1" timestamp="2022-03-30T12:10:17Z" changeset="119113910" uid="14936291" user="vammu_22" />
  <node id="9623756210" lat="21.0005487" lon="105.8735906" version="1" timestamp="2022-03-30T12:10:17Z" changeset="119113910" uid="14936291" user="vammu_22" />
  <node id="9623756211" lat="21.0005436" lon="105.8735532" version="1" timestamp="2022-03-30T12:10:17Z" changeset="119113910" uid="14936291" user="vammu_22" />
  <node id="9623756212" lat="21.0006291" lon="105.8735397" version="1" timestamp="2022-03-30T12:10:17Z" changeset="119113910" uid="14936291" user="vammu_22" />
  <node id="9623756213" lat="21.0003400" lon="105.8735231" version="1" timestamp="2022-03-30T12:10:17Z" changeset="119113910" uid="14936291" user="vammu_22" />
  <node id="9623756214" lat="21.0003563" lon="105.8735775" version="1" timestamp="2022-03-30T12:10:17Z" changeset="119113910" uid="14936291" user="vammu_22" />
  <node id="9623756215" lat="21.0004372" lon="105.8735497" version="1" timestamp="2022-03-30T12:10:17Z" changeset="119113910" uid="14936291" user="vammu_22" />
  <node id="9623756216" lat="21.0004209" lon="105.8734953" version="1" timestamp="2022-03-30T12:10:17Z" changeset="119113910" uid="14936291" user="vammu_22" />
  <node id="9623760917" lat="20.9990160" lon="105.8737503" version="1" timestamp="2022-03-30T12:10:17Z" changeset="119113910" uid="14936291" user="vammu_22" />
  <node id="9623760918" lat="20.9989659" lon="105.8739018" version="1" timestamp="2022-03-30T12:10:17Z" changeset="119113910" uid="14936291" user="vammu_22" />
  <node id="9623760919" lat="20.9990292" lon="105.8739258" version="1" timestamp="2022-03-30T12:10:17Z" changeset="119113910" uid="14936291" user="vammu_22" />
  <node id="9623760920" lat="20.9990793" lon="105.8737743" version="1" timestamp="2022-03-30T12:10:17Z" changeset="119113910" uid="14936291" user="vammu_22" />
  <node id="9623760921" lat="20.9996097" lon="105.8734363" version="1" timestamp="2022-03-30T12:10:17Z" changeset="119113910" uid="14936291" user="vammu_22" />
  <node id="9623760922" lat="20.9995910" lon="105.8734974" version="1" timestamp="2022-03-30T12:10:17Z" changeset="119113910" uid="14936291" user="vammu_22" />
  <node id="9623760923" lat="20.9995207" lon="105.8734725" version="1" timestamp="2022-03-30T12:10:17Z" changeset="119113910" uid="14936291" user="vammu_22" />
  <node id="9623760924" lat="20.9995394" lon="105.8734115" version="1" timestamp="2022-03-30T12:10:17Z" changeset="119113910" uid="14936291" user="vammu_22" />
  <node id="9623760925" lat="20.9993294" lon="105.8722904" version="1" timestamp="2022-03-30T12:10:17Z" changeset="119113910" uid="14936291" user="vammu_22" />
  <node id="9623760926" lat="20.9993744" lon="105.8723521" version="1" timestamp="2022-03-30T12:10:17Z" changeset="119113910" uid="14936291" user="vammu_22" />
  <node id="9623760927" lat="20.9994017" lon="105.8723292" version="1" timestamp="2022-03-30T12:10:17Z" changeset="119113910" uid="14936291" user="vammu_22" />
  <node id="9623760928" lat="20.9993567" lon="105.8722676" version="1" timestamp="2022-03-30T12:10:17Z" changeset="119113910" uid="14936291" user="vammu_22" />
  <node id="9623760929" lat="20.9994199" lon="105.8721752" version="1" timestamp="2022-03-30T12:10:17Z" changeset="119113910" uid="14936291" user="vammu_22" />
  <node id="9623760930" lat="20.9994349" lon="105.8721994" version="1" timestamp="2022-03-30T12:10:17Z" changeset="119113910" uid="14936291" user="vammu_22" />
  <node id="9623760931" lat="20.9994493" lon="105.8721891" version="1" timestamp="2022-03-30T12:10:17Z" changeset="119113910" uid="14936291" user="vammu_22" />
  <node id="9623760932" lat="20.9994343" lon="105.8721650" version="1" timestamp="2022-03-30T12:10:17Z" changeset="119113910" uid="14936291" user="vammu_22" />
  <node id="9623760933" lat="20.9993709" lon="105.8722010" version="1" timestamp="2022-03-30T12:10:17Z" changeset="119113910" uid="14936291" user="vammu_22" />
  <node id="9623760934" lat="20.9994097" lon="105.8722640" version="1" timestamp="2022-03-30T12:10:17Z" changeset="119113910" uid="14936291" user="vammu_22" />
  <node id="9623760935" lat="20.9994549" lon="105.8722320" version="1" timestamp="2022-03-30T12:10:17Z" changeset="119113910" uid="14936291" user="vammu_22" />
  <node id="9623760936" lat="20.9994161" lon="105.8721690" version="1" timestamp="2022-03-30T12:10:17Z" changeset="119113910" uid="14936291" user="vammu_22" />
  <node id="9625386412" lat="20.9936843" lon="105.8703514" version="1" timestamp="2022-03-31T03:28:40Z" changeset="119138995" uid="14936252" user="pinnam_22" />
  <node id="9625386413" lat="20.9936848" lon="105.8704061" version="1" timestamp="2022-03-31T03:28:40Z" changeset="119138995" uid="14936252" user="pinnam_22" />
  <node id="9625386414" lat="20.9937661" lon="105.8704052" version="1" timestamp="2022-03-31T03:28:40Z" changeset="119138995" uid="14936252" user="pinnam_22" />
  <node id="9625386415" lat="20.9937656" lon="105.8703504" version="1" timestamp="2022-03-31T03:28:40Z" changeset="119138995" uid="14936252" user="pinnam_22" />
  <node id="9625386416" lat="20.9936552" lon="105.8704048" version="1" timestamp="2022-03-31T03:28:40Z" changeset="119138995" uid="14936252" user="pinnam_22" />
  <node id="9625418108" lat="21.0026345" lon="105.8635798" version="2" timestamp="2023-12-10T10:40:05Z" changeset="144960022" uid="11196308" user="vietnam321" />
  <node id="9625418109" lat="21.0024066" lon="105.8635785" version="2" timestamp="2023-12-10T10:40:05Z" changeset="144960022" uid="11196308" user="vietnam321" />
  <node id="9625418110" lat="21.0024076" lon="105.8633767" version="2" timestamp="2023-12-10T10:40:05Z" changeset="144960022" uid="11196308" user="vietnam321" />
  <node id="9625418111" lat="21.0026355" lon="105.8633780" version="2" timestamp="2023-12-10T10:40:05Z" changeset="144960022" uid="11196308" user="vietnam321" />
  <node id="9625457406" lat="21.0014592" lon="105.8705655" version="1" timestamp="2022-03-31T03:59:51Z" changeset="119139530" uid="11659599" user="panchamarti" />
  <node id="9625457407" lat="21.0015343" lon="105.8706620" version="1" timestamp="2022-03-31T03:59:51Z" changeset="119139530" uid="11659599" user="panchamarti" />
  <node id="9625457408" lat="21.0015033" lon="105.8706897" version="1" timestamp="2022-03-31T03:59:51Z" changeset="119139530" uid="11659599" user="panchamarti" />
  <node id="9625457409" lat="21.0014281" lon="105.8705932" version="1" timestamp="2022-03-31T03:59:51Z" changeset="119139530" uid="11659599" user="panchamarti" />
  <node id="9625457410" lat="21.0014871" lon="105.8705562" version="1" timestamp="2022-03-31T03:59:51Z" changeset="119139530" uid="11659599" user="panchamarti" />
  <node id="9625457411" lat="21.0015184" lon="105.8705468" version="1" timestamp="2022-03-31T03:59:51Z" changeset="119139530" uid="11659599" user="panchamarti" />
  <node id="9625457412" lat="21.0014920" lon="105.8704457" version="1" timestamp="2022-03-31T03:59:51Z" changeset="119139530" uid="11659599" user="panchamarti" />
  <node id="9625457413" lat="21.0014607" lon="105.8704551" version="1" timestamp="2022-03-31T03:59:51Z" changeset="119139530" uid="11659599" user="panchamarti" />
  <node id="9625457414" lat="21.0018395" lon="105.8704359" version="1" timestamp="2022-03-31T03:59:51Z" changeset="119139530" uid="11659599" user="panchamarti" />
  <node id="9625457415" lat="21.0018723" lon="105.8704189" version="1" timestamp="2022-03-31T03:59:51Z" changeset="119139530" uid="11659599" user="panchamarti" />
  <node id="9625457416" lat="21.0018228" lon="105.8703092" version="1" timestamp="2022-03-31T03:59:51Z" changeset="119139530" uid="11659599" user="panchamarti" />
  <node id="9625459817" lat="20.9935212" lon="105.8704063" version="1" timestamp="2022-03-31T03:28:40Z" changeset="119138995" uid="14936252" user="pinnam_22" />
  <node id="9625459818" lat="20.9935207" lon="105.8703512" version="1" timestamp="2022-03-31T03:28:40Z" changeset="119138995" uid="14936252" user="pinnam_22" />
  <node id="9625459819" lat="20.9936547" lon="105.8703497" version="1" timestamp="2022-03-31T03:28:40Z" changeset="119138995" uid="14936252" user="pinnam_22" />
  <node id="9625487917" lat="21.0017899" lon="105.8703262" version="1" timestamp="2022-03-31T03:59:51Z" changeset="119139530" uid="11659599" user="panchamarti" />
  <node id="9625487918" lat="21.0015711" lon="105.8705610" version="1" timestamp="2022-03-31T03:59:51Z" changeset="119139530" uid="11659599" user="panchamarti" />
  <node id="9625487919" lat="21.0016087" lon="105.8705422" version="1" timestamp="2022-03-31T03:59:51Z" changeset="119139530" uid="11659599" user="panchamarti" />
  <node id="9625487920" lat="21.0015596" lon="105.8704296" version="1" timestamp="2022-03-31T03:59:51Z" changeset="119139530" uid="11659599" user="panchamarti" />
  <node id="9625487921" lat="21.0015220" lon="105.8704483" version="1" timestamp="2022-03-31T03:59:51Z" changeset="119139530" uid="11659599" user="panchamarti" />
  <node id="9625487922" lat="20.9999010" lon="105.8705065" version="1" timestamp="2022-03-31T03:59:51Z" changeset="119139530" uid="11659599" user="panchamarti" />
  <node id="9625487923" lat="20.9999273" lon="105.8705991" version="1" timestamp="2022-03-31T03:59:51Z" changeset="119139530" uid="11659599" user="panchamarti" />
  <node id="9625487924" lat="20.9997767" lon="105.8706482" version="1" timestamp="2022-03-31T03:59:51Z" changeset="119139530" uid="11659599" user="panchamarti" />
  <node id="9625487925" lat="20.9997504" lon="105.8705556" version="1" timestamp="2022-03-31T03:59:51Z" changeset="119139530" uid="11659599" user="panchamarti" />
  <node id="9684708227" lat="21.0004594" lon="105.8662991" version="1" timestamp="2022-04-22T07:38:38Z" changeset="120034225" uid="13749044" user="GrabVN_Ánh Linh Lê" />
  <node id="9684708228" lat="21.0001701" lon="105.8669419" version="2" timestamp="2024-01-04T03:00:42Z" changeset="145862055" uid="18820325" user="Grab_Cong" />
  <node id="9684708229" lat="21.0002947" lon="105.8668604" version="2" timestamp="2024-01-04T03:00:42Z" changeset="145862055" uid="18820325" user="Grab_Cong" />
  <node id="9684708230" lat="21.0005352" lon="105.8665113" version="1" timestamp="2022-04-22T07:38:38Z" changeset="120034225" uid="13749044" user="GrabVN_Ánh Linh Lê" />
  <node id="9684708231" lat="21.0004690" lon="105.8665287" version="1" timestamp="2022-04-22T07:38:38Z" changeset="120034225" uid="13749044" user="GrabVN_Ánh Linh Lê" />
  <node id="9712039724" lat="21.0022387" lon="105.8657266" version="3" timestamp="2026-05-23T05:17:22Z" changeset="183050569" uid="20910140" user="Hung Tran 9x0" />
  <node id="9712039725" lat="21.0025987" lon="105.8657850" version="2" timestamp="2024-06-30T01:40:38Z" changeset="153352705" uid="3323343" user="phoenixsaigon1698" />
  <node id="9712039726" lat="21.0020766" lon="105.8658447" version="2" timestamp="2024-06-30T01:40:38Z" changeset="153352705" uid="3323343" user="phoenixsaigon1698">
    <tag k="noexit" v="yes" />
  </node>
  <node id="9885522673" lat="20.9982470" lon="105.8678089" version="4" timestamp="2026-02-07T16:56:42Z" changeset="178236579" uid="22065819" user="Hung159" />
  <node id="9885522674" lat="20.9986578" lon="105.8684402" version="1" timestamp="2022-07-13T16:20:40Z" changeset="123572540" uid="11691953" user="ItsLouisAnderson" />
  <node id="9885522675" lat="20.9983085" lon="105.8677328" version="4" timestamp="2026-02-07T16:56:42Z" changeset="178236579" uid="22065819" user="Hung159" />
  <node id="9896550301" lat="21.0027090" lon="105.8722725" version="1" timestamp="2022-07-19T03:46:18Z" changeset="123785652" uid="16388127" user="Quwack Jones" />
  <node id="9896550302" lat="21.0026841" lon="105.8723359" version="1" timestamp="2022-07-19T03:46:18Z" changeset="123785652" uid="16388127" user="Quwack Jones" />
  <node id="9896550303" lat="21.0025794" lon="105.8722889" version="1" timestamp="2022-07-19T03:46:18Z" changeset="123785652" uid="16388127" user="Quwack Jones" />
  <node id="9896550304" lat="21.0026042" lon="105.8722255" version="1" timestamp="2022-07-19T03:46:18Z" changeset="123785652" uid="16388127" user="Quwack Jones" />
  <node id="9896550327" lat="21.0031249" lon="105.8743281" version="1" timestamp="2022-07-19T03:46:18Z" changeset="123785652" uid="16388127" user="Quwack Jones" />
  <node id="9896550328" lat="21.0030758" lon="105.8744503" version="1" timestamp="2022-07-19T03:46:18Z" changeset="123785652" uid="16388127" user="Quwack Jones" />
  <node id="9896550329" lat="21.0029310" lon="105.8743835" version="1" timestamp="2022-07-19T03:46:18Z" changeset="123785652" uid="16388127" user="Quwack Jones" />
  <node id="9896550330" lat="21.0029802" lon="105.8742613" version="1" timestamp="2022-07-19T03:46:18Z" changeset="123785652" uid="16388127" user="Quwack Jones" />
  <node id="9896550335" lat="21.0027220" lon="105.8724937" version="1" timestamp="2022-07-19T03:46:18Z" changeset="123785652" uid="16388127" user="Quwack Jones" />
  <node id="9896550336" lat="21.0026271" lon="105.8724529" version="1" timestamp="2022-07-19T03:46:18Z" changeset="123785652" uid="16388127" user="Quwack Jones" />
  <node id="9896550337" lat="21.0025215" lon="105.8727344" version="1" timestamp="2022-07-19T03:46:18Z" changeset="123785652" uid="16388127" user="Quwack Jones" />
  <node id="9896550338" lat="21.0026164" lon="105.8727753" version="1" timestamp="2022-07-19T03:46:18Z" changeset="123785652" uid="16388127" user="Quwack Jones" />
  <node id="9896550339" lat="21.0027555" lon="105.8724068" version="1" timestamp="2022-07-19T03:46:18Z" changeset="123785652" uid="16388127" user="Quwack Jones" />
  <node id="9896550340" lat="21.0026814" lon="105.8723736" version="1" timestamp="2022-07-19T03:46:18Z" changeset="123785652" uid="16388127" user="Quwack Jones" />
  <node id="9896550341" lat="21.0026510" lon="105.8724514" version="1" timestamp="2022-07-19T03:46:18Z" changeset="123785652" uid="16388127" user="Quwack Jones" />
  <node id="9896550342" lat="21.0027251" lon="105.8724845" version="1" timestamp="2022-07-19T03:46:18Z" changeset="123785652" uid="16388127" user="Quwack Jones" />
  <node id="10131986951" lat="20.9960773" lon="105.8710546" version="3" timestamp="2026-05-10T08:56:38Z" changeset="182455948" uid="23326231" user="Vmosnokia31" />
  <node id="10131986952" lat="20.9960896" lon="105.8713564" version="2" timestamp="2026-05-10T08:56:38Z" changeset="182455948" uid="23326231" user="Vmosnokia31" />
  <node id="10137745300" lat="21.0011494" lon="105.8619730" version="1" timestamp="2022-10-29T13:21:50Z" changeset="128211214" uid="11691953" user="ItsLouisAnderson">
    <tag k="highway" v="crossing" />
  </node>
  <node id="10137745303" lat="20.9986697" lon="105.8622480" version="1" timestamp="2022-10-29T13:21:50Z" changeset="128211214" uid="11691953" user="ItsLouisAnderson">
    <tag k="highway" v="crossing" />
  </node>
  <node id="10137745304" lat="20.9992370" lon="105.8621833" version="1" timestamp="2022-10-29T13:21:50Z" changeset="128211214" uid="11691953" user="ItsLouisAnderson">
    <tag k="highway" v="crossing" />
  </node>
  <node id="10137756323" lat="20.9987648" lon="105.8685091" version="1" timestamp="2022-10-29T13:21:50Z" changeset="128211214" uid="11691953" user="ItsLouisAnderson">
    <tag k="highway" v="crossing" />
  </node>
  <node id="10137756340" lat="20.9969627" lon="105.8634770" version="1" timestamp="2022-10-29T13:21:50Z" changeset="128211214" uid="11691953" user="ItsLouisAnderson">
    <tag k="highway" v="crossing" />
  </node>
  <node id="10137756341" lat="20.9978066" lon="105.8658462" version="2" timestamp="2025-02-25T14:14:19Z" changeset="162934157" uid="11196308" user="vietnam321">
    <tag k="highway" v="crossing" />
  </node>
  <node id="10137756342" lat="20.9979121" lon="105.8661244" version="2" timestamp="2026-02-08T05:15:47Z" changeset="178252551" uid="11141338" user="FanaticAir75626">
    <tag k="highway" v="crossing" />
  </node>
  <node id="10137756343" lat="20.9984171" lon="105.8674959" version="2" timestamp="2026-02-08T05:15:47Z" changeset="178252551" uid="11141338" user="FanaticAir75626">
    <tag k="highway" v="crossing" />
  </node>
  <node id="10137756344" lat="20.9985770" lon="105.8679578" version="2" timestamp="2025-08-02T05:33:19Z" changeset="169845514" uid="20910140" user="Hung Tran 9x0">
    <tag k="highway" v="crossing" />
  </node>
  <node id="10137756345" lat="20.9992641" lon="105.8697840" version="2" timestamp="2025-07-21T10:22:51Z" changeset="169235410" uid="16194143" user="Tewuzij">
    <tag k="crossing" v="marked" />
    <tag k="crossing:markings" v="yes" />
    <tag k="highway" v="crossing" />
  </node>
  <node id="10137756346" lat="20.9996028" lon="105.8705384" version="1" timestamp="2022-10-29T13:21:50Z" changeset="128211214" uid="11691953" user="ItsLouisAnderson">
    <tag k="highway" v="crossing" />
  </node>
  <node id="10137756358" lat="21.0030351" lon="105.8652556" version="1" timestamp="2022-10-29T13:21:50Z" changeset="128211214" uid="11691953" user="ItsLouisAnderson">
    <tag k="highway" v="crossing" />
  </node>
  <node id="10137756359" lat="21.0030349" lon="105.8667815" version="1" timestamp="2022-10-29T13:21:50Z" changeset="128211214" uid="11691953" user="ItsLouisAnderson">
    <tag k="highway" v="crossing" />
  </node>
  <node id="10137756374" lat="21.0029754" lon="105.8692686" version="2" timestamp="2024-06-30T14:45:22Z" changeset="153372687" uid="3323343" user="phoenixsaigon1698" />
  <node id="10137756378" lat="21.0029295" lon="105.8637513" version="1" timestamp="2022-10-29T13:21:50Z" changeset="128211214" uid="11691953" user="ItsLouisAnderson">
    <tag k="highway" v="crossing" />
  </node>
  <node id="10137756380" lat="21.0029315" lon="105.8651622" version="1" timestamp="2022-10-29T13:21:50Z" changeset="128211214" uid="11691953" user="ItsLouisAnderson">
    <tag k="highway" v="crossing" />
  </node>
  <node id="10137756382" lat="21.0029362" lon="105.8667831" version="1" timestamp="2022-10-29T13:21:50Z" changeset="128211214" uid="11691953" user="ItsLouisAnderson">
    <tag k="highway" v="crossing" />
  </node>
  <node id="10137756383" lat="21.0029357" lon="105.8672820" version="2" timestamp="2024-06-30T14:45:22Z" changeset="153372687" uid="3323343" user="phoenixsaigon1698">
    <tag k="highway" v="crossing" />
  </node>
  <node id="10137756384" lat="21.0029788" lon="105.8693128" version="2" timestamp="2024-06-30T14:45:22Z" changeset="153372687" uid="3323343" user="phoenixsaigon1698">
    <tag k="highway" v="crossing" />
  </node>
  <node id="10137756389" lat="21.0029833" lon="105.8652040" version="2" timestamp="2025-07-21T10:22:51Z" changeset="169235410" uid="16194143" user="Tewuzij">
    <tag k="crossing" v="marked" />
    <tag k="crossing:markings" v="yes" />
    <tag k="highway" v="crossing" />
  </node>
  <node id="10137756392" lat="21.0029906" lon="105.8628103" version="2" timestamp="2025-07-21T10:22:51Z" changeset="169235410" uid="16194143" user="Tewuzij">
    <tag k="crossing" v="marked" />
    <tag k="crossing:markings" v="yes" />
    <tag k="highway" v="crossing" />
  </node>
  <node id="10137756394" lat="21.0000507" lon="105.8708946" version="2" timestamp="2025-01-30T13:26:09Z" changeset="161937505" uid="11691953" user="ItsLouisAnderson" />
  <node id="10137756395" lat="20.9999980" lon="105.8709163" version="2" timestamp="2025-01-30T13:26:09Z" changeset="161937505" uid="11691953" user="ItsLouisAnderson" />
  <node id="10137756396" lat="20.9998299" lon="105.8711073" version="2" timestamp="2025-01-30T13:26:09Z" changeset="161937505" uid="11691953" user="ItsLouisAnderson" />
  <node id="10137756408" lat="21.0027164" lon="105.8698196" version="2" timestamp="2024-06-30T14:45:22Z" changeset="153372687" uid="3323343" user="phoenixsaigon1698">
    <tag k="highway" v="crossing" />
  </node>
  <node id="10137756409" lat="21.0021160" lon="105.8700494" version="1" timestamp="2022-10-29T13:21:50Z" changeset="128211214" uid="11691953" user="ItsLouisAnderson">
    <tag k="highway" v="crossing" />
  </node>
  <node id="10137756410" lat="21.0023670" lon="105.8699559" version="1" timestamp="2022-10-29T13:21:50Z" changeset="128211214" uid="11691953" user="ItsLouisAnderson">
    <tag k="highway" v="crossing" />
  </node>
  <node id="10137756411" lat="21.0003593" lon="105.8707297" version="1" timestamp="2022-10-29T13:21:50Z" changeset="128211214" uid="11691953" user="ItsLouisAnderson">
    <tag k="highway" v="crossing" />
  </node>
  <node id="10137756459" lat="20.9974105" lon="105.8657285" version="1" timestamp="2022-10-29T13:21:50Z" changeset="128211214" uid="11691953" user="ItsLouisAnderson">
    <tag k="crossing" v="traffic_signals" />
    <tag k="highway" v="crossing" />
  </node>
  <node id="10137756461" lat="20.9975170" lon="105.8652732" version="1" timestamp="2022-10-29T13:21:50Z" changeset="128211214" uid="11691953" user="ItsLouisAnderson">
    <tag k="crossing" v="traffic_signals" />
    <tag k="highway" v="crossing" />
  </node>
  <node id="10139155834" lat="20.9929506" lon="105.8659120" version="2" timestamp="2026-04-27T13:35:28Z" changeset="181891442" uid="23326231" user="Vmosnokia31" />
  <node id="10139155835" lat="20.9929939" lon="105.8659465" version="1" timestamp="2022-10-30T06:54:17Z" changeset="128234263" uid="11691953" user="ItsLouisAnderson" />
  <node id="10139155836" lat="20.9930346" lon="105.8659649" version="1" timestamp="2022-10-30T06:54:17Z" changeset="128234263" uid="11691953" user="ItsLouisAnderson" />
  <node id="10139155855" lat="20.9965653" lon="105.8636080" version="4" timestamp="2025-02-27T00:12:35Z" changeset="162992726" uid="20910140" user="Hung Tran 9x0">
    <tag k="crossing:island" v="no" />
    <tag k="crossing:markings" v="no" />
    <tag k="crossing:signals" v="no" />
    <tag k="highway" v="crossing" />
  </node>
  <node id="10139155856" lat="20.9971020" lon="105.8651037" version="2" timestamp="2024-05-21T06:02:32Z" changeset="151610300" uid="3323343" user="phoenixsaigon1698">
    <tag k="highway" v="crossing" />
  </node>
  <node id="10139155861" lat="20.9978600" lon="105.8674096" version="3" timestamp="2026-05-04T10:24:39Z" changeset="182197605" uid="23326231" user="Vmosnokia31">
    <tag k="crossing" v="marked" />
    <tag k="crossing:markings" v="yes" />
    <tag k="highway" v="crossing" />
  </node>
  <node id="10139155862" lat="20.9979466" lon="105.8677125" version="3" timestamp="2026-05-04T10:24:39Z" changeset="182197605" uid="23326231" user="Vmosnokia31">
    <tag k="crossing" v="marked" />
    <tag k="crossing:markings" v="yes" />
    <tag k="highway" v="crossing" />
  </node>
  <node id="10139155884" lat="21.0021226" lon="105.8735145" version="2" timestamp="2026-06-29T10:32:49Z" changeset="184787634" uid="23326231" user="Vmosnokia31" />
  <node id="10139155914" lat="21.0017372" lon="105.8739687" version="2" timestamp="2026-06-29T10:32:49Z" changeset="184787634" uid="23326231" user="Vmosnokia31">
    <tag k="highway" v="crossing" />
  </node>
  <node id="10139155916" lat="21.0015231" lon="105.8736146" version="1" timestamp="2022-10-30T06:54:17Z" changeset="128234263" uid="11691953" user="ItsLouisAnderson">
    <tag k="highway" v="crossing" />
  </node>
  <node id="10139175318" lat="20.9984887" lon="105.8690204" version="1" timestamp="2022-10-30T06:54:17Z" changeset="128234263" uid="11691953" user="ItsLouisAnderson">
    <tag k="highway" v="crossing" />
  </node>
  <node id="10139175319" lat="20.9986733" lon="105.8695457" version="2" timestamp="2026-05-10T08:56:38Z" changeset="182455948" uid="23326231" user="Vmosnokia31">
    <tag k="highway" v="crossing" />
  </node>
  <node id="10139175320" lat="20.9992222" lon="105.8708604" version="1" timestamp="2022-10-30T06:54:17Z" changeset="128234263" uid="11691953" user="ItsLouisAnderson">
    <tag k="highway" v="crossing" />
  </node>
  <node id="10139175321" lat="20.9993718" lon="105.8711437" version="3" timestamp="2026-06-08T04:32:24Z" changeset="183807915" uid="23326231" user="Vmosnokia31">
    <tag k="highway" v="crossing" />
  </node>
  <node id="10139175322" lat="21.0004212" lon="105.8718544" version="1" timestamp="2022-10-30T06:54:17Z" changeset="128234263" uid="11691953" user="ItsLouisAnderson">
    <tag k="highway" v="crossing" />
  </node>
  <node id="10139175323" lat="21.0015994" lon="105.8730811" version="1" timestamp="2022-10-30T06:54:17Z" changeset="128234263" uid="11691953" user="ItsLouisAnderson">
    <tag k="highway" v="crossing" />
  </node>
  <node id="10139175324" lat="21.0025353" lon="105.8732708" version="2" timestamp="2026-06-29T10:32:49Z" changeset="184787634" uid="23326231" user="Vmosnokia31" />
  <node id="10139175350" lat="21.0023300" lon="105.8701060" version="1" timestamp="2022-10-30T06:54:17Z" changeset="128234263" uid="11691953" user="ItsLouisAnderson">
    <tag k="highway" v="crossing" />
  </node>
  <node id="10139175352" lat="21.0000656" lon="105.8712184" version="1" timestamp="2022-10-30T06:54:17Z" changeset="128234263" uid="11691953" user="ItsLouisAnderson">
    <tag k="highway" v="crossing" />
  </node>
  <node id="10139175447" lat="21.0028713" lon="105.8721712" version="2" timestamp="2026-04-07T00:02:37Z" changeset="180973219" uid="16014056" user="Trần Thanh Tuấn" />
  <node id="10139175449" lat="21.0026041" lon="105.8729588" version="2" timestamp="2023-08-11T09:30:54Z" changeset="139741875" uid="18820325" user="Grab_Cong">
    <tag k="highway" v="crossing" />
  </node>
  <node id="10139175450" lat="21.0032371" lon="105.8715700" version="2" timestamp="2026-04-07T00:02:37Z" changeset="180973219" uid="16014056" user="Trần Thanh Tuấn" />
  <node id="10139175451" lat="21.0031537" lon="105.8717291" version="3" timestamp="2026-04-07T00:02:37Z" changeset="180973219" uid="16014056" user="Trần Thanh Tuấn" />
  <node id="10139175518" lat="21.0022326" lon="105.8753378" version="2" timestamp="2026-04-07T00:02:37Z" changeset="180973219" uid="16014056" user="Trần Thanh Tuấn" />
  <node id="10139175526" lat="20.9977329" lon="105.8674699" version="3" timestamp="2024-09-09T02:24:56Z" changeset="156374193" uid="3323343" user="phoenixsaigon1698" />
  <node id="10139175541" lat="20.9970065" lon="105.8674715" version="3" timestamp="2024-09-09T02:24:56Z" changeset="156374193" uid="3323343" user="phoenixsaigon1698" />
  <node id="10139175542" lat="20.9970023" lon="105.8677024" version="1" timestamp="2022-10-30T06:54:17Z" changeset="128234263" uid="11691953" user="ItsLouisAnderson" />
  <node id="10139175543" lat="20.9968442" lon="105.8673317" version="2" timestamp="2022-12-24T16:43:32Z" changeset="130462015" uid="11691953" user="ItsLouisAnderson">
    <tag k="crossing" v="uncontrolled" />
    <tag k="crossing:markings" v="zebra" />
    <tag k="highway" v="crossing" />
  </node>
  <node id="10197232329" lat="20.9996997" lon="105.8682613" version="1" timestamp="2022-11-17T14:29:45Z" changeset="129045106" uid="349964" user="jmbangate" />
  <node id="10197232330" lat="20.9998531" lon="105.8686871" version="1" timestamp="2022-11-17T14:29:45Z" changeset="129045106" uid="349964" user="jmbangate" />
  <node id="10197232331" lat="21.0000534" lon="105.8686043" version="1" timestamp="2022-11-17T14:29:45Z" changeset="129045106" uid="349964" user="jmbangate" />
  <node id="10197232332" lat="20.9999000" lon="105.8681785" version="1" timestamp="2022-11-17T14:29:45Z" changeset="129045106" uid="349964" user="jmbangate" />
  <node id="10197232333" lat="21.0000546" lon="105.8691582" version="1" timestamp="2022-11-17T14:29:45Z" changeset="129045106" uid="349964" user="jmbangate" />
  <node id="10197232334" lat="20.9998894" lon="105.8686781" version="1" timestamp="2022-11-17T14:29:45Z" changeset="129045106" uid="349964" user="jmbangate" />
  <node id="10197232335" lat="21.0000847" lon="105.8686010" version="1" timestamp="2022-11-17T14:29:45Z" changeset="129045106" uid="349964" user="jmbangate" />
  <node id="10197232336" lat="21.0002500" lon="105.8690811" version="1" timestamp="2022-11-17T14:29:45Z" changeset="129045106" uid="349964" user="jmbangate" />
  <node id="10197232395" lat="20.9944980" lon="105.8704290" version="3" timestamp="2026-04-27T13:42:24Z" changeset="181891746" uid="23326231" user="Vmosnokia31" />
  <node id="10197232396" lat="20.9946755" lon="105.8704315" version="3" timestamp="2026-04-27T13:42:24Z" changeset="181891746" uid="23326231" user="Vmosnokia31" />
  <node id="10197232397" lat="20.9946796" lon="105.8702219" version="2" timestamp="2026-04-27T13:42:24Z" changeset="181891746" uid="23326231" user="Vmosnokia31" />
  <node id="10197232398" lat="20.9945043" lon="105.8702152" version="2" timestamp="2026-04-27T13:42:24Z" changeset="181891746" uid="23326231" user="Vmosnokia31" />
  <node id="10248518769" lat="21.0020735" lon="105.8636351" version="1" timestamp="2022-12-09T09:51:52Z" changeset="129893310" uid="17344224" user="Arkskyle" />
  <node id="10254845842" lat="21.0012769" lon="105.8644507" version="1" timestamp="2022-12-12T05:00:28Z" changeset="129984052" uid="17344224" user="Arkskyle" />
  <node id="10254851152" lat="21.0013058" lon="105.8647528" version="1" timestamp="2022-12-12T04:59:44Z" changeset="129984031" uid="17344224" user="Arkskyle" />
  <node id="10254872518" lat="21.0020859" lon="105.8630899" version="1" timestamp="2022-12-12T05:12:36Z" changeset="129984286" uid="17344224" user="Arkskyle" />
  <node id="10284859765" lat="20.9960935" lon="105.8659875" version="1" timestamp="2022-12-24T16:43:32Z" changeset="130462015" uid="11691953" user="ItsLouisAnderson" />
  <node id="10284859766" lat="20.9962979" lon="105.8659481" version="1" timestamp="2022-12-24T16:43:32Z" changeset="130462015" uid="11691953" user="ItsLouisAnderson" />
  <node id="10284859767" lat="20.9962556" lon="105.8659634" version="1" timestamp="2022-12-24T16:43:32Z" changeset="130462015" uid="11691953" user="ItsLouisAnderson" />
  <node id="10284859768" lat="20.9962112" lon="105.8659760" version="1" timestamp="2022-12-24T16:43:32Z" changeset="130462015" uid="11691953" user="ItsLouisAnderson" />
  <node id="10284859780" lat="20.9963537" lon="105.8674484" version="2" timestamp="2024-09-06T08:03:39Z" changeset="156261242" uid="3323343" user="phoenixsaigon1698">
    <tag k="crossing" v="uncontrolled" />
    <tag k="crossing:markings" v="yes" />
    <tag k="highway" v="crossing" />
  </node>
  <node id="10284859782" lat="20.9954293" lon="105.8674251" version="3" timestamp="2025-07-21T10:22:51Z" changeset="169235410" uid="16194143" user="Tewuzij">
    <tag k="crossing" v="unmarked" />
    <tag k="crossing:markings" v="no" />
    <tag k="highway" v="crossing" />
  </node>
  <node id="10284859787" lat="20.9945357" lon="105.8674469" version="1" timestamp="2022-12-24T16:43:32Z" changeset="130462015" uid="11691953" user="ItsLouisAnderson">
    <tag k="highway" v="crossing" />
  </node>
  <node id="10284859788" lat="20.9951015" lon="105.8674490" version="1" timestamp="2022-12-24T16:43:32Z" changeset="130462015" uid="11691953" user="ItsLouisAnderson">
    <tag k="highway" v="crossing" />
  </node>
  <node id="10284859800" lat="20.9941232" lon="105.8676881" version="2" timestamp="2025-07-21T10:22:51Z" changeset="169235410" uid="16194143" user="Tewuzij">
    <tag k="crossing" v="unmarked" />
    <tag k="crossing:markings" v="no" />
    <tag k="highway" v="crossing" />
  </node>
  <node id="10284870819" lat="20.9966418" lon="105.8675616" version="5" timestamp="2024-09-09T02:24:56Z" changeset="156374193" uid="3323343" user="phoenixsaigon1698">
    <tag k="crossing" v="uncontrolled" />
    <tag k="crossing:markings" v="zebra" />
    <tag k="highway" v="crossing" />
  </node>
  <node id="10284870822" lat="20.9968484" lon="105.8678631" version="2" timestamp="2026-05-04T10:20:51Z" changeset="182197444" uid="23326231" user="Vmosnokia31">
    <tag k="crossing" v="uncontrolled" />
    <tag k="crossing:markings" v="zebra" />
    <tag k="highway" v="crossing" />
  </node>
  <node id="10284870825" lat="20.9955568" lon="105.8675528" version="1" timestamp="2022-12-24T16:43:32Z" changeset="130462015" uid="11691953" user="ItsLouisAnderson">
    <tag k="crossing" v="uncontrolled" />
    <tag k="crossing:markings" v="zebra" />
    <tag k="highway" v="crossing" />
  </node>
  <node id="10284870828" lat="20.9946853" lon="105.8675599" version="1" timestamp="2022-12-24T16:43:32Z" changeset="130462015" uid="11691953" user="ItsLouisAnderson">
    <tag k="crossing" v="uncontrolled" />
    <tag k="crossing:markings" v="zebra" />
    <tag k="highway" v="crossing" />
  </node>
  <node id="10284870844" lat="20.9950751" lon="105.8673870" version="1" timestamp="2022-12-24T16:43:32Z" changeset="130462015" uid="11691953" user="ItsLouisAnderson" />
  <node id="10284870845" lat="20.9950186" lon="105.8673517" version="1" timestamp="2022-12-24T16:43:32Z" changeset="130462015" uid="11691953" user="ItsLouisAnderson" />
  <node id="10284870846" lat="20.9946028" lon="105.8673561" version="1" timestamp="2022-12-24T16:43:32Z" changeset="130462015" uid="11691953" user="ItsLouisAnderson" />
  <node id="10284870848" lat="20.9934259" lon="105.8675621" version="2" timestamp="2026-06-22T08:02:04Z" changeset="184419674" uid="23326231" user="Vmosnokia31">
    <tag k="crossing" v="uncontrolled" />
    <tag k="crossing:markings" v="zebra" />
    <tag k="highway" v="crossing" />
  </node>
  <node id="10284870856" lat="20.9961581" lon="105.8659833" version="1" timestamp="2022-12-24T16:43:32Z" changeset="130462015" uid="11691953" user="ItsLouisAnderson" />
  <node id="10284870885" lat="20.9963302" lon="105.8659994" version="1" timestamp="2022-12-24T16:43:32Z" changeset="130462015" uid="11691953" user="ItsLouisAnderson">
    <tag k="highway" v="crossing" />
  </node>
  <node id="10284870900" lat="20.9939001" lon="105.8689770" version="1" timestamp="2022-12-24T16:43:32Z" changeset="130462015" uid="11691953" user="ItsLouisAnderson">
    <tag k="highway" v="crossing" />
  </node>
  <node id="10284870902" lat="20.9956364" lon="105.8689725" version="1" timestamp="2022-12-24T16:43:32Z" changeset="130462015" uid="11691953" user="ItsLouisAnderson">
    <tag k="highway" v="crossing" />
  </node>
  <node id="10284870903" lat="20.9967811" lon="105.8685903" version="1" timestamp="2022-12-24T16:43:32Z" changeset="130462015" uid="11691953" user="ItsLouisAnderson">
    <tag k="highway" v="crossing" />
  </node>
  <node id="10284870938" lat="20.9969156" lon="105.8656992" version="1" timestamp="2022-12-24T16:43:32Z" changeset="130462015" uid="11691953" user="ItsLouisAnderson">
    <tag k="crossing" v="uncontrolled" />
    <tag k="crossing:markings" v="zebra" />
    <tag k="highway" v="crossing" />
  </node>
  <node id="10284870939" lat="20.9968334" lon="105.8658341" version="2" timestamp="2025-07-21T10:22:51Z" changeset="169235410" uid="16194143" user="Tewuzij">
    <tag k="crossing" v="unmarked" />
    <tag k="crossing:markings" v="no" />
    <tag k="highway" v="crossing" />
  </node>
  <node id="10284870942" lat="20.9952149" lon="105.8659890" version="1" timestamp="2022-12-24T16:43:32Z" changeset="130462015" uid="11691953" user="ItsLouisAnderson">
    <tag k="crossing" v="uncontrolled" />
    <tag k="crossing:markings" v="zebra" />
    <tag k="highway" v="crossing" />
  </node>
  <node id="10284870945" lat="20.9947604" lon="105.8659883" version="1" timestamp="2022-12-24T16:43:32Z" changeset="130462015" uid="11691953" user="ItsLouisAnderson">
    <tag k="crossing" v="uncontrolled" />
    <tag k="crossing:markings" v="zebra" />
    <tag k="highway" v="crossing" />
  </node>
  <node id="10284870948" lat="20.9932856" lon="105.8659815" version="1" timestamp="2022-12-24T16:43:32Z" changeset="130462015" uid="11691953" user="ItsLouisAnderson">
    <tag k="crossing" v="uncontrolled" />
    <tag k="crossing:markings" v="zebra" />
    <tag k="highway" v="crossing" />
  </node>
  <node id="10732468429" lat="20.9998982" lon="105.8741552" version="1" timestamp="2023-03-13T10:41:18Z" changeset="133618979" uid="13749044" user="GrabVN_Ánh Linh Lê" />
  <node id="10732468430" lat="21.0003888" lon="105.8745593" version="1" timestamp="2023-03-13T10:41:18Z" changeset="133618979" uid="13749044" user="GrabVN_Ánh Linh Lê" />
  <node id="10829931678" lat="21.0026486" lon="105.8748243" version="4" timestamp="2026-04-07T00:02:37Z" changeset="180973219" uid="16014056" user="Trần Thanh Tuấn" />
  <node id="10829931679" lat="21.0025149" lon="105.8750908" version="3" timestamp="2026-04-07T00:02:37Z" changeset="180973219" uid="16014056" user="Trần Thanh Tuấn" />
  <node id="10885853123" lat="21.0027933" lon="105.8735444" version="3" timestamp="2026-04-07T00:02:37Z" changeset="180973219" uid="16014056" user="Trần Thanh Tuấn" />
  <node id="10907662277" lat="20.9963883" lon="105.8638205" version="3" timestamp="2024-11-07T15:22:54Z" changeset="158860536" uid="3323343" user="phoenixsaigon1698" />
  <node id="10948689547" lat="21.0023465" lon="105.8752417" version="3" timestamp="2026-05-31T15:44:28Z" changeset="183454771" uid="23326231" user="Vmosnokia31" />
  <node id="10948689548" lat="21.0023945" lon="105.8751421" version="3" timestamp="2026-05-31T15:44:28Z" changeset="183454771" uid="23326231" user="Vmosnokia31" />
  <node id="10948689549" lat="21.0024089" lon="105.8751191" version="3" timestamp="2026-05-31T15:44:28Z" changeset="183454771" uid="23326231" user="Vmosnokia31" />
  <node id="10948689550" lat="21.0024825" lon="105.8750310" version="2" timestamp="2026-05-31T15:44:28Z" changeset="183454771" uid="23326231" user="Vmosnokia31" />
  <node id="10948689551" lat="21.0024512" lon="105.8750601" version="2" timestamp="2026-05-31T15:44:28Z" changeset="183454771" uid="23326231" user="Vmosnokia31" />
  <node id="10948689553" lat="21.0026091" lon="105.8749562" version="3" timestamp="2026-05-31T15:44:28Z" changeset="183454771" uid="23326231" user="Vmosnokia31" />
  <node id="10948689554" lat="21.0025647" lon="105.8749712" version="3" timestamp="2026-05-31T15:44:28Z" changeset="183454771" uid="23326231" user="Vmosnokia31" />
  <node id="11025855344" lat="21.0001205" lon="105.8715466" version="1" timestamp="2023-07-04T14:37:51Z" changeset="138111185" uid="11196308" user="vietnam321" />
  <node id="11027904006" lat="21.0023561" lon="105.8742909" version="4" timestamp="2026-04-07T00:02:37Z" changeset="180973219" uid="16014056" user="Trần Thanh Tuấn" />
  <node id="11027904007" lat="21.0022693" lon="105.8745018" version="2" timestamp="2025-09-21T06:02:44Z" changeset="172230523" uid="22065819" user="Hung159" />
  <node id="11038732725" lat="21.0020791" lon="105.8726224" version="3" timestamp="2024-06-30T14:45:22Z" changeset="153372687" uid="3323343" user="phoenixsaigon1698" />
  <node id="11041513505" lat="20.9958128" lon="105.8646449" version="2" timestamp="2024-11-07T15:22:54Z" changeset="158860536" uid="3323343" user="phoenixsaigon1698">
    <tag k="access" v="permissive" />
    <tag k="barrier" v="gate" />
  </node>
  <node id="11041983391" lat="21.0018474" lon="105.8678392" version="3" timestamp="2024-11-07T15:22:54Z" changeset="158860536" uid="3323343" user="phoenixsaigon1698" />
  <node id="11041983392" lat="21.0018504" lon="105.8682428" version="2" timestamp="2024-10-28T07:17:57Z" changeset="158442125" uid="3323343" user="phoenixsaigon1698" />
  <node id="11041983393" lat="21.0013803" lon="105.8679135" version="3" timestamp="2024-11-07T15:22:54Z" changeset="158860536" uid="3323343" user="phoenixsaigon1698" />
  <node id="11041983394" lat="21.0018018" lon="105.8677676" version="4" timestamp="2024-11-07T15:22:54Z" changeset="158860536" uid="3323343" user="phoenixsaigon1698" />
  <node id="11046698472" lat="20.9977040" lon="105.8657891" version="1" timestamp="2023-07-14T14:13:04Z" changeset="138510042" uid="11691953" user="ItsLouisAnderson" />
  <node id="11046698473" lat="20.9974668" lon="105.8658923" version="1" timestamp="2023-07-14T14:13:04Z" changeset="138510042" uid="11691953" user="ItsLouisAnderson" />
  <node id="11046698474" lat="20.9972349" lon="105.8652233" version="1" timestamp="2023-07-14T14:13:04Z" changeset="138510042" uid="11691953" user="ItsLouisAnderson" />
  <node id="11046698475" lat="20.9974642" lon="105.8651252" version="1" timestamp="2023-07-14T14:13:04Z" changeset="138510042" uid="11691953" user="ItsLouisAnderson" />
  <node id="11096456890" lat="21.0016889" lon="105.8727861" version="2" timestamp="2024-06-30T14:45:22Z" changeset="153372687" uid="3323343" user="phoenixsaigon1698">
    <tag k="access" v="permissive" />
    <tag k="barrier" v="gate" />
  </node>
  <node id="11107293664" lat="21.0022975" lon="105.8729445" version="1" timestamp="2023-08-11T09:30:54Z" changeset="139741875" uid="18820325" user="Grab_Cong" />
  <node id="11107293666" lat="21.0023342" lon="105.8727720" version="1" timestamp="2023-08-11T09:30:54Z" changeset="139741875" uid="18820325" user="Grab_Cong" />
  <node id="11107293667" lat="21.0022699" lon="105.8727031" version="1" timestamp="2023-08-11T09:30:54Z" changeset="139741875" uid="18820325" user="Grab_Cong" />
  <node id="11107293668" lat="21.0020566" lon="105.8729394" version="2" timestamp="2024-06-30T14:45:22Z" changeset="153372687" uid="3323343" user="phoenixsaigon1698" />
  <node id="11107293669" lat="21.0021581" lon="105.8730527" version="1" timestamp="2023-08-11T09:30:54Z" changeset="139741875" uid="18820325" user="Grab_Cong" />
  <node id="11107293670" lat="21.0019242" lon="105.8727914" version="2" timestamp="2024-06-30T14:45:22Z" changeset="153372687" uid="3323343" user="phoenixsaigon1698" />
  <node id="11107293671" lat="21.0023943" lon="105.8728961" version="1" timestamp="2023-08-11T09:30:54Z" changeset="139741875" uid="18820325" user="Grab_Cong" />
  <node id="11153606265" lat="21.0030983" lon="105.8750687" version="5" timestamp="2026-07-09T21:35:11Z" changeset="185437480" uid="20910140" user="Hung Tran 9x0" />
  <node id="11169871356" lat="20.9963525" lon="105.8674105" version="3" timestamp="2024-11-07T15:22:54Z" changeset="158860536" uid="3323343" user="phoenixsaigon1698" />
  <node id="11169871357" lat="20.9954303" lon="105.8673837" version="2" timestamp="2026-02-12T14:54:40Z" changeset="178462032" uid="21825758" user="GrabVN_HHanh">
    <tag k="access" v="no" />
    <tag k="barrier" v="gate" />
  </node>
  <node id="11169871364" lat="20.9967465" lon="105.8660797" version="1" timestamp="2023-09-05T15:27:41Z" changeset="140856282" uid="11691953" user="ItsLouisAnderson" />
  <node id="11169871365" lat="20.9964371" lon="105.8660734" version="1" timestamp="2023-09-05T15:27:41Z" changeset="140856282" uid="11691953" user="ItsLouisAnderson" />
  <node id="11169871366" lat="20.9964330" lon="105.8663030" version="1" timestamp="2023-09-05T15:27:41Z" changeset="140856282" uid="11691953" user="ItsLouisAnderson" />
  <node id="11169871367" lat="20.9967424" lon="105.8663093" version="1" timestamp="2023-09-05T15:27:41Z" changeset="140856282" uid="11691953" user="ItsLouisAnderson" />
  <node id="11169871368" lat="20.9961135" lon="105.8661669" version="1" timestamp="2023-09-05T15:27:41Z" changeset="140856282" uid="11691953" user="ItsLouisAnderson" />
  <node id="11169871369" lat="20.9952736" lon="105.8661617" version="1" timestamp="2023-09-05T15:27:41Z" changeset="140856282" uid="11691953" user="ItsLouisAnderson" />
  <node id="11169871370" lat="20.9952729" lon="105.8663011" version="1" timestamp="2023-09-05T15:27:41Z" changeset="140856282" uid="11691953" user="ItsLouisAnderson" />
  <node id="11169871371" lat="20.9961128" lon="105.8663064" version="1" timestamp="2023-09-05T15:27:41Z" changeset="140856282" uid="11691953" user="ItsLouisAnderson" />
  <node id="11169871372" lat="20.9953600" lon="105.8664380" version="1" timestamp="2023-09-05T15:27:41Z" changeset="140856282" uid="11691953" user="ItsLouisAnderson" />
  <node id="11169871373" lat="20.9953599" lon="105.8664984" version="1" timestamp="2023-09-05T15:27:41Z" changeset="140856282" uid="11691953" user="ItsLouisAnderson" />
  <node id="11169871374" lat="20.9953033" lon="105.8664982" version="1" timestamp="2023-09-05T15:27:41Z" changeset="140856282" uid="11691953" user="ItsLouisAnderson" />
  <node id="11169871375" lat="20.9953030" lon="105.8666647" version="1" timestamp="2023-09-05T15:27:41Z" changeset="140856282" uid="11691953" user="ItsLouisAnderson" />
  <node id="11169871376" lat="20.9955307" lon="105.8666652" version="1" timestamp="2023-09-05T15:27:41Z" changeset="140856282" uid="11691953" user="ItsLouisAnderson" />
  <node id="11169871377" lat="20.9955309" lon="105.8665921" version="1" timestamp="2023-09-05T15:27:41Z" changeset="140856282" uid="11691953" user="ItsLouisAnderson" />
  <node id="11169871378" lat="20.9954627" lon="105.8665919" version="1" timestamp="2023-09-05T15:27:41Z" changeset="140856282" uid="11691953" user="ItsLouisAnderson" />
  <node id="11169871379" lat="20.9954630" lon="105.8664382" version="1" timestamp="2023-09-05T15:27:41Z" changeset="140856282" uid="11691953" user="ItsLouisAnderson" />
  <node id="11169871380" lat="20.9954070" lon="105.8673030" version="1" timestamp="2023-09-05T15:27:41Z" changeset="140856282" uid="11691953" user="ItsLouisAnderson" />
  <node id="11169871381" lat="20.9954087" lon="105.8670288" version="1" timestamp="2023-09-05T15:27:41Z" changeset="140856282" uid="11691953" user="ItsLouisAnderson">
    <tag k="amenity" v="parking_entrance" />
    <tag k="parking" v="underground" />
  </node>
  <node id="11170051918" lat="21.0005949" lon="105.8708197" version="1" timestamp="2023-09-05T17:28:19Z" changeset="140861161" uid="11691953" user="ItsLouisAnderson" />
  <node id="11170051919" lat="21.0004520" lon="105.8708975" version="1" timestamp="2023-09-05T17:28:19Z" changeset="140861161" uid="11691953" user="ItsLouisAnderson" />
  <node id="11170051920" lat="21.0005267" lon="105.8710473" version="1" timestamp="2023-09-05T17:28:19Z" changeset="140861161" uid="11691953" user="ItsLouisAnderson" />
  <node id="11170051921" lat="21.0003985" lon="105.8711005" version="1" timestamp="2023-09-05T17:28:19Z" changeset="140861161" uid="11691953" user="ItsLouisAnderson" />
  <node id="11170051922" lat="21.0004275" lon="105.8711840" version="1" timestamp="2023-09-05T17:28:19Z" changeset="140861161" uid="11691953" user="ItsLouisAnderson" />
  <node id="11170051923" lat="21.0005210" lon="105.8711680" version="1" timestamp="2023-09-05T17:28:19Z" changeset="140861161" uid="11691953" user="ItsLouisAnderson" />
  <node id="11170051924" lat="21.0007030" lon="105.8710573" version="1" timestamp="2023-09-05T17:28:19Z" changeset="140861161" uid="11691953" user="ItsLouisAnderson" />
  <node id="11173421914" lat="20.9941889" lon="105.8678044" version="1" timestamp="2023-09-07T05:46:50Z" changeset="140922180" uid="11691953" user="ItsLouisAnderson" />
  <node id="11173421915" lat="20.9967216" lon="105.8690552" version="1" timestamp="2023-09-07T05:46:50Z" changeset="140922180" uid="11691953" user="ItsLouisAnderson" />
  <node id="11173421916" lat="20.9967177" lon="105.8694752" version="2" timestamp="2026-04-27T13:35:28Z" changeset="181891442" uid="23326231" user="Vmosnokia31">
    <tag k="amenity" v="parking_entrance" />
    <tag k="parking" v="underground" />
  </node>
  <node id="11259015853" lat="20.9997554" lon="105.8669614" version="4" timestamp="2026-03-15T06:11:58Z" changeset="179884342" uid="20910140" user="Hung Tran 9x0">
    <tag k="access" v="no" />
    <tag k="barrier" v="gate" />
    <tag k="locked" v="yes" />
  </node>
  <node id="11259015854" lat="20.9993152" lon="105.8655678" version="4" timestamp="2026-06-06T12:21:41Z" changeset="183735867" uid="20910140" user="Hung Tran 9x0" />
  <node id="11289952329" lat="20.9968442" lon="105.8686702" version="2" timestamp="2026-05-04T10:20:51Z" changeset="182197444" uid="23326231" user="Vmosnokia31" />
  <node id="11289952330" lat="20.9974596" lon="105.8686593" version="1" timestamp="2023-10-26T02:22:18Z" changeset="143140683" uid="18820325" user="Grab_Cong" />
  <node id="11289952331" lat="20.9974583" lon="105.8677104" version="1" timestamp="2023-10-26T02:22:18Z" changeset="143140683" uid="18820325" user="Grab_Cong" />
  <node id="11307003452" lat="21.0001168" lon="105.8646092" version="2" timestamp="2024-06-30T01:40:38Z" changeset="153352705" uid="3323343" user="phoenixsaigon1698" />
  <node id="11407140167" lat="21.0025728" lon="105.8630832" version="1" timestamp="2023-12-10T10:40:05Z" changeset="144960022" uid="11196308" user="vietnam321" />
  <node id="11407140168" lat="21.0025047" lon="105.8630833" version="1" timestamp="2023-12-10T10:40:05Z" changeset="144960022" uid="11196308" user="vietnam321" />
  <node id="11407187569" lat="21.0025047" lon="105.8630907" version="1" timestamp="2023-12-10T10:40:05Z" changeset="144960022" uid="11196308" user="vietnam321" />
  <node id="11407187570" lat="21.0024632" lon="105.8630908" version="1" timestamp="2023-12-10T10:40:05Z" changeset="144960022" uid="11196308" user="vietnam321" />
  <node id="11407187571" lat="21.0024631" lon="105.8630173" version="1" timestamp="2023-12-10T10:40:05Z" changeset="144960022" uid="11196308" user="vietnam321" />
  <node id="11407187572" lat="21.0023838" lon="105.8630175" version="1" timestamp="2023-12-10T10:40:05Z" changeset="144960022" uid="11196308" user="vietnam321" />
  <node id="11407187573" lat="21.0023843" lon="105.8632004" version="1" timestamp="2023-12-10T10:40:05Z" changeset="144960022" uid="11196308" user="vietnam321" />
  <node id="11407187574" lat="21.0022285" lon="105.8632008" version="1" timestamp="2023-12-10T10:40:05Z" changeset="144960022" uid="11196308" user="vietnam321" />
  <node id="11407187575" lat="21.0022282" lon="105.8630976" version="1" timestamp="2023-12-10T10:40:05Z" changeset="144960022" uid="11196308" user="vietnam321" />
  <node id="11407187576" lat="21.0022906" lon="105.8630974" version="1" timestamp="2023-12-10T10:40:05Z" changeset="144960022" uid="11196308" user="vietnam321" />
  <node id="11407187577" lat="21.0022904" lon="105.8630177" version="1" timestamp="2023-12-10T10:40:05Z" changeset="144960022" uid="11196308" user="vietnam321" />
  <node id="11407187578" lat="21.0022088" lon="105.8630180" version="1" timestamp="2023-12-10T10:40:05Z" changeset="144960022" uid="11196308" user="vietnam321" />
  <node id="11407187579" lat="21.0022087" lon="105.8629788" version="1" timestamp="2023-12-10T10:40:05Z" changeset="144960022" uid="11196308" user="vietnam321" />
  <node id="11407187580" lat="21.0022200" lon="105.8629788" version="1" timestamp="2023-12-10T10:40:05Z" changeset="144960022" uid="11196308" user="vietnam321" />
  <node id="11407187581" lat="21.0022198" lon="105.8629062" version="1" timestamp="2023-12-10T10:40:05Z" changeset="144960022" uid="11196308" user="vietnam321" />
  <node id="11407187582" lat="21.0022920" lon="105.8629060" version="1" timestamp="2023-12-10T10:40:05Z" changeset="144960022" uid="11196308" user="vietnam321" />
  <node id="11407187583" lat="21.0022921" lon="105.8629155" version="1" timestamp="2023-12-10T10:40:05Z" changeset="144960022" uid="11196308" user="vietnam321" />
  <node id="11407187584" lat="21.0024698" lon="105.8629152" version="1" timestamp="2023-12-10T10:40:05Z" changeset="144960022" uid="11196308" user="vietnam321" />
  <node id="11407187585" lat="21.0024693" lon="105.8625674" version="1" timestamp="2023-12-10T10:40:05Z" changeset="144960022" uid="11196308" user="vietnam321" />
  <node id="11407187586" lat="21.0024467" lon="105.8625674" version="1" timestamp="2023-12-10T10:40:05Z" changeset="144960022" uid="11196308" user="vietnam321" />
  <node id="11407187587" lat="21.0024466" lon="105.8624974" version="1" timestamp="2023-12-10T10:40:05Z" changeset="144960022" uid="11196308" user="vietnam321" />
  <node id="11407187588" lat="21.0025297" lon="105.8624972" version="1" timestamp="2023-12-10T10:40:05Z" changeset="144960022" uid="11196308" user="vietnam321" />
  <node id="11407187589" lat="21.0025297" lon="105.8625361" version="1" timestamp="2023-12-10T10:40:05Z" changeset="144960022" uid="11196308" user="vietnam321" />
  <node id="11407187590" lat="21.0025723" lon="105.8625361" version="1" timestamp="2023-12-10T10:40:05Z" changeset="144960022" uid="11196308" user="vietnam321" />
  <node id="11407187591" lat="21.0026450" lon="105.8629121" version="1" timestamp="2023-12-10T10:40:05Z" changeset="144960022" uid="11196308" user="vietnam321" />
  <node id="11407187592" lat="21.0026433" lon="105.8631860" version="1" timestamp="2023-12-10T10:40:05Z" changeset="144960022" uid="11196308" user="vietnam321" />
  <node id="11407187593" lat="21.0028029" lon="105.8631871" version="1" timestamp="2023-12-10T10:40:05Z" changeset="144960022" uid="11196308" user="vietnam321" />
  <node id="11407187594" lat="21.0028039" lon="105.8630166" version="1" timestamp="2023-12-10T10:40:05Z" changeset="144960022" uid="11196308" user="vietnam321" />
  <node id="11407187595" lat="21.0028202" lon="105.8629938" version="1" timestamp="2023-12-10T10:40:05Z" changeset="144960022" uid="11196308" user="vietnam321" />
  <node id="11407187596" lat="21.0028227" lon="105.8629696" version="1" timestamp="2023-12-10T10:40:05Z" changeset="144960022" uid="11196308" user="vietnam321" />
  <node id="11407187597" lat="21.0028152" lon="105.8629522" version="1" timestamp="2023-12-10T10:40:05Z" changeset="144960022" uid="11196308" user="vietnam321" />
  <node id="11407187598" lat="21.0027977" lon="105.8629321" version="1" timestamp="2023-12-10T10:40:05Z" changeset="144960022" uid="11196308" user="vietnam321" />
  <node id="11407187599" lat="21.0026807" lon="105.8629312" version="1" timestamp="2023-12-10T10:40:05Z" changeset="144960022" uid="11196308" user="vietnam321" />
  <node id="11407187600" lat="21.0026808" lon="105.8629123" version="1" timestamp="2023-12-10T10:40:05Z" changeset="144960022" uid="11196308" user="vietnam321" />
  <node id="11407187605" lat="21.0023426" lon="105.8633149" version="1" timestamp="2023-12-10T10:40:05Z" changeset="144960022" uid="11196308" user="vietnam321" />
  <node id="11407187606" lat="21.0023400" lon="105.8634517" version="1" timestamp="2023-12-10T10:40:05Z" changeset="144960022" uid="11196308" user="vietnam321" />
  <node id="11407187607" lat="21.0022542" lon="105.8634498" version="1" timestamp="2023-12-10T10:40:05Z" changeset="144960022" uid="11196308" user="vietnam321" />
  <node id="11407187608" lat="21.0022568" lon="105.8633130" version="1" timestamp="2023-12-10T10:40:05Z" changeset="144960022" uid="11196308" user="vietnam321" />
  <node id="11407187609" lat="21.0023502" lon="105.8634977" version="1" timestamp="2023-12-10T10:40:05Z" changeset="144960022" uid="11196308" user="vietnam321" />
  <node id="11407187610" lat="21.0023481" lon="105.8635775" version="1" timestamp="2023-12-10T10:40:05Z" changeset="144960022" uid="11196308" user="vietnam321" />
  <node id="11407187611" lat="21.0022015" lon="105.8635730" version="1" timestamp="2023-12-10T10:40:05Z" changeset="144960022" uid="11196308" user="vietnam321" />
  <node id="11407187612" lat="21.0022037" lon="105.8634932" version="1" timestamp="2023-12-10T10:40:05Z" changeset="144960022" uid="11196308" user="vietnam321" />
  <node id="11428072098" lat="20.9971611" lon="105.8634192" version="2" timestamp="2025-08-15T15:09:58Z" changeset="170485613" uid="20910140" user="Hung Tran 9x0" />
  <node id="11442636948" lat="20.9965351" lon="105.8632927" version="2" timestamp="2026-04-25T18:41:38Z" changeset="181819167" uid="23326231" user="Vmosnokia31" />
  <node id="11442636949" lat="20.9961445" lon="105.8633797" version="2" timestamp="2026-04-25T18:41:38Z" changeset="181819167" uid="23326231" user="Vmosnokia31" />
  <node id="11442636951" lat="20.9960889" lon="105.8633780" version="2" timestamp="2026-04-25T18:41:38Z" changeset="181819167" uid="23326231" user="Vmosnokia31" />
  <node id="11442636952" lat="20.9960156" lon="105.8633765" version="2" timestamp="2026-04-25T18:41:38Z" changeset="181819167" uid="23326231" user="Vmosnokia31" />
  <node id="11442636953" lat="20.9957518" lon="105.8633723" version="2" timestamp="2026-04-25T18:41:38Z" changeset="181819167" uid="23326231" user="Vmosnokia31" />
  <node id="11484347391" lat="20.9989289" lon="105.8677435" version="1" timestamp="2024-01-04T02:52:58Z" changeset="145861908" uid="18820325" user="Grab_Cong" />
  <node id="11484347392" lat="20.9990590" lon="105.8677225" version="1" timestamp="2024-01-04T02:52:58Z" changeset="145861908" uid="18820325" user="Grab_Cong" />
  <node id="11484347393" lat="20.9989874" lon="105.8675201" version="1" timestamp="2024-01-04T02:52:58Z" changeset="145861908" uid="18820325" user="Grab_Cong" />
  <node id="11484347394" lat="20.9993674" lon="105.8674939" version="1" timestamp="2024-01-04T02:52:58Z" changeset="145861908" uid="18820325" user="Grab_Cong" />
  <node id="11484347395" lat="20.9993390" lon="105.8677710" version="1" timestamp="2024-01-04T02:52:58Z" changeset="145861908" uid="18820325" user="Grab_Cong" />
  <node id="11484347396" lat="20.9993517" lon="105.8678076" version="1" timestamp="2024-01-04T02:52:58Z" changeset="145861908" uid="18820325" user="Grab_Cong" />
  <node id="11484347397" lat="20.9993669" lon="105.8678537" version="1" timestamp="2024-01-04T02:52:58Z" changeset="145861908" uid="18820325" user="Grab_Cong" />
  <node id="11484347398" lat="20.9993884" lon="105.8679703" version="1" timestamp="2024-01-04T02:52:58Z" changeset="145861908" uid="18820325" user="Grab_Cong" />
  <node id="11484347399" lat="20.9994007" lon="105.8680331" version="1" timestamp="2024-01-04T02:52:58Z" changeset="145861908" uid="18820325" user="Grab_Cong" />
  <node id="11484347400" lat="20.9994079" lon="105.8673990" version="1" timestamp="2024-01-04T02:52:58Z" changeset="145861908" uid="18820325" user="Grab_Cong" />
  <node id="11484356938" lat="20.9997299" lon="105.8670967" version="2" timestamp="2025-08-02T05:33:19Z" changeset="169845514" uid="20910140" user="Hung Tran 9x0" />
  <node id="11484356939" lat="20.9996335" lon="105.8671322" version="1" timestamp="2024-01-04T03:00:42Z" changeset="145862055" uid="18820325" user="Grab_Cong" />
  <node id="11484356940" lat="21.0006691" lon="105.8664465" version="2" timestamp="2024-06-30T01:40:38Z" changeset="153352705" uid="3323343" user="phoenixsaigon1698" />
  <node id="11500379299" lat="20.9963874" lon="105.8673481" version="2" timestamp="2024-09-06T08:03:39Z" changeset="156261242" uid="3323343" user="phoenixsaigon1698" />
  <node id="11500379300" lat="20.9964103" lon="105.8673210" version="2" timestamp="2024-09-06T08:03:39Z" changeset="156261242" uid="3323343" user="phoenixsaigon1698" />
  <node id="11500379301" lat="20.9964184" lon="105.8672962" version="2" timestamp="2024-09-06T08:03:39Z" changeset="156261242" uid="3323343" user="phoenixsaigon1698" />
  <node id="11500379302" lat="20.9964226" lon="105.8672737" version="2" timestamp="2024-09-06T08:03:39Z" changeset="156261242" uid="3323343" user="phoenixsaigon1698" />
  <node id="11500379303" lat="20.9964179" lon="105.8672487" version="1" timestamp="2024-01-08T15:38:29Z" changeset="146033805" uid="3323343" user="phoenixsaigon1698" />
  <node id="11647727661" lat="21.0003054" lon="105.8628763" version="1" timestamp="2024-02-21T04:12:01Z" changeset="147716148" uid="17344224" user="Arkskyle" />
  <node id="11647727662" lat="21.0002731" lon="105.8628678" version="1" timestamp="2024-02-21T04:12:01Z" changeset="147716148" uid="17344224" user="Arkskyle" />
  <node id="11647727663" lat="21.0003041" lon="105.8629430" version="1" timestamp="2024-02-21T04:12:01Z" changeset="147716148" uid="17344224" user="Arkskyle" />
  <node id="11648222514" lat="21.0014130" lon="105.8717611" version="1" timestamp="2024-02-21T04:25:51Z" changeset="147716430" uid="16294132" user="Takeshi Nagayama" />
  <node id="11648222515" lat="21.0011010" lon="105.8719488" version="1" timestamp="2024-02-21T04:25:51Z" changeset="147716430" uid="16294132" user="Takeshi Nagayama" />
  <node id="11648222516" lat="21.0009931" lon="105.8717543" version="1" timestamp="2024-02-21T04:25:51Z" changeset="147716430" uid="16294132" user="Takeshi Nagayama" />
  <node id="11648222517" lat="21.0013083" lon="105.8715643" version="1" timestamp="2024-02-21T04:25:51Z" changeset="147716430" uid="16294132" user="Takeshi Nagayama" />
  <node id="11648637185" lat="21.0011368" lon="105.8716571" version="1" timestamp="2024-02-21T08:37:44Z" changeset="147722764" uid="16294132" user="Takeshi Nagayama" />
  <node id="11648637186" lat="21.0009991" lon="105.8717413" version="1" timestamp="2024-02-21T08:37:44Z" changeset="147722764" uid="16294132" user="Takeshi Nagayama" />
  <node id="11648637187" lat="21.0009254" lon="105.8716052" version="1" timestamp="2024-02-21T08:37:44Z" changeset="147722764" uid="16294132" user="Takeshi Nagayama" />
  <node id="11648637188" lat="21.0010641" lon="105.8715190" version="1" timestamp="2024-02-21T08:37:44Z" changeset="147722764" uid="16294132" user="Takeshi Nagayama" />
  <node id="11652499393" lat="21.0019585" lon="105.8712322" version="1" timestamp="2024-02-22T10:39:29Z" changeset="147766982" uid="16294132" user="Takeshi Nagayama" />
  <node id="11652499394" lat="21.0021858" lon="105.8716068" version="1" timestamp="2024-02-22T10:39:29Z" changeset="147766982" uid="16294132" user="Takeshi Nagayama" />
  <node id="11652499395" lat="21.0018274" lon="105.8718559" version="1" timestamp="2024-02-22T10:39:29Z" changeset="147766982" uid="16294132" user="Takeshi Nagayama" />
  <node id="11652499396" lat="21.0016018" lon="105.8714813" version="1" timestamp="2024-02-22T10:39:29Z" changeset="147766982" uid="16294132" user="Takeshi Nagayama" />
  <node id="11652678097" lat="20.9995429" lon="105.8737562" version="1" timestamp="2024-02-22T12:17:57Z" changeset="147770981" uid="16294132" user="Takeshi Nagayama" />
  <node id="11652678098" lat="20.9995163" lon="105.8737482" version="1" timestamp="2024-02-22T12:17:57Z" changeset="147770981" uid="16294132" user="Takeshi Nagayama" />
  <node id="11652678099" lat="20.9995404" lon="105.8736710" version="1" timestamp="2024-02-22T12:17:57Z" changeset="147770981" uid="16294132" user="Takeshi Nagayama" />
  <node id="11652678100" lat="20.9995652" lon="105.8736798" version="1" timestamp="2024-02-22T12:17:57Z" changeset="147770981" uid="16294132" user="Takeshi Nagayama" />
  <node id="11653339953" lat="20.9981157" lon="105.8745165" version="1" timestamp="2024-02-22T17:16:28Z" changeset="147782298" uid="16294132" user="Takeshi Nagayama" />
  <node id="11653339954" lat="20.9981279" lon="105.8745157" version="1" timestamp="2024-02-22T17:16:28Z" changeset="147782298" uid="16294132" user="Takeshi Nagayama" />
  <node id="11653339955" lat="20.9981287" lon="105.8744524" version="1" timestamp="2024-02-22T17:16:28Z" changeset="147782298" uid="16294132" user="Takeshi Nagayama" />
  <node id="11653339956" lat="20.9981164" lon="105.8744524" version="1" timestamp="2024-02-22T17:16:28Z" changeset="147782298" uid="16294132" user="Takeshi Nagayama" />
  <node id="11653339957" lat="20.9981164" lon="105.8744155" version="1" timestamp="2024-02-22T17:16:28Z" changeset="147782298" uid="16294132" user="Takeshi Nagayama" />
  <node id="11653339958" lat="20.9980942" lon="105.8744163" version="1" timestamp="2024-02-22T17:16:28Z" changeset="147782298" uid="16294132" user="Takeshi Nagayama" />
  <node id="11653339959" lat="20.9980950" lon="105.8743974" version="1" timestamp="2024-02-22T17:16:28Z" changeset="147782298" uid="16294132" user="Takeshi Nagayama" />
  <node id="11653339960" lat="20.9980329" lon="105.8743974" version="1" timestamp="2024-02-22T17:16:28Z" changeset="147782298" uid="16294132" user="Takeshi Nagayama" />
  <node id="11653339961" lat="20.9980329" lon="105.8744163" version="1" timestamp="2024-02-22T17:16:28Z" changeset="147782298" uid="16294132" user="Takeshi Nagayama" />
  <node id="11653339962" lat="20.9977929" lon="105.8744196" version="1" timestamp="2024-02-22T17:16:28Z" changeset="147782298" uid="16294132" user="Takeshi Nagayama" />
  <node id="11653339963" lat="20.9977921" lon="105.8745666" version="1" timestamp="2024-02-22T17:16:28Z" changeset="147782298" uid="16294132" user="Takeshi Nagayama" />
  <node id="11653339964" lat="20.9978811" lon="105.8745649" version="1" timestamp="2024-02-22T17:16:28Z" changeset="147782298" uid="16294132" user="Takeshi Nagayama" />
  <node id="11653339965" lat="20.9978811" lon="105.8745805" version="1" timestamp="2024-02-22T17:16:28Z" changeset="147782298" uid="16294132" user="Takeshi Nagayama" />
  <node id="11653339966" lat="20.9979830" lon="105.8745797" version="1" timestamp="2024-02-22T17:16:28Z" changeset="147782298" uid="16294132" user="Takeshi Nagayama" />
  <node id="11653339967" lat="20.9979838" lon="105.8745658" version="1" timestamp="2024-02-22T17:16:28Z" changeset="147782298" uid="16294132" user="Takeshi Nagayama" />
  <node id="11653339968" lat="20.9980007" lon="105.8745658" version="1" timestamp="2024-02-22T17:16:28Z" changeset="147782298" uid="16294132" user="Takeshi Nagayama" />
  <node id="11653375469" lat="20.9980022" lon="105.8745781" version="1" timestamp="2024-02-22T17:16:28Z" changeset="147782298" uid="16294132" user="Takeshi Nagayama" />
  <node id="11653375470" lat="20.9980842" lon="105.8745752" version="1" timestamp="2024-02-22T17:16:28Z" changeset="147782298" uid="16294132" user="Takeshi Nagayama" />
  <node id="11653375471" lat="20.9980846" lon="105.8745647" version="1" timestamp="2024-02-22T17:16:28Z" changeset="147782298" uid="16294132" user="Takeshi Nagayama" />
  <node id="11653375472" lat="20.9981162" lon="105.8745644" version="1" timestamp="2024-02-22T17:16:28Z" changeset="147782298" uid="16294132" user="Takeshi Nagayama" />
  <node id="11655258241" lat="20.9972908" lon="105.8749262" version="1" timestamp="2024-02-23T04:40:44Z" changeset="147796851" uid="16294132" user="Takeshi Nagayama" />
  <node id="11655258242" lat="20.9973085" lon="105.8749517" version="1" timestamp="2024-02-23T04:40:44Z" changeset="147796851" uid="16294132" user="Takeshi Nagayama" />
  <node id="11655258243" lat="20.9973330" lon="105.8749517" version="1" timestamp="2024-02-23T04:40:44Z" changeset="147796851" uid="16294132" user="Takeshi Nagayama" />
  <node id="11655258244" lat="20.9973486" lon="105.8749262" version="1" timestamp="2024-02-23T04:40:44Z" changeset="147796851" uid="16294132" user="Takeshi Nagayama" />
  <node id="11655258245" lat="20.9973337" lon="105.8748963" version="1" timestamp="2024-02-23T04:40:44Z" changeset="147796851" uid="16294132" user="Takeshi Nagayama" />
  <node id="11655258246" lat="20.9973078" lon="105.8748956" version="1" timestamp="2024-02-23T04:40:44Z" changeset="147796851" uid="16294132" user="Takeshi Nagayama" />
  <node id="11674976952" lat="20.9983245" lon="105.8708777" version="2" timestamp="2024-04-29T05:43:01Z" changeset="150645278" uid="11196308" user="vietnam321" />
  <node id="11674976953" lat="20.9984142" lon="105.8708786" version="2" timestamp="2024-04-29T05:43:01Z" changeset="150645278" uid="11196308" user="vietnam321" />
  <node id="11674976954" lat="20.9984187" lon="105.8703809" version="2" timestamp="2024-04-29T05:43:01Z" changeset="150645278" uid="11196308" user="vietnam321" />
  <node id="11674976955" lat="20.9979818" lon="105.8703764" version="2" timestamp="2024-04-29T05:43:01Z" changeset="150645278" uid="11196308" user="vietnam321" />
  <node id="11674976956" lat="20.9979810" lon="105.8704644" version="2" timestamp="2024-04-29T05:43:01Z" changeset="150645278" uid="11196308" user="vietnam321" />
  <node id="11674976957" lat="20.9979336" lon="105.8704639" version="2" timestamp="2024-04-29T05:43:01Z" changeset="150645278" uid="11196308" user="vietnam321" />
  <node id="11674976958" lat="20.9979311" lon="105.8707426" version="2" timestamp="2024-04-29T05:43:01Z" changeset="150645278" uid="11196308" user="vietnam321" />
  <node id="11674976959" lat="20.9980641" lon="105.8707439" version="2" timestamp="2024-04-29T05:43:01Z" changeset="150645278" uid="11196308" user="vietnam321" />
  <node id="11674976960" lat="20.9980665" lon="105.8704661" version="2" timestamp="2024-04-29T05:43:01Z" changeset="150645278" uid="11196308" user="vietnam321" />
  <node id="11674976961" lat="20.9983281" lon="105.8704688" version="2" timestamp="2024-04-29T05:43:01Z" changeset="150645278" uid="11196308" user="vietnam321" />
  <node id="11809437634" lat="21.0004260" lon="105.8712058" version="1" timestamp="2024-04-11T11:37:29Z" changeset="149860686" uid="11196308" user="vietnam321" />
  <node id="11809437635" lat="21.0004309" lon="105.8713013" version="1" timestamp="2024-04-11T11:37:29Z" changeset="149860686" uid="11196308" user="vietnam321" />
  <node id="11809437636" lat="21.0003764" lon="105.8712898" version="1" timestamp="2024-04-11T11:37:29Z" changeset="149860686" uid="11196308" user="vietnam321" />
  <node id="11809437637" lat="21.0002880" lon="105.8712483" version="1" timestamp="2024-04-11T11:37:29Z" changeset="149860686" uid="11196308" user="vietnam321" />
  <node id="11809437638" lat="21.0003045" lon="105.8711890" version="1" timestamp="2024-04-11T11:37:29Z" changeset="149860686" uid="11196308" user="vietnam321" />
  <node id="11809437639" lat="21.0003244" lon="105.8711952" version="1" timestamp="2024-04-11T11:37:29Z" changeset="149860686" uid="11196308" user="vietnam321" />
  <node id="11809437640" lat="21.0003285" lon="105.8711775" version="1" timestamp="2024-04-11T11:37:29Z" changeset="149860686" uid="11196308" user="vietnam321" />
  <node id="11809437641" lat="21.0003665" lon="105.8711775" version="1" timestamp="2024-04-11T11:37:29Z" changeset="149860686" uid="11196308" user="vietnam321" />
  <node id="11809437642" lat="21.0003673" lon="105.8712031" version="1" timestamp="2024-04-11T11:37:29Z" changeset="149860686" uid="11196308" user="vietnam321" />
  <node id="11813799462" lat="21.0027995" lon="105.8743347" version="2" timestamp="2026-04-07T00:02:46Z" changeset="180973222" uid="16014056" user="Trần Thanh Tuấn" />
  <node id="11813799463" lat="21.0024712" lon="105.8751514" version="2" timestamp="2026-04-07T00:02:46Z" changeset="180973222" uid="16014056" user="Trần Thanh Tuấn" />
  <node id="11813799465" lat="21.0025491" lon="105.8750486" version="2" timestamp="2026-04-07T00:02:46Z" changeset="180973222" uid="16014056" user="Trần Thanh Tuấn" />
  <node id="11813799467" lat="21.0022979" lon="105.8744346" version="2" timestamp="2025-09-21T06:02:44Z" changeset="172230523" uid="22065819" user="Hung159" />
  <node id="11865303169" lat="20.9984612" lon="105.8741276" version="1" timestamp="2024-04-29T04:02:04Z" changeset="150643334" uid="11196308" user="vietnam321" />
  <node id="11865303170" lat="20.9984609" lon="105.8741832" version="1" timestamp="2024-04-29T04:02:04Z" changeset="150643334" uid="11196308" user="vietnam321" />
  <node id="11865303171" lat="20.9985631" lon="105.8742295" version="1" timestamp="2024-04-29T04:02:04Z" changeset="150643334" uid="11196308" user="vietnam321" />
  <node id="11865303172" lat="20.9984772" lon="105.8742270" version="1" timestamp="2024-04-29T04:02:04Z" changeset="150643334" uid="11196308" user="vietnam321" />
  <node id="11865303173" lat="20.9985630" lon="105.8742525" version="1" timestamp="2024-04-29T04:02:04Z" changeset="150643334" uid="11196308" user="vietnam321" />
  <node id="11865303174" lat="20.9984771" lon="105.8742521" version="1" timestamp="2024-04-29T04:02:04Z" changeset="150643334" uid="11196308" user="vietnam321" />
  <node id="11865303175" lat="20.9983565" lon="105.8742688" version="1" timestamp="2024-04-29T04:02:04Z" changeset="150643334" uid="11196308" user="vietnam321" />
  <node id="11865303176" lat="20.9983233" lon="105.8742715" version="1" timestamp="2024-04-29T04:02:04Z" changeset="150643334" uid="11196308" user="vietnam321" />
  <node id="11865303177" lat="20.9983565" lon="105.8742894" version="1" timestamp="2024-04-29T04:02:04Z" changeset="150643334" uid="11196308" user="vietnam321" />
  <node id="11865303178" lat="20.9983233" lon="105.8742892" version="1" timestamp="2024-04-29T04:02:04Z" changeset="150643334" uid="11196308" user="vietnam321" />
  <node id="11865303182" lat="20.9977666" lon="105.8738861" version="1" timestamp="2024-04-29T04:02:04Z" changeset="150643334" uid="11196308" user="vietnam321" />
  <node id="11865303183" lat="20.9980770" lon="105.8742666" version="1" timestamp="2024-04-29T04:02:04Z" changeset="150643334" uid="11196308" user="vietnam321" />
  <node id="11865303184" lat="20.9980685" lon="105.8742880" version="1" timestamp="2024-04-29T04:02:04Z" changeset="150643334" uid="11196308" user="vietnam321" />
  <node id="11865303185" lat="20.9980772" lon="105.8742265" version="1" timestamp="2024-04-29T04:02:04Z" changeset="150643334" uid="11196308" user="vietnam321" />
  <node id="11865303186" lat="20.9980686" lon="105.8742264" version="1" timestamp="2024-04-29T04:02:04Z" changeset="150643334" uid="11196308" user="vietnam321" />
  <node id="11865303187" lat="20.9980416" lon="105.8741772" version="1" timestamp="2024-04-29T04:02:04Z" changeset="150643334" uid="11196308" user="vietnam321" />
  <node id="11865416903" lat="20.9975868" lon="105.8740246" version="1" timestamp="2024-04-29T05:43:01Z" changeset="150645278" uid="11196308" user="vietnam321" />
  <node id="11865416904" lat="20.9976017" lon="105.8740246" version="1" timestamp="2024-04-29T05:43:01Z" changeset="150645278" uid="11196308" user="vietnam321" />
  <node id="11865416917" lat="20.9986020" lon="105.8704975" version="1" timestamp="2024-04-29T05:43:01Z" changeset="150645278" uid="11196308" user="vietnam321" />
  <node id="11865416918" lat="20.9986014" lon="105.8706194" version="1" timestamp="2024-04-29T05:43:01Z" changeset="150645278" uid="11196308" user="vietnam321" />
  <node id="11865416919" lat="20.9986138" lon="105.8706195" version="1" timestamp="2024-04-29T05:43:01Z" changeset="150645278" uid="11196308" user="vietnam321" />
  <node id="11865416920" lat="20.9986140" lon="105.8705869" version="1" timestamp="2024-04-29T05:43:01Z" changeset="150645278" uid="11196308" user="vietnam321" />
  <node id="11865416921" lat="20.9987304" lon="105.8705876" version="1" timestamp="2024-04-29T05:43:01Z" changeset="150645278" uid="11196308" user="vietnam321" />
  <node id="11865416922" lat="20.9987384" lon="105.8706026" version="1" timestamp="2024-04-29T05:43:01Z" changeset="150645278" uid="11196308" user="vietnam321" />
  <node id="11865416923" lat="20.9987648" lon="105.8705865" version="1" timestamp="2024-04-29T05:43:01Z" changeset="150645278" uid="11196308" user="vietnam321" />
  <node id="11865416924" lat="20.9987790" lon="105.8706134" version="1" timestamp="2024-04-29T05:43:01Z" changeset="150645278" uid="11196308" user="vietnam321" />
  <node id="11865416925" lat="20.9988060" lon="105.8705969" version="1" timestamp="2024-04-29T05:43:01Z" changeset="150645278" uid="11196308" user="vietnam321" />
  <node id="11865416926" lat="20.9988688" lon="105.8707151" version="1" timestamp="2024-04-29T05:43:01Z" changeset="150645278" uid="11196308" user="vietnam321" />
  <node id="11865416927" lat="20.9987654" lon="105.8707782" version="1" timestamp="2024-04-29T05:43:01Z" changeset="150645278" uid="11196308" user="vietnam321" />
  <node id="11865416928" lat="20.9986965" lon="105.8706486" version="1" timestamp="2024-04-29T05:43:01Z" changeset="150645278" uid="11196308" user="vietnam321" />
  <node id="11865416929" lat="20.9986001" lon="105.8706480" version="1" timestamp="2024-04-29T05:43:01Z" changeset="150645278" uid="11196308" user="vietnam321" />
  <node id="11865416930" lat="20.9985985" lon="105.8709241" version="1" timestamp="2024-04-29T05:43:01Z" changeset="150645278" uid="11196308" user="vietnam321" />
  <node id="11865416931" lat="20.9985004" lon="105.8709234" version="1" timestamp="2024-04-29T05:43:01Z" changeset="150645278" uid="11196308" user="vietnam321" />
  <node id="11865416932" lat="20.9985012" lon="105.8707800" version="1" timestamp="2024-04-29T05:43:01Z" changeset="150645278" uid="11196308" user="vietnam321" />
  <node id="11865416933" lat="20.9984897" lon="105.8707799" version="1" timestamp="2024-04-29T05:43:01Z" changeset="150645278" uid="11196308" user="vietnam321" />
  <node id="11865416934" lat="20.9984904" lon="105.8706491" version="1" timestamp="2024-04-29T05:43:01Z" changeset="150645278" uid="11196308" user="vietnam321" />
  <node id="11865416935" lat="20.9985029" lon="105.8706491" version="1" timestamp="2024-04-29T05:43:01Z" changeset="150645278" uid="11196308" user="vietnam321" />
  <node id="11865416936" lat="20.9985037" lon="105.8704969" version="1" timestamp="2024-04-29T05:43:01Z" changeset="150645278" uid="11196308" user="vietnam321" />
  <node id="11876062129" lat="20.9961612" lon="105.8710592" version="1" timestamp="2024-05-03T09:43:21Z" changeset="150827793" uid="3323343" user="phoenixsaigon1698" />
  <node id="11876062130" lat="20.9959445" lon="105.8703433" version="1" timestamp="2024-05-03T09:43:21Z" changeset="150827793" uid="3323343" user="phoenixsaigon1698" />
  <node id="11876062131" lat="20.9944475" lon="105.8704618" version="2" timestamp="2026-05-10T08:56:38Z" changeset="182455948" uid="23326231" user="Vmosnokia31" />
  <node id="11876062132" lat="20.9942788" lon="105.8703353" version="2" timestamp="2026-05-10T08:56:38Z" changeset="182455948" uid="23326231" user="Vmosnokia31" />
  <node id="11876062133" lat="20.9942783" lon="105.8704591" version="2" timestamp="2026-05-10T08:56:38Z" changeset="182455948" uid="23326231" user="Vmosnokia31" />
  <node id="11876062134" lat="20.9949861" lon="105.8703959" version="1" timestamp="2024-05-03T09:43:21Z" changeset="150827793" uid="3323343" user="phoenixsaigon1698" />
  <node id="11876062135" lat="20.9944236" lon="105.8705507" version="2" timestamp="2026-05-10T08:56:38Z" changeset="182455948" uid="23326231" user="Vmosnokia31" />
  <node id="11876062136" lat="20.9943624" lon="105.8707344" version="2" timestamp="2026-05-10T08:56:38Z" changeset="182455948" uid="23326231" user="Vmosnokia31" />
  <node id="11876062137" lat="20.9942696" lon="105.8708709" version="2" timestamp="2026-05-10T08:56:38Z" changeset="182455948" uid="23326231" user="Vmosnokia31" />
  <node id="11876062138" lat="20.9943664" lon="105.8710867" version="2" timestamp="2026-05-10T08:56:38Z" changeset="182455948" uid="23326231" user="Vmosnokia31" />
  <node id="11876062139" lat="20.9962200" lon="105.8710452" version="1" timestamp="2024-05-03T09:43:21Z" changeset="150827793" uid="3323343" user="phoenixsaigon1698" />
  <node id="11876062140" lat="20.9961998" lon="105.8709466" version="1" timestamp="2024-05-03T09:43:21Z" changeset="150827793" uid="3323343" user="phoenixsaigon1698" />
  <node id="11876062142" lat="20.9973967" lon="105.8718079" version="1" timestamp="2024-05-03T09:43:21Z" changeset="150827793" uid="3323343" user="phoenixsaigon1698" />
  <node id="11876062148" lat="21.0000386" lon="105.8624984" version="1" timestamp="2024-05-03T09:43:21Z" changeset="150827793" uid="3323343" user="phoenixsaigon1698" />
  <node id="11876062149" lat="21.0002422" lon="105.8625171" version="1" timestamp="2024-05-03T09:43:21Z" changeset="150827793" uid="3323343" user="phoenixsaigon1698" />
  <node id="11876062150" lat="21.0002978" lon="105.8629908" version="1" timestamp="2024-05-03T09:43:21Z" changeset="150827793" uid="3323343" user="phoenixsaigon1698" />
  <node id="11921518177" lat="20.9943920" lon="105.8657436" version="2" timestamp="2026-04-25T18:41:38Z" changeset="181819167" uid="23326231" user="Vmosnokia31" />
  <node id="11921518178" lat="20.9936343" lon="105.8654143" version="2" timestamp="2026-04-25T18:41:38Z" changeset="181819167" uid="23326231" user="Vmosnokia31" />
  <node id="11921518179" lat="20.9953426" lon="105.8652448" version="1" timestamp="2024-05-21T06:02:32Z" changeset="151610300" uid="3323343" user="phoenixsaigon1698" />
  <node id="11921518180" lat="20.9951165" lon="105.8652300" version="2" timestamp="2024-06-22T08:03:25Z" changeset="153019263" uid="11196308" user="vietnam321" />
  <node id="11921518181" lat="20.9950978" lon="105.8656452" version="3" timestamp="2026-04-25T18:41:38Z" changeset="181819167" uid="23326231" user="Vmosnokia31" />
  <node id="11921518182" lat="20.9944514" lon="105.8640526" version="2" timestamp="2026-04-25T18:41:38Z" changeset="181819167" uid="23326231" user="Vmosnokia31" />
  <node id="11921518184" lat="20.9933208" lon="105.8649681" version="2" timestamp="2026-04-25T18:41:38Z" changeset="181819167" uid="23326231" user="Vmosnokia31" />
  <node id="11921518186" lat="20.9964595" lon="105.8633132" version="2" timestamp="2026-04-25T18:41:38Z" changeset="181819167" uid="23326231" user="Vmosnokia31">
    <tag k="highway" v="crossing" />
  </node>
  <node id="11927988215" lat="20.9936654" lon="105.8641136" version="1" timestamp="2024-05-23T09:55:14Z" changeset="151713870" uid="14046782" user="alina_deac" />
  <node id="11927988216" lat="20.9936504" lon="105.8640479" version="1" timestamp="2024-05-23T09:55:14Z" changeset="151713870" uid="14046782" user="alina_deac" />
  <node id="11927988217" lat="20.9936429" lon="105.8639990" version="1" timestamp="2024-05-23T09:55:14Z" changeset="151713870" uid="14046782" user="alina_deac" />
  <node id="11927988218" lat="20.9936354" lon="105.8639547" version="1" timestamp="2024-05-23T09:55:14Z" changeset="151713870" uid="14046782" user="alina_deac" />
  <node id="11927988219" lat="20.9936386" lon="105.8638542" version="2" timestamp="2026-04-25T18:41:38Z" changeset="181819167" uid="23326231" user="Vmosnokia31" />
  <node id="11927988220" lat="20.9936279" lon="105.8636838" version="1" timestamp="2024-05-23T09:55:14Z" changeset="151713870" uid="14046782" user="alina_deac" />
  <node id="11927988221" lat="20.9936135" lon="105.8635718" version="1" timestamp="2024-05-23T09:55:14Z" changeset="151713870" uid="14046782" user="alina_deac" />
  <node id="11927988222" lat="20.9936113" lon="105.8635574" version="1" timestamp="2024-05-23T09:55:14Z" changeset="151713870" uid="14046782" user="alina_deac" />
  <node id="11927988223" lat="20.9936072" lon="105.8635511" version="1" timestamp="2024-05-23T09:55:14Z" changeset="151713870" uid="14046782" user="alina_deac" />
  <node id="11927988224" lat="20.9936031" lon="105.8635447" version="1" timestamp="2024-05-23T09:55:14Z" changeset="151713870" uid="14046782" user="alina_deac" />
  <node id="11927988225" lat="20.9935934" lon="105.8635400" version="1" timestamp="2024-05-23T09:55:14Z" changeset="151713870" uid="14046782" user="alina_deac" />
  <node id="11927988226" lat="20.9935440" lon="105.8635403" version="1" timestamp="2024-05-23T09:55:14Z" changeset="151713870" uid="14046782" user="alina_deac" />
  <node id="11927988227" lat="20.9934939" lon="105.8635423" version="1" timestamp="2024-05-23T09:55:14Z" changeset="151713870" uid="14046782" user="alina_deac" />
  <node id="11927988228" lat="20.9934363" lon="105.8635460" version="1" timestamp="2024-05-23T09:55:14Z" changeset="151713870" uid="14046782" user="alina_deac" />
  <node id="11927988229" lat="20.9933774" lon="105.8635494" version="1" timestamp="2024-05-23T09:55:14Z" changeset="151713870" uid="14046782" user="alina_deac" />
  <node id="11927988230" lat="20.9933684" lon="105.8635490" version="1" timestamp="2024-05-23T09:55:14Z" changeset="151713870" uid="14046782" user="alina_deac" />
  <node id="11927988231" lat="20.9933621" lon="105.8635470" version="1" timestamp="2024-05-23T09:55:14Z" changeset="151713870" uid="14046782" user="alina_deac" />
  <node id="11927988232" lat="20.9933593" lon="105.8635440" version="1" timestamp="2024-05-23T09:55:14Z" changeset="151713870" uid="14046782" user="alina_deac" />
  <node id="11927988233" lat="20.9933549" lon="105.8635296" version="1" timestamp="2024-05-23T09:55:14Z" changeset="151713870" uid="14046782" user="alina_deac" />
  <node id="12021450377" lat="20.9966998" lon="105.8672365" version="1" timestamp="2024-06-30T01:40:38Z" changeset="153352705" uid="3323343" user="phoenixsaigon1698" />
  <node id="12021450378" lat="20.9966827" lon="105.8673266" version="1" timestamp="2024-06-30T01:40:38Z" changeset="153352705" uid="3323343" user="phoenixsaigon1698" />
  <node id="12021450379" lat="20.9966080" lon="105.8673698" version="1" timestamp="2024-06-30T01:40:38Z" changeset="153352705" uid="3323343" user="phoenixsaigon1698" />
  <node id="12021450380" lat="20.9966594" lon="105.8673648" version="1" timestamp="2024-06-30T01:40:38Z" changeset="153352705" uid="3323343" user="phoenixsaigon1698" />
  <node id="12021450381" lat="20.9992724" lon="105.8635409" version="1" timestamp="2024-06-30T01:40:38Z" changeset="153352705" uid="3323343" user="phoenixsaigon1698" />
  <node id="12021450382" lat="21.0004368" lon="105.8643791" version="1" timestamp="2024-06-30T01:40:38Z" changeset="153352705" uid="3323343" user="phoenixsaigon1698" />
  <node id="12021450385" lat="21.0014028" lon="105.8658636" version="1" timestamp="2024-06-30T01:40:38Z" changeset="153352705" uid="3323343" user="phoenixsaigon1698" />
  <node id="12021450386" lat="21.0015654" lon="105.8707288" version="2" timestamp="2024-06-30T14:45:22Z" changeset="153372687" uid="3323343" user="phoenixsaigon1698" />
  <node id="12021450387" lat="21.0018680" lon="105.8709721" version="1" timestamp="2024-06-30T01:40:38Z" changeset="153352705" uid="3323343" user="phoenixsaigon1698" />
  <node id="12022901704" lat="21.0026222" lon="105.8717487" version="1" timestamp="2024-06-30T14:45:22Z" changeset="153372687" uid="3323343" user="phoenixsaigon1698">
    <tag k="noexit" v="yes" />
  </node>
  <node id="12022901705" lat="21.0027167" lon="105.8714919" version="3" timestamp="2026-09-15T00:57:38Z" changeset="189037087" uid="3323343" user="phoenixsaigon1698" />
  <node id="12022901706" lat="21.0024628" lon="105.8718469" version="2" timestamp="2025-06-06T04:17:14Z" changeset="167248742" uid="3323343" user="phoenixsaigon1698" />
  <node id="12022901707" lat="21.0021260" lon="105.8724109" version="1" timestamp="2024-06-30T14:45:22Z" changeset="153372687" uid="3323343" user="phoenixsaigon1698" />
  <node id="12022901708" lat="21.0045442" lon="105.8697804" version="2" timestamp="2026-04-07T00:02:47Z" changeset="180973222" uid="16014056" user="Trần Thanh Tuấn" />
  <node id="12022901709" lat="21.0030269" lon="105.8692650" version="1" timestamp="2024-06-30T14:45:22Z" changeset="153372687" uid="3323343" user="phoenixsaigon1698" />
  <node id="12022901710" lat="21.0028250" lon="105.8692730" version="1" timestamp="2024-06-30T14:45:22Z" changeset="153372687" uid="3323343" user="phoenixsaigon1698" />
  <node id="12022901711" lat="21.0026860" lon="105.8692790" version="1" timestamp="2024-06-30T14:45:22Z" changeset="153372687" uid="3323343" user="phoenixsaigon1698" />
  <node id="12022901712" lat="21.0026783" lon="105.8679783" version="1" timestamp="2024-06-30T14:45:22Z" changeset="153372687" uid="3323343" user="phoenixsaigon1698" />
  <node id="12022901714" lat="21.0029973" lon="105.8672831" version="1" timestamp="2024-06-30T14:45:22Z" changeset="153372687" uid="3323343" user="phoenixsaigon1698" />
  <node id="12022901715" lat="21.0029965" lon="105.8668348" version="1" timestamp="2024-06-30T14:45:22Z" changeset="153372687" uid="3323343" user="phoenixsaigon1698">
    <tag k="crossing" v="uncontrolled" />
    <tag k="highway" v="crossing" />
  </node>
  <node id="12022901716" lat="21.0030141" lon="105.8685107" version="1" timestamp="2024-06-30T14:45:22Z" changeset="153372687" uid="3323343" user="phoenixsaigon1698" />
  <node id="12022901717" lat="21.0026882" lon="105.8685065" version="1" timestamp="2024-06-30T14:45:22Z" changeset="153372687" uid="3323343" user="phoenixsaigon1698" />
  <node id="12022901718" lat="21.0029603" lon="105.8685111" version="1" timestamp="2024-06-30T14:45:22Z" changeset="153372687" uid="3323343" user="phoenixsaigon1698" />
  <node id="12022901719" lat="21.0029992" lon="105.8676409" version="1" timestamp="2024-06-30T14:45:22Z" changeset="153372687" uid="3323343" user="phoenixsaigon1698" />
  <node id="12022901720" lat="21.0025899" lon="105.8676428" version="1" timestamp="2024-06-30T14:45:22Z" changeset="153372687" uid="3323343" user="phoenixsaigon1698" />
  <node id="12022901721" lat="21.0029462" lon="105.8676411" version="1" timestamp="2024-06-30T14:45:22Z" changeset="153372687" uid="3323343" user="phoenixsaigon1698" />
  <node id="12022901723" lat="21.0030019" lon="105.8677986" version="1" timestamp="2024-06-30T14:45:22Z" changeset="153372687" uid="3323343" user="phoenixsaigon1698" />
  <node id="12022901724" lat="21.0027937" lon="105.8677915" version="1" timestamp="2024-06-30T14:45:22Z" changeset="153372687" uid="3323343" user="phoenixsaigon1698" />
  <node id="12022901725" lat="21.0027952" lon="105.8678745" version="1" timestamp="2024-06-30T14:45:22Z" changeset="153372687" uid="3323343" user="phoenixsaigon1698" />
  <node id="12022901726" lat="21.0029487" lon="105.8677968" version="1" timestamp="2024-06-30T14:45:22Z" changeset="153372687" uid="3323343" user="phoenixsaigon1698" />
  <node id="12048754174" lat="20.9974839" lon="105.8693031" version="1" timestamp="2024-07-12T06:05:36Z" changeset="153838834" uid="3323343" user="phoenixsaigon1698" />
  <node id="12048754175" lat="20.9975345" lon="105.8705887" version="1" timestamp="2024-07-12T06:05:36Z" changeset="153838834" uid="3323343" user="phoenixsaigon1698" />
  <node id="12048754176" lat="20.9967165" lon="105.8716112" version="1" timestamp="2024-07-12T06:05:36Z" changeset="153838834" uid="3323343" user="phoenixsaigon1698" />
  <node id="12048754177" lat="20.9978977" lon="105.8714745" version="1" timestamp="2024-07-12T06:05:36Z" changeset="153838834" uid="3323343" user="phoenixsaigon1698" />
  <node id="12091395938" lat="20.9981097" lon="105.8664975" version="1" timestamp="2024-08-04T07:05:34Z" changeset="154798272" uid="20910140" user="Hung Tran 9x0" />
  <node id="12091395939" lat="20.9982467" lon="105.8666481" version="1" timestamp="2024-08-04T07:05:34Z" changeset="154798272" uid="20910140" user="Hung Tran 9x0" />
  <node id="12091395940" lat="20.9984685" lon="105.8664902" version="1" timestamp="2024-08-04T07:05:34Z" changeset="154798272" uid="20910140" user="Hung Tran 9x0" />
  <node id="12091395941" lat="20.9990972" lon="105.8662370" version="1" timestamp="2024-08-04T07:05:34Z" changeset="154798272" uid="20910140" user="Hung Tran 9x0" />
  <node id="12091395942" lat="20.9993743" lon="105.8661892" version="1" timestamp="2024-08-04T07:05:34Z" changeset="154798272" uid="20910140" user="Hung Tran 9x0" />
  <node id="12091395943" lat="20.9992998" lon="105.8660150" version="1" timestamp="2024-08-04T07:05:34Z" changeset="154798272" uid="20910140" user="Hung Tran 9x0" />
  <node id="12091395944" lat="20.9990821" lon="105.8660777" version="1" timestamp="2024-08-04T07:05:34Z" changeset="154798272" uid="20910140" user="Hung Tran 9x0" />
  <node id="12091395945" lat="20.9990863" lon="105.8658538" version="1" timestamp="2024-08-04T07:05:34Z" changeset="154798272" uid="20910140" user="Hung Tran 9x0" />
  <node id="12091395946" lat="20.9988909" lon="105.8658753" version="1" timestamp="2024-08-04T07:05:34Z" changeset="154798272" uid="20910140" user="Hung Tran 9x0" />
  <node id="12091395947" lat="20.9989046" lon="105.8660968" version="1" timestamp="2024-08-04T07:05:34Z" changeset="154798272" uid="20910140" user="Hung Tran 9x0" />
  <node id="12091395948" lat="20.9987175" lon="105.8661520" version="1" timestamp="2024-08-04T07:05:34Z" changeset="154798272" uid="20910140" user="Hung Tran 9x0" />
  <node id="12091395949" lat="20.9986706" lon="105.8659504" version="1" timestamp="2024-08-04T07:05:34Z" changeset="154798272" uid="20910140" user="Hung Tran 9x0" />
  <node id="12091395950" lat="20.9985128" lon="105.8660255" version="1" timestamp="2024-08-04T07:05:34Z" changeset="154798272" uid="20910140" user="Hung Tran 9x0" />
  <node id="12091395951" lat="20.9985579" lon="105.8662025" version="1" timestamp="2024-08-04T07:05:34Z" changeset="154798272" uid="20910140" user="Hung Tran 9x0" />
  <node id="12091395952" lat="20.9984076" lon="105.8662722" version="1" timestamp="2024-08-04T07:05:34Z" changeset="154798272" uid="20910140" user="Hung Tran 9x0" />
  <node id="12091395953" lat="20.9982749" lon="105.8661113" version="1" timestamp="2024-08-04T07:05:34Z" changeset="154798272" uid="20910140" user="Hung Tran 9x0" />
  <node id="12091395954" lat="20.9981572" lon="105.8662427" version="1" timestamp="2024-08-04T07:05:34Z" changeset="154798272" uid="20910140" user="Hung Tran 9x0" />
  <node id="12091395955" lat="20.9982549" lon="105.8663741" version="1" timestamp="2024-08-04T07:05:34Z" changeset="154798272" uid="20910140" user="Hung Tran 9x0" />
  <node id="12091395956" lat="20.9995285" lon="105.8665993" version="1" timestamp="2024-08-04T07:05:34Z" changeset="154798272" uid="20910140" user="Hung Tran 9x0" />
  <node id="12091395957" lat="20.9993925" lon="105.8664476" version="1" timestamp="2024-08-04T07:05:34Z" changeset="154798272" uid="20910140" user="Hung Tran 9x0" />
  <node id="12091395958" lat="20.9991696" lon="105.8666038" version="1" timestamp="2024-08-04T07:05:34Z" changeset="154798272" uid="20910140" user="Hung Tran 9x0" />
  <node id="12091395959" lat="20.9985392" lon="105.8668520" version="1" timestamp="2024-08-04T07:05:34Z" changeset="154798272" uid="20910140" user="Hung Tran 9x0" />
  <node id="12091395960" lat="20.9982618" lon="105.8668976" version="1" timestamp="2024-08-04T07:05:34Z" changeset="154798272" uid="20910140" user="Hung Tran 9x0" />
  <node id="12091395961" lat="20.9983351" lon="105.8670724" version="1" timestamp="2024-08-04T07:05:34Z" changeset="154798272" uid="20910140" user="Hung Tran 9x0" />
  <node id="12091395962" lat="20.9985532" lon="105.8670114" version="1" timestamp="2024-08-04T07:05:34Z" changeset="154798272" uid="20910140" user="Hung Tran 9x0" />
  <node id="12091395963" lat="20.9985475" lon="105.8672353" version="1" timestamp="2024-08-04T07:05:34Z" changeset="154798272" uid="20910140" user="Hung Tran 9x0" />
  <node id="12091395964" lat="20.9987430" lon="105.8672154" version="1" timestamp="2024-08-04T07:05:34Z" changeset="154798272" uid="20910140" user="Hung Tran 9x0" />
  <node id="12091395965" lat="20.9987309" lon="105.8669937" version="1" timestamp="2024-08-04T07:05:34Z" changeset="154798272" uid="20910140" user="Hung Tran 9x0" />
  <node id="12091395966" lat="20.9989183" lon="105.8669400" version="1" timestamp="2024-08-04T07:05:34Z" changeset="154798272" uid="20910140" user="Hung Tran 9x0" />
  <node id="12091395967" lat="20.9989639" lon="105.8671420" version="1" timestamp="2024-08-04T07:05:34Z" changeset="154798272" uid="20910140" user="Hung Tran 9x0" />
  <node id="12091395968" lat="20.9991221" lon="105.8670681" version="1" timestamp="2024-08-04T07:05:34Z" changeset="154798272" uid="20910140" user="Hung Tran 9x0" />
  <node id="12091427869" lat="20.9990783" lon="105.8668908" version="1" timestamp="2024-08-04T07:05:34Z" changeset="154798272" uid="20910140" user="Hung Tran 9x0" />
  <node id="12091427870" lat="20.9992290" lon="105.8668222" version="1" timestamp="2024-08-04T07:05:34Z" changeset="154798272" uid="20910140" user="Hung Tran 9x0" />
  <node id="12091427871" lat="20.9993606" lon="105.8669842" version="1" timestamp="2024-08-04T07:05:34Z" changeset="154798272" uid="20910140" user="Hung Tran 9x0" />
  <node id="12091427872" lat="20.9994792" lon="105.8668537" version="1" timestamp="2024-08-04T07:05:34Z" changeset="154798272" uid="20910140" user="Hung Tran 9x0" />
  <node id="12091427873" lat="20.9993824" lon="105.8667215" version="1" timestamp="2024-08-04T07:05:34Z" changeset="154798272" uid="20910140" user="Hung Tran 9x0" />
  <node id="12091427874" lat="20.9987039" lon="105.8663954" version="1" timestamp="2024-08-04T07:05:34Z" changeset="154798272" uid="20910140" user="Hung Tran 9x0" />
  <node id="12091427875" lat="20.9985792" lon="105.8659939" version="1" timestamp="2024-08-04T07:05:34Z" changeset="154798272" uid="20910140" user="Hung Tran 9x0" />
  <node id="12091427876" lat="20.9990485" lon="105.8671025" version="1" timestamp="2024-08-04T07:05:34Z" changeset="154798272" uid="20910140" user="Hung Tran 9x0" />
  <node id="12091427877" lat="20.9989285" lon="105.8666987" version="1" timestamp="2024-08-04T07:05:34Z" changeset="154798272" uid="20910140" user="Hung Tran 9x0" />
  <node id="12091427878" lat="20.9988237" lon="105.8670500" version="1" timestamp="2024-08-04T07:05:34Z" changeset="154798272" uid="20910140" user="Hung Tran 9x0" />
  <node id="12091427879" lat="20.9992691" lon="105.8671579" version="2" timestamp="2026-02-08T05:15:47Z" changeset="178252551" uid="11141338" user="FanaticAir75626" />
  <node id="12091427880" lat="20.9991717" lon="105.8669003" version="1" timestamp="2024-08-04T07:05:34Z" changeset="154798272" uid="20910140" user="Hung Tran 9x0" />
  <node id="12091427882" lat="20.9987529" lon="105.8657909" version="2" timestamp="2026-02-08T05:15:47Z" changeset="178252551" uid="11141338" user="FanaticAir75626" />
  <node id="12091427883" lat="20.9988309" lon="105.8660089" version="1" timestamp="2024-08-04T07:05:34Z" changeset="154798272" uid="20910140" user="Hung Tran 9x0" />
  <node id="12091427884" lat="20.9984009" lon="105.8659305" version="2" timestamp="2026-02-08T05:15:47Z" changeset="178252551" uid="11141338" user="FanaticAir75626" />
  <node id="12091427885" lat="20.9984792" lon="105.8661521" version="1" timestamp="2024-08-04T07:05:34Z" changeset="154798272" uid="20910140" user="Hung Tran 9x0" />
  <node id="12098983476" lat="20.9936348" lon="105.8691433" version="2" timestamp="2026-05-04T10:20:51Z" changeset="182197444" uid="23326231" user="Vmosnokia31">
    <tag k="highway" v="crossing" />
  </node>
  <node id="12098983477" lat="20.9967205" lon="105.8691809" version="2" timestamp="2026-04-27T13:35:28Z" changeset="181891442" uid="23326231" user="Vmosnokia31">
    <tag k="highway" v="crossing" />
  </node>
  <node id="12098983478" lat="20.9963043" lon="105.8700629" version="3" timestamp="2026-05-04T10:20:51Z" changeset="182197444" uid="23326231" user="Vmosnokia31">
    <tag k="highway" v="crossing" />
  </node>
  <node id="12098983479" lat="20.9950768" lon="105.8700563" version="2" timestamp="2026-04-27T13:35:28Z" changeset="181891442" uid="23326231" user="Vmosnokia31">
    <tag k="highway" v="crossing" />
  </node>
  <node id="12098983481" lat="20.9965890" lon="105.8701104" version="1" timestamp="2024-08-08T15:09:08Z" changeset="154983582" uid="21597372" user="Evgeny Arbatov" />
  <node id="12098983482" lat="20.9967316" lon="105.8701107" version="2" timestamp="2026-04-27T13:35:28Z" changeset="181891442" uid="23326231" user="Vmosnokia31" />
  <node id="12107190554" lat="21.0005114" lon="105.8671274" version="2" timestamp="2025-08-22T15:19:18Z" changeset="170838172" uid="20910140" user="Hung Tran 9x0" />
  <node id="12107190555" lat="21.0005268" lon="105.8676448" version="2" timestamp="2025-08-22T15:19:18Z" changeset="170838172" uid="20910140" user="Hung Tran 9x0">
    <tag k="noexit" v="yes" />
  </node>
  <node id="12107190556" lat="21.0005178" lon="105.8673244" version="1" timestamp="2024-08-13T03:39:32Z" changeset="155175197" uid="18820325" user="Grab_Cong" />
  <node id="12107253244" lat="20.9943428" lon="105.8674459" version="1" timestamp="2024-08-13T03:11:28Z" changeset="155174843" uid="21597372" user="Evgeny Arbatov" />
  <node id="12107253245" lat="20.9943478" lon="105.8669937" version="1" timestamp="2024-08-13T03:11:28Z" changeset="155174843" uid="21597372" user="Evgeny Arbatov" />
  <node id="12107253246" lat="20.9931894" lon="105.8669829" version="1" timestamp="2024-08-13T03:11:28Z" changeset="155174843" uid="21597372" user="Evgeny Arbatov" />
  <node id="12155254859" lat="20.9932543" lon="105.8655470" version="2" timestamp="2026-04-25T18:41:38Z" changeset="181819167" uid="23326231" user="Vmosnokia31" />
  <node id="12155254860" lat="20.9931230" lon="105.8658276" version="3" timestamp="2026-04-25T18:41:38Z" changeset="181819167" uid="23326231" user="Vmosnokia31" />
  <node id="12155254862" lat="20.9931339" lon="105.8655553" version="1" timestamp="2024-09-04T11:33:45Z" changeset="156181729" uid="21213273" user="openmap-vn" />
  <node id="12155254863" lat="20.9931342" lon="105.8655495" version="2" timestamp="2026-04-25T18:41:38Z" changeset="181819167" uid="23326231" user="Vmosnokia31" />
  <node id="12155254864" lat="20.9934053" lon="105.8643590" version="2" timestamp="2026-04-25T18:41:38Z" changeset="181819167" uid="23326231" user="Vmosnokia31" />
  <node id="12155254866" lat="20.9933801" lon="105.8643565" version="2" timestamp="2026-04-25T18:41:38Z" changeset="181819167" uid="23326231" user="Vmosnokia31" />
  <node id="12155254867" lat="20.9933623" lon="105.8642730" version="2" timestamp="2026-04-25T18:41:38Z" changeset="181819167" uid="23326231" user="Vmosnokia31" />
  <node id="12155254868" lat="20.9933485" lon="105.8641191" version="2" timestamp="2026-04-25T18:41:38Z" changeset="181819167" uid="23326231" user="Vmosnokia31" />
  <node id="12155254871" lat="20.9929756" lon="105.8641411" version="1" timestamp="2024-09-04T11:33:45Z" changeset="156181729" uid="21213273" user="openmap-vn" />
  <node id="12155254872" lat="20.9938207" lon="105.8638595" version="2" timestamp="2026-04-25T18:41:38Z" changeset="181819167" uid="23326231" user="Vmosnokia31" />
  <node id="12155254874" lat="20.9970241" lon="105.8723641" version="1" timestamp="2024-09-04T11:33:45Z" changeset="156181729" uid="21213273" user="openmap-vn" />
  <node id="12155254875" lat="20.9969262" lon="105.8719418" version="2" timestamp="2026-05-10T08:56:38Z" changeset="182455948" uid="23326231" user="Vmosnokia31" />
  <node id="12159495202" lat="20.9964207" lon="105.8672514" version="1" timestamp="2024-09-06T08:03:39Z" changeset="156261242" uid="3323343" user="phoenixsaigon1698" />
  <node id="12159495203" lat="20.9962619" lon="105.8672505" version="1" timestamp="2024-09-06T08:03:39Z" changeset="156261242" uid="3323343" user="phoenixsaigon1698" />
  <node id="12159495204" lat="20.9962716" lon="105.8672874" version="1" timestamp="2024-09-06T08:03:39Z" changeset="156261242" uid="3323343" user="phoenixsaigon1698" />
  <node id="12159495205" lat="20.9962791" lon="105.8673133" version="1" timestamp="2024-09-06T08:03:39Z" changeset="156261242" uid="3323343" user="phoenixsaigon1698" />
  <node id="12159495206" lat="20.9963107" lon="105.8673587" version="1" timestamp="2024-09-06T08:03:39Z" changeset="156261242" uid="3323343" user="phoenixsaigon1698" />
  <node id="12159495207" lat="20.9962934" lon="105.8673389" version="1" timestamp="2024-09-06T08:03:39Z" changeset="156261242" uid="3323343" user="phoenixsaigon1698" />
  <node id="12164681272" lat="20.9968467" lon="105.8676238" version="1" timestamp="2024-09-09T02:24:56Z" changeset="156374193" uid="3323343" user="phoenixsaigon1698" />
  <node id="12185361751" lat="20.9930810" lon="105.8664944" version="2" timestamp="2026-04-27T13:35:28Z" changeset="181891442" uid="23326231" user="Vmosnokia31">
    <tag k="crossing" v="uncontrolled" />
    <tag k="crossing:markings" v="yes" />
    <tag k="highway" v="crossing" />
  </node>
  <node id="12270506437" lat="21.0000636" lon="105.8710022" version="1" timestamp="2024-10-20T08:03:56Z" changeset="158117092" uid="20881381" user="edumiz624" />
  <node id="12270506438" lat="21.0002722" lon="105.8708413" version="1" timestamp="2024-10-20T08:03:56Z" changeset="158117092" uid="20881381" user="edumiz624" />
  <node id="12293322783" lat="21.0018483" lon="105.8678763" version="1" timestamp="2024-10-28T07:17:57Z" changeset="158442125" uid="3323343" user="phoenixsaigon1698" />
  <node id="12293322784" lat="21.0010087" lon="105.8672126" version="1" timestamp="2024-10-28T07:17:57Z" changeset="158442125" uid="3323343" user="phoenixsaigon1698" />
  <node id="12317957255" lat="20.9984819" lon="105.8726648" version="2" timestamp="2026-06-08T04:32:24Z" changeset="183807915" uid="23326231" user="Vmosnokia31" />
  <node id="12317957256" lat="20.9984300" lon="105.8725135" version="2" timestamp="2026-06-08T04:32:24Z" changeset="183807915" uid="23326231" user="Vmosnokia31" />
  <node id="12320800699" lat="21.0013712" lon="105.8677604" version="1" timestamp="2024-11-07T15:22:54Z" changeset="158860536" uid="3323343" user="phoenixsaigon1698" />
  <node id="12320800700" lat="21.0007564" lon="105.8683519" version="1" timestamp="2024-11-07T15:22:54Z" changeset="158860536" uid="3323343" user="phoenixsaigon1698" />
  <node id="12320840501" lat="21.0019121" lon="105.8664963" version="1" timestamp="2024-11-07T15:22:54Z" changeset="158860536" uid="3323343" user="phoenixsaigon1698" />
  <node id="12320840502" lat="21.0018423" lon="105.8664022" version="1" timestamp="2024-11-07T15:22:54Z" changeset="158860536" uid="3323343" user="phoenixsaigon1698" />
  <node id="12320840503" lat="21.0015498" lon="105.8657508" version="2" timestamp="2026-05-23T05:17:22Z" changeset="183050569" uid="20910140" user="Hung Tran 9x0" />
  <node id="12323676005" lat="20.9957238" lon="105.8687025" version="2" timestamp="2024-11-08T15:10:14Z" changeset="158899654" uid="11691953" user="ItsLouisAnderson" />
  <node id="12326955913" lat="20.9943081" lon="105.8689732" version="1" timestamp="2024-11-09T15:21:34Z" changeset="158938559" uid="11691953" user="ItsLouisAnderson">
    <tag k="highway" v="crossing" />
  </node>
  <node id="12326955914" lat="20.9943074" lon="105.8686159" version="2" timestamp="2026-01-15T02:33:05Z" changeset="177242319" uid="21597372" user="Evgeny Arbatov" />
  <node id="12326955915" lat="20.9943079" lon="105.8690717" version="1" timestamp="2024-11-09T15:21:34Z" changeset="158938559" uid="11691953" user="ItsLouisAnderson" />
  <node id="12337361521" lat="20.9992549" lon="105.8735819" version="1" timestamp="2024-11-13T15:44:35Z" changeset="159097081" uid="3323343" user="phoenixsaigon1698" />
  <node id="12337361522" lat="20.9990986" lon="105.8742887" version="1" timestamp="2024-11-13T15:44:35Z" changeset="159097081" uid="3323343" user="phoenixsaigon1698" />
  <node id="12413812160" lat="20.9974584" lon="105.8677834" version="2" timestamp="2026-04-27T13:35:28Z" changeset="181891442" uid="23326231" user="Vmosnokia31">
    <tag k="highway" v="crossing" />
  </node>
  <node id="12413812161" lat="20.9969018" lon="105.8686706" version="1" timestamp="2024-12-11T21:06:17Z" changeset="160185425" uid="161619" user="FvGordon" />
  <node id="12434983733" lat="20.9932728" lon="105.8725994" version="2" timestamp="2026-05-10T13:41:36Z" changeset="182467433" uid="23326231" user="Vmosnokia31" />
  <node id="12434983736" lat="20.9931383" lon="105.8721421" version="2" timestamp="2026-06-08T13:42:49Z" changeset="183829861" uid="23326231" user="Vmosnokia31" />
  <node id="12459907872" lat="20.9939200" lon="105.8729221" version="1" timestamp="2024-12-29T03:23:22Z" changeset="160736876" uid="3323343" user="phoenixsaigon1698" />
  <node id="12459907873" lat="20.9939498" lon="105.8746650" version="2" timestamp="2026-05-10T13:56:29Z" changeset="182468062" uid="23326231" user="Vmosnokia31" />
  <node id="12459907874" lat="20.9936401" lon="105.8746665" version="3" timestamp="2026-05-11T15:24:14Z" changeset="182516892" uid="23326231" user="Vmosnokia31" />
  <node id="12459907880" lat="20.9926506" lon="105.8716371" version="2" timestamp="2026-05-01T02:04:55Z" changeset="182055425" uid="23326231" user="Vmosnokia31" />
  <node id="12459907881" lat="20.9929393" lon="105.8716642" version="2" timestamp="2026-05-01T02:04:55Z" changeset="182055425" uid="23326231" user="Vmosnokia31" />
  <node id="12543711238" lat="20.9996270" lon="105.8713385" version="1" timestamp="2025-01-30T13:26:09Z" changeset="161937505" uid="11691953" user="ItsLouisAnderson" />
  <node id="12543711239" lat="20.9997425" lon="105.8713226" version="1" timestamp="2025-01-30T13:26:09Z" changeset="161937505" uid="11691953" user="ItsLouisAnderson" />
  <node id="12543711240" lat="20.9997897" lon="105.8712845" version="1" timestamp="2025-01-30T13:26:09Z" changeset="161937505" uid="11691953" user="ItsLouisAnderson" />
  <node id="12543711241" lat="20.9994494" lon="105.8710880" version="3" timestamp="2026-06-08T04:32:24Z" changeset="183807915" uid="23326231" user="Vmosnokia31" />
  <node id="12556203771" lat="20.9952302" lon="105.8652309" version="2" timestamp="2026-04-25T18:41:38Z" changeset="181819167" uid="23326231" user="Vmosnokia31" />
  <node id="12556203772" lat="20.9952163" lon="105.8650333" version="2" timestamp="2026-04-25T18:41:38Z" changeset="181819167" uid="23326231" user="Vmosnokia31" />
  <node id="12556203773" lat="20.9951897" lon="105.8649449" version="2" timestamp="2026-04-25T18:41:38Z" changeset="181819167" uid="23326231" user="Vmosnokia31" />
  <node id="12556203774" lat="20.9949702" lon="105.8649395" version="2" timestamp="2026-04-25T18:41:38Z" changeset="181819167" uid="23326231" user="Vmosnokia31" />
  <node id="12618273843" lat="20.9985404" lon="105.8651283" version="1" timestamp="2025-02-25T14:14:19Z" changeset="162934157" uid="11196308" user="vietnam321" />
  <node id="12618273844" lat="20.9985956" lon="105.8654264" version="1" timestamp="2025-02-25T14:14:19Z" changeset="162934157" uid="11196308" user="vietnam321" />
  <node id="12618273845" lat="20.9986504" lon="105.8654148" version="1" timestamp="2025-02-25T14:14:19Z" changeset="162934157" uid="11196308" user="vietnam321" />
  <node id="12618273846" lat="20.9986563" lon="105.8654467" version="1" timestamp="2025-02-25T14:14:19Z" changeset="162934157" uid="11196308" user="vietnam321" />
  <node id="12618273847" lat="20.9987111" lon="105.8654350" version="1" timestamp="2025-02-25T14:14:19Z" changeset="162934157" uid="11196308" user="vietnam321" />
  <node id="12618273848" lat="20.9987141" lon="105.8654513" version="1" timestamp="2025-02-25T14:14:19Z" changeset="162934157" uid="11196308" user="vietnam321" />
  <node id="12618273849" lat="20.9987921" lon="105.8654348" version="1" timestamp="2025-02-25T14:14:19Z" changeset="162934157" uid="11196308" user="vietnam321" />
  <node id="12618273850" lat="20.9987896" lon="105.8654214" version="1" timestamp="2025-02-25T14:14:19Z" changeset="162934157" uid="11196308" user="vietnam321" />
  <node id="12618273851" lat="20.9990187" lon="105.8653732" version="1" timestamp="2025-02-25T14:14:19Z" changeset="162934157" uid="11196308" user="vietnam321" />
  <node id="12618273852" lat="20.9990156" lon="105.8653562" version="1" timestamp="2025-02-25T14:14:19Z" changeset="162934157" uid="11196308" user="vietnam321" />
  <node id="12618273853" lat="20.9990745" lon="105.8653438" version="1" timestamp="2025-02-25T14:14:19Z" changeset="162934157" uid="11196308" user="vietnam321" />
  <node id="12618273854" lat="20.9990670" lon="105.8653029" version="1" timestamp="2025-02-25T14:14:19Z" changeset="162934157" uid="11196308" user="vietnam321" />
  <node id="12618273855" lat="20.9990460" lon="105.8653073" version="1" timestamp="2025-02-25T14:14:19Z" changeset="162934157" uid="11196308" user="vietnam321" />
  <node id="12618273856" lat="20.9990414" lon="105.8652821" version="1" timestamp="2025-02-25T14:14:19Z" changeset="162934157" uid="11196308" user="vietnam321" />
  <node id="12618273857" lat="20.9990654" lon="105.8652770" version="1" timestamp="2025-02-25T14:14:19Z" changeset="162934157" uid="11196308" user="vietnam321" />
  <node id="12618273858" lat="20.9990152" lon="105.8650037" version="1" timestamp="2025-02-25T14:14:19Z" changeset="162934157" uid="11196308" user="vietnam321" />
  <node id="12618273859" lat="20.9989662" lon="105.8650140" version="1" timestamp="2025-02-25T14:14:19Z" changeset="162934157" uid="11196308" user="vietnam321" />
  <node id="12618273860" lat="20.9989645" lon="105.8650051" version="1" timestamp="2025-02-25T14:14:19Z" changeset="162934157" uid="11196308" user="vietnam321" />
  <node id="12618273861" lat="20.9989053" lon="105.8650176" version="1" timestamp="2025-02-25T14:14:19Z" changeset="162934157" uid="11196308" user="vietnam321" />
  <node id="12618273862" lat="20.9989220" lon="105.8651081" version="1" timestamp="2025-02-25T14:14:19Z" changeset="162934157" uid="11196308" user="vietnam321" />
  <node id="12618273863" lat="20.9989457" lon="105.8651031" version="1" timestamp="2025-02-25T14:14:19Z" changeset="162934157" uid="11196308" user="vietnam321" />
  <node id="12618273864" lat="20.9989810" lon="105.8652939" version="1" timestamp="2025-02-25T14:14:19Z" changeset="162934157" uid="11196308" user="vietnam321" />
  <node id="12618273865" lat="20.9987685" lon="105.8653389" version="1" timestamp="2025-02-25T14:14:19Z" changeset="162934157" uid="11196308" user="vietnam321" />
  <node id="12618273866" lat="20.9987561" lon="105.8652718" version="1" timestamp="2025-02-25T14:14:19Z" changeset="162934157" uid="11196308" user="vietnam321" />
  <node id="12618273867" lat="20.9987504" lon="105.8652587" version="1" timestamp="2025-02-25T14:14:19Z" changeset="162934157" uid="11196308" user="vietnam321" />
  <node id="12618273868" lat="20.9987396" lon="105.8652510" version="1" timestamp="2025-02-25T14:14:19Z" changeset="162934157" uid="11196308" user="vietnam321" />
  <node id="12618273869" lat="20.9987159" lon="105.8652560" version="1" timestamp="2025-02-25T14:14:19Z" changeset="162934157" uid="11196308" user="vietnam321" />
  <node id="12618273870" lat="20.9986865" lon="105.8650973" version="1" timestamp="2025-02-25T14:14:19Z" changeset="162934157" uid="11196308" user="vietnam321" />
  <node id="12618273878" lat="20.9983411" lon="105.8656253" version="1" timestamp="2025-02-25T14:14:19Z" changeset="162934157" uid="11196308" user="vietnam321" />
  <node id="12618273879" lat="20.9985361" lon="105.8655193" version="1" timestamp="2025-02-25T14:14:19Z" changeset="162934157" uid="11196308" user="vietnam321" />
  <node id="12618273880" lat="20.9991140" lon="105.8654052" version="1" timestamp="2025-02-25T14:14:19Z" changeset="162934157" uid="11196308" user="vietnam321" />
  <node id="12618273881" lat="20.9989402" lon="105.8655598" version="1" timestamp="2025-02-25T14:14:19Z" changeset="162934157" uid="11196308" user="vietnam321" />
  <node id="12618273882" lat="20.9988572" lon="105.8655773" version="1" timestamp="2025-02-25T14:14:19Z" changeset="162934157" uid="11196308" user="vietnam321" />
  <node id="12618273883" lat="20.9988513" lon="105.8655452" version="1" timestamp="2025-02-25T14:14:19Z" changeset="162934157" uid="11196308" user="vietnam321" />
  <node id="12618273884" lat="20.9987783" lon="105.8655606" version="1" timestamp="2025-02-25T14:14:19Z" changeset="162934157" uid="11196308" user="vietnam321" />
  <node id="12618273885" lat="20.9987844" lon="105.8655942" version="1" timestamp="2025-02-25T14:14:19Z" changeset="162934157" uid="11196308" user="vietnam321" />
  <node id="12618273886" lat="20.9987486" lon="105.8656018" version="1" timestamp="2025-02-25T14:14:19Z" changeset="162934157" uid="11196308" user="vietnam321" />
  <node id="12618273887" lat="20.9987583" lon="105.8656548" version="1" timestamp="2025-02-25T14:14:19Z" changeset="162934157" uid="11196308" user="vietnam321" />
  <node id="12618273888" lat="20.9987912" lon="105.8656478" version="1" timestamp="2025-02-25T14:14:19Z" changeset="162934157" uid="11196308" user="vietnam321" />
  <node id="12618273889" lat="20.9987940" lon="105.8656632" version="1" timestamp="2025-02-25T14:14:19Z" changeset="162934157" uid="11196308" user="vietnam321" />
  <node id="12618273890" lat="20.9989530" lon="105.8656297" version="1" timestamp="2025-02-25T14:14:19Z" changeset="162934157" uid="11196308" user="vietnam321" />
  <node id="12618273891" lat="20.9988738" lon="105.8654621" version="1" timestamp="2025-02-25T14:14:19Z" changeset="162934157" uid="11196308" user="vietnam321" />
  <node id="12618273892" lat="20.9989695" lon="105.8654436" version="1" timestamp="2025-02-25T14:14:19Z" changeset="162934157" uid="11196308" user="vietnam321" />
  <node id="12618273893" lat="20.9989975" lon="105.8655776" version="1" timestamp="2025-02-25T14:14:19Z" changeset="162934157" uid="11196308" user="vietnam321" />
  <node id="12618273894" lat="20.9989500" lon="105.8655930" version="1" timestamp="2025-02-25T14:14:19Z" changeset="162934157" uid="11196308" user="vietnam321" />
  <node id="12618273895" lat="20.9989378" lon="105.8655375" version="1" timestamp="2025-02-25T14:14:19Z" changeset="162934157" uid="11196308" user="vietnam321" />
  <node id="12618273896" lat="20.9988896" lon="105.8655483" version="1" timestamp="2025-02-25T14:14:19Z" changeset="162934157" uid="11196308" user="vietnam321" />
  <node id="12618273897" lat="20.9989989" lon="105.8654374" version="1" timestamp="2025-02-25T14:14:19Z" changeset="162934157" uid="11196308" user="vietnam321" />
  <node id="12618273898" lat="20.9990284" lon="105.8655653" version="1" timestamp="2025-02-25T14:14:19Z" changeset="162934157" uid="11196308" user="vietnam321" />
  <node id="12618273899" lat="20.9992016" lon="105.8653819" version="1" timestamp="2025-02-25T14:14:19Z" changeset="162934157" uid="11196308" user="vietnam321" />
  <node id="12618273900" lat="20.9984880" lon="105.8651437" version="1" timestamp="2025-02-25T14:14:19Z" changeset="162934157" uid="11196308" user="vietnam321" />
  <node id="12618285401" lat="20.9983240" lon="105.8655873" version="1" timestamp="2025-02-25T14:14:19Z" changeset="162934157" uid="11196308" user="vietnam321" />
  <node id="12618285402" lat="20.9983014" lon="105.8655214" version="1" timestamp="2025-02-25T14:14:19Z" changeset="162934157" uid="11196308" user="vietnam321" />
  <node id="12618285403" lat="20.9980418" lon="105.8656236" version="1" timestamp="2025-02-25T14:14:19Z" changeset="162934157" uid="11196308" user="vietnam321" />
  <node id="12618285404" lat="20.9980720" lon="105.8657116" version="1" timestamp="2025-02-25T14:14:19Z" changeset="162934157" uid="11196308" user="vietnam321" />
  <node id="12618285405" lat="20.9983129" lon="105.8656169" version="1" timestamp="2025-02-25T14:14:19Z" changeset="162934157" uid="11196308" user="vietnam321" />
  <node id="12618285406" lat="20.9977682" lon="105.8657125" version="1" timestamp="2025-02-25T14:14:19Z" changeset="162934157" uid="11196308" user="vietnam321" />
  <node id="12618285407" lat="20.9978905" lon="105.8656623" version="1" timestamp="2025-02-25T14:14:19Z" changeset="162934157" uid="11196308" user="vietnam321" />
  <node id="12618285408" lat="20.9979019" lon="105.8656420" version="1" timestamp="2025-02-25T14:14:19Z" changeset="162934157" uid="11196308" user="vietnam321" />
  <node id="12618285409" lat="20.9979188" lon="105.8656894" version="1" timestamp="2025-02-25T14:14:19Z" changeset="162934157" uid="11196308" user="vietnam321" />
  <node id="12618285410" lat="20.9979264" lon="105.8656863" version="1" timestamp="2025-02-25T14:14:19Z" changeset="162934157" uid="11196308" user="vietnam321" />
  <node id="12618285411" lat="20.9979449" lon="105.8657381" version="1" timestamp="2025-02-25T14:14:19Z" changeset="162934157" uid="11196308" user="vietnam321" />
  <node id="12618285412" lat="20.9977988" lon="105.8657980" version="1" timestamp="2025-02-25T14:14:19Z" changeset="162934157" uid="11196308" user="vietnam321" />
  <node id="12618285413" lat="20.9977208" lon="105.8654804" version="1" timestamp="2025-02-25T14:14:19Z" changeset="162934157" uid="11196308" user="vietnam321" />
  <node id="12618285414" lat="20.9977864" lon="105.8656618" version="1" timestamp="2025-02-25T14:14:19Z" changeset="162934157" uid="11196308" user="vietnam321" />
  <node id="12618285415" lat="20.9978099" lon="105.8656520" version="1" timestamp="2025-02-25T14:14:19Z" changeset="162934157" uid="11196308" user="vietnam321" />
  <node id="12618285416" lat="20.9978159" lon="105.8656686" version="1" timestamp="2025-02-25T14:14:19Z" changeset="162934157" uid="11196308" user="vietnam321" />
  <node id="12618285417" lat="20.9978670" lon="105.8656474" version="1" timestamp="2025-02-25T14:14:19Z" changeset="162934157" uid="11196308" user="vietnam321" />
  <node id="12618285418" lat="20.9978611" lon="105.8656311" version="1" timestamp="2025-02-25T14:14:19Z" changeset="162934157" uid="11196308" user="vietnam321" />
  <node id="12618285419" lat="20.9978868" lon="105.8656204" version="1" timestamp="2025-02-25T14:14:19Z" changeset="162934157" uid="11196308" user="vietnam321" />
  <node id="12618285420" lat="20.9978211" lon="105.8654388" version="1" timestamp="2025-02-25T14:14:19Z" changeset="162934157" uid="11196308" user="vietnam321" />
  <node id="12618285421" lat="20.9978012" lon="105.8654471" version="1" timestamp="2025-02-25T14:14:19Z" changeset="162934157" uid="11196308" user="vietnam321" />
  <node id="12618285422" lat="20.9977960" lon="105.8654327" version="1" timestamp="2025-02-25T14:14:19Z" changeset="162934157" uid="11196308" user="vietnam321" />
  <node id="12618285423" lat="20.9977402" lon="105.8654558" version="1" timestamp="2025-02-25T14:14:19Z" changeset="162934157" uid="11196308" user="vietnam321" />
  <node id="12618285424" lat="20.9977454" lon="105.8654702" version="1" timestamp="2025-02-25T14:14:19Z" changeset="162934157" uid="11196308" user="vietnam321" />
  <node id="12726065982" lat="20.9952247" lon="105.8576497" version="3" timestamp="2026-02-07T16:56:42Z" changeset="178236579" uid="22065819" user="Hung159" />
  <node id="12726065983" lat="20.9951407" lon="105.8575504" version="3" timestamp="2026-02-07T16:56:42Z" changeset="178236579" uid="22065819" user="Hung159" />
  <node id="12726065984" lat="20.9953707" lon="105.8590215" version="3" timestamp="2026-02-07T16:56:42Z" changeset="178236579" uid="22065819" user="Hung159" />
  <node id="12726065985" lat="20.9952583" lon="105.8588939" version="2" timestamp="2025-07-02T09:12:45Z" changeset="168388240" uid="3323343" user="phoenixsaigon1698" />
  <node id="12726065986" lat="20.9954329" lon="105.8593240" version="3" timestamp="2026-02-07T16:56:42Z" changeset="178236579" uid="22065819" user="Hung159" />
  <node id="12726065987" lat="20.9953547" lon="105.8593309" version="2" timestamp="2025-07-02T09:12:45Z" changeset="168388240" uid="3323343" user="phoenixsaigon1698" />
  <node id="12726065988" lat="20.9952694" lon="105.8583593" version="3" timestamp="2026-02-07T16:56:42Z" changeset="178236579" uid="22065819" user="Hung159" />
  <node id="12726065989" lat="20.9951913" lon="105.8584627" version="2" timestamp="2025-07-02T09:12:45Z" changeset="168388240" uid="3323343" user="phoenixsaigon1698" />
  <node id="12726065990" lat="20.9960122" lon="105.8500706" version="3" timestamp="2026-02-07T16:56:42Z" changeset="178236579" uid="22065819" user="Hung159" />
  <node id="12726065991" lat="20.9959323" lon="105.8500720" version="2" timestamp="2025-07-02T09:12:45Z" changeset="168388240" uid="3323343" user="phoenixsaigon1698" />
  <node id="12726065993" lat="20.9956299" lon="105.8536082" version="3" timestamp="2026-02-07T16:56:42Z" changeset="178236579" uid="22065819" user="Hung159" />
  <node id="12726065994" lat="20.9955410" lon="105.8535835" version="2" timestamp="2025-07-02T09:12:45Z" changeset="168388240" uid="3323343" user="phoenixsaigon1698" />
  <node id="12777639277" lat="20.9979945" lon="105.8668481" version="3" timestamp="2026-02-07T16:56:42Z" changeset="178236579" uid="22065819" user="Hung159" />
  <node id="12863626858" lat="20.9961758" lon="105.8705577" version="2" timestamp="2026-05-10T08:56:38Z" changeset="182455948" uid="23326231" user="Vmosnokia31" />
  <node id="12863626859" lat="20.9962617" lon="105.8705579" version="2" timestamp="2026-05-10T08:56:38Z" changeset="182455948" uid="23326231" user="Vmosnokia31" />
  <node id="12888207314" lat="21.0014936" lon="105.8671995" version="1" timestamp="2025-06-05T07:34:57Z" changeset="167208923" uid="3323343" user="phoenixsaigon1698" />
  <node id="12888238575" lat="20.9958052" lon="105.8750960" version="1" timestamp="2025-06-05T07:52:55Z" changeset="167209569" uid="3323343" user="phoenixsaigon1698" />
  <node id="12890253814" lat="21.0028868" lon="105.8724770" version="2" timestamp="2026-04-07T00:02:48Z" changeset="180973222" uid="16014056" user="Trần Thanh Tuấn" />
  <node id="12890253815" lat="21.0030617" lon="105.8719128" version="2" timestamp="2026-04-07T00:02:48Z" changeset="180973222" uid="16014056" user="Trần Thanh Tuấn" />
  <node id="12890253816" lat="21.0040894" lon="105.8703644" version="2" timestamp="2026-04-07T00:02:48Z" changeset="180973222" uid="16014056" user="Trần Thanh Tuấn" />
  <node id="12890253817" lat="21.0046254" lon="105.8698383" version="2" timestamp="2026-04-07T00:02:48Z" changeset="180973222" uid="16014056" user="Trần Thanh Tuấn" />
  <node id="12890253819" lat="21.0028463" lon="105.8719718" version="1" timestamp="2025-06-06T04:17:14Z" changeset="167248742" uid="3323343" user="phoenixsaigon1698" />
  <node id="12890253820" lat="21.0027465" lon="105.8720938" version="1" timestamp="2025-06-06T04:17:14Z" changeset="167248742" uid="3323343" user="phoenixsaigon1698" />
  <node id="12890253821" lat="21.0027327" lon="105.8721372" version="1" timestamp="2025-06-06T04:17:14Z" changeset="167248742" uid="3323343" user="phoenixsaigon1698" />
  <node id="12890253822" lat="21.0029282" lon="105.8721990" version="1" timestamp="2025-06-06T04:17:14Z" changeset="167248742" uid="3323343" user="phoenixsaigon1698" />
  <node id="12890253823" lat="21.0029413" lon="105.8722947" version="2" timestamp="2026-04-07T00:02:48Z" changeset="180973222" uid="16014056" user="Trần Thanh Tuấn" />
  <node id="12890253828" lat="21.0029852" lon="105.8727458" version="1" timestamp="2025-06-06T04:17:14Z" changeset="167248742" uid="3323343" user="phoenixsaigon1698" />
  <node id="12890253829" lat="21.0030296" lon="105.8725263" version="1" timestamp="2025-06-06T04:17:14Z" changeset="167248742" uid="3323343" user="phoenixsaigon1698" />
  <node id="12890253830" lat="21.0030355" lon="105.8724426" version="1" timestamp="2025-06-06T04:17:14Z" changeset="167248742" uid="3323343" user="phoenixsaigon1698" />
  <node id="12944186089" lat="20.9955103" lon="105.8651152" version="1" timestamp="2025-06-22T06:51:12Z" changeset="167939729" uid="20910140" user="Hung Tran 9x0" />
  <node id="12944186090" lat="20.9955273" lon="105.8652363" version="1" timestamp="2025-06-22T06:51:12Z" changeset="167939729" uid="20910140" user="Hung Tran 9x0" />
  <node id="12944186091" lat="20.9961344" lon="105.8652357" version="1" timestamp="2025-06-22T06:51:12Z" changeset="167939729" uid="20910140" user="Hung Tran 9x0" />
  <node id="12944186092" lat="20.9960945" lon="105.8653090" version="1" timestamp="2025-06-22T06:51:12Z" changeset="167939729" uid="20910140" user="Hung Tran 9x0" />
  <node id="12944186093" lat="20.9959631" lon="105.8654352" version="1" timestamp="2025-06-22T06:51:12Z" changeset="167939729" uid="20910140" user="Hung Tran 9x0" />
  <node id="12944186094" lat="20.9959622" lon="105.8655122" version="1" timestamp="2025-06-22T06:51:12Z" changeset="167939729" uid="20910140" user="Hung Tran 9x0" />
  <node id="12944186095" lat="20.9961226" lon="105.8652622" version="1" timestamp="2025-06-22T06:51:12Z" changeset="167939729" uid="20910140" user="Hung Tran 9x0" />
  <node id="12944186096" lat="20.9956263" lon="105.8654420" version="1" timestamp="2025-06-22T06:51:12Z" changeset="167939729" uid="20910140" user="Hung Tran 9x0" />
  <node id="12969157888" lat="20.9996663" lon="105.8713460" version="1" timestamp="2025-07-02T09:12:45Z" changeset="168388240" uid="3323343" user="phoenixsaigon1698" />
  <node id="13005742563" lat="21.0023563" lon="105.8727937" version="1" timestamp="2025-07-17T03:58:33Z" changeset="169040815" uid="21825913" user="map_newbie_206" />
  <node id="13022250709" lat="20.9932515" lon="105.8645803" version="2" timestamp="2026-04-25T18:41:38Z" changeset="181819167" uid="23326231" user="Vmosnokia31" />
  <node id="13022250710" lat="20.9934895" lon="105.8645754" version="2" timestamp="2026-04-25T18:41:38Z" changeset="181819167" uid="23326231" user="Vmosnokia31" />
  <node id="13022250711" lat="20.9934918" lon="105.8646358" version="2" timestamp="2026-04-25T18:41:38Z" changeset="181819167" uid="23326231" user="Vmosnokia31" />
  <node id="13022250712" lat="20.9936961" lon="105.8646581" version="2" timestamp="2026-04-25T18:41:38Z" changeset="181819167" uid="23326231" user="Vmosnokia31" />
  <node id="13042463434" lat="21.0008060" lon="105.8665528" version="1" timestamp="2025-08-02T05:33:19Z" changeset="169845514" uid="20910140" user="Hung Tran 9x0">
    <tag k="barrier" v="bollard" />
    <tag k="bicycle" v="yes" />
    <tag k="foot" v="yes" />
    <tag k="horse" v="no" />
    <tag k="material" v="concrete" />
    <tag k="mofa" v="yes" />
    <tag k="moped" v="yes" />
    <tag k="motor_vehicle" v="no" />
    <tag k="motorcycle" v="yes" />
  </node>
  <node id="13042463435" lat="20.9989055" lon="105.8677895" version="1" timestamp="2025-08-02T05:33:19Z" changeset="169845514" uid="20910140" user="Hung Tran 9x0" />
  <node id="13050147688" lat="20.9974348" lon="105.8713905" version="1" timestamp="2025-08-05T14:20:25Z" changeset="170009909" uid="20910140" user="Hung Tran 9x0">
    <tag k="entrance" v="yes" />
    <tag k="name" v="A2" />
  </node>
  <node id="13050147689" lat="20.9979318" lon="105.8713881" version="1" timestamp="2025-08-05T14:20:25Z" changeset="170009909" uid="20910140" user="Hung Tran 9x0">
    <tag k="entrance" v="yes" />
    <tag k="name" v="A1" />
  </node>
  <node id="13050147690" lat="20.9972148" lon="105.8712182" version="1" timestamp="2025-08-05T14:20:25Z" changeset="170009909" uid="20910140" user="Hung Tran 9x0">
    <tag k="amenity" v="parking_entrance" />
  </node>
  <node id="13050147691" lat="20.9970880" lon="105.8712179" version="1" timestamp="2025-08-05T14:20:25Z" changeset="170009909" uid="20910140" user="Hung Tran 9x0" />
  <node id="13072003065" lat="20.9987374" lon="105.8626896" version="1" timestamp="2025-08-15T07:08:17Z" changeset="170466051" uid="20910140" user="Hung Tran 9x0" />
  <node id="13072003066" lat="20.9987447" lon="105.8627301" version="1" timestamp="2025-08-15T07:08:17Z" changeset="170466051" uid="20910140" user="Hung Tran 9x0" />
  <node id="13072003067" lat="20.9987270" lon="105.8627893" version="1" timestamp="2025-08-15T07:08:17Z" changeset="170466051" uid="20910140" user="Hung Tran 9x0" />
  <node id="13072003068" lat="20.9981274" lon="105.8644345" version="1" timestamp="2025-08-15T07:08:17Z" changeset="170466051" uid="20910140" user="Hung Tran 9x0" />
  <node id="13072693839" lat="20.9970927" lon="105.8634362" version="1" timestamp="2025-08-15T15:09:58Z" changeset="170485613" uid="20910140" user="Hung Tran 9x0">
    <tag k="access" v="permissive" />
    <tag k="barrier" v="gate" />
  </node>
  <node id="13072693840" lat="20.9970680" lon="105.8634430" version="1" timestamp="2025-08-15T15:09:58Z" changeset="170485613" uid="20910140" user="Hung Tran 9x0" />
  <node id="13072693841" lat="20.9970396" lon="105.8633448" version="1" timestamp="2025-08-15T15:09:58Z" changeset="170485613" uid="20910140" user="Hung Tran 9x0" />
  <node id="13089371175" lat="21.0005885" lon="105.8668288" version="1" timestamp="2025-08-22T15:19:18Z" changeset="170838172" uid="20910140" user="Hung Tran 9x0">
    <tag k="barrier" v="gate" />
  </node>
  <node id="13089391609" lat="21.0009840" lon="105.8668785" version="2" timestamp="2026-01-06T15:18:31Z" changeset="176907828" uid="20910140" user="Hung Tran 9x0" />
  <node id="13089391610" lat="21.0009868" lon="105.8670714" version="2" timestamp="2026-01-06T15:18:31Z" changeset="176907828" uid="20910140" user="Hung Tran 9x0" />
  <node id="13089391611" lat="21.0006384" lon="105.8670772" version="2" timestamp="2026-01-06T15:18:31Z" changeset="176907828" uid="20910140" user="Hung Tran 9x0" />
  <node id="13089391612" lat="21.0006356" lon="105.8668844" version="2" timestamp="2026-01-06T15:18:31Z" changeset="176907828" uid="20910140" user="Hung Tran 9x0" />
  <node id="13142039175" lat="20.9989798" lon="105.8695802" version="1" timestamp="2025-09-14T06:36:37Z" changeset="171901994" uid="22065819" user="Hung159">
    <tag k="traffic_sign" v="yes" />
    <tag k="traffic_sign:direction" v="forward" />
  </node>
  <node id="13159216729" lat="21.0029867" lon="105.8749883" version="3" timestamp="2026-07-09T21:35:11Z" changeset="185437480" uid="20910140" user="Hung Tran 9x0" />
  <node id="13159216730" lat="21.0026515" lon="105.8749467" version="2" timestamp="2026-05-31T15:44:28Z" changeset="183454771" uid="23326231" user="Vmosnokia31">
    <tag k="traffic_calming" v="rumble_strip" />
  </node>
  <node id="13159216731" lat="21.0027207" lon="105.8749372" version="2" timestamp="2026-05-31T15:44:28Z" changeset="183454771" uid="23326231" user="Vmosnokia31">
    <tag k="traffic_calming" v="rumble_strip" />
  </node>
  <node id="13159216733" lat="21.0028768" lon="105.8730856" version="1" timestamp="2025-09-21T06:02:44Z" changeset="172230523" uid="22065819" user="Hung159" />
  <node id="13159216734" lat="21.0029471" lon="105.8745537" version="2" timestamp="2026-05-31T15:44:28Z" changeset="183454771" uid="23326231" user="Vmosnokia31" />
  <node id="13159216759" lat="21.0027991" lon="105.8745240" version="2" timestamp="2026-06-10T05:18:12Z" changeset="183904098" uid="23326231" user="Vmosnokia31" />
  <node id="13159227219" lat="21.0016024" lon="105.8747772" version="1" timestamp="2025-09-21T06:16:56Z" changeset="172230786" uid="22065819" user="Hung159" />
  <node id="13159227220" lat="21.0015274" lon="105.8746967" version="1" timestamp="2025-09-21T06:16:56Z" changeset="172230786" uid="22065819" user="Hung159" />
  <node id="13159227221" lat="21.0014550" lon="105.8744812" version="1" timestamp="2025-09-21T06:16:56Z" changeset="172230786" uid="22065819" user="Hung159" />
  <node id="13159227222" lat="21.0014669" lon="105.8743562" version="1" timestamp="2025-09-21T06:16:56Z" changeset="172230786" uid="22065819" user="Hung159" />
  <node id="13159227223" lat="21.0017172" lon="105.8740379" version="1" timestamp="2025-09-21T06:16:56Z" changeset="172230786" uid="22065819" user="Hung159" />
  <node id="13159227284" lat="20.9990512" lon="105.8703708" version="1" timestamp="2025-09-21T06:16:56Z" changeset="172230786" uid="22065819" user="Hung159" />
  <node id="13176982734" lat="21.0023225" lon="105.8700831" version="2" timestamp="2026-09-15T00:57:38Z" changeset="189037087" uid="3323343" user="phoenixsaigon1698" />
  <node id="13286747953" lat="21.0000045" lon="105.8653032" version="2" timestamp="2026-02-08T05:15:47Z" changeset="178252551" uid="11141338" user="FanaticAir75626" />
  <node id="13286747954" lat="21.0016601" lon="105.8649364" version="2" timestamp="2026-02-08T05:15:47Z" changeset="178252551" uid="11141338" user="FanaticAir75626" />
  <node id="13286747955" lat="21.0021953" lon="105.8644659" version="2" timestamp="2026-02-08T05:15:47Z" changeset="178252551" uid="11141338" user="FanaticAir75626" />
  <node id="13286747956" lat="21.0029831" lon="105.8644503" version="1" timestamp="2025-11-07T07:38:31Z" changeset="174320123" uid="11141338" user="FanaticAir75626" />
  <node id="13286747957" lat="21.0017694" lon="105.8649007" version="2" timestamp="2026-02-08T05:15:47Z" changeset="178252551" uid="11141338" user="FanaticAir75626" />
  <node id="13286747958" lat="21.0022809" lon="105.8644422" version="2" timestamp="2026-02-08T05:15:47Z" changeset="178252551" uid="11141338" user="FanaticAir75626" />
  <node id="13286747960" lat="21.0021227" lon="105.8645239" version="2" timestamp="2026-02-08T05:15:47Z" changeset="178252551" uid="11141338" user="FanaticAir75626" />
  <node id="13286747964" lat="21.0017387" lon="105.8650142" version="1" timestamp="2025-11-07T07:38:31Z" changeset="174320123" uid="11141338" user="FanaticAir75626" />
  <node id="13286747965" lat="21.0018019" lon="105.8656405" version="1" timestamp="2025-11-07T07:38:31Z" changeset="174320123" uid="11141338" user="FanaticAir75626" />
  <node id="13286747966" lat="21.0016723" lon="105.8656556" version="1" timestamp="2025-11-07T07:38:31Z" changeset="174320123" uid="11141338" user="FanaticAir75626" />
  <node id="13286747967" lat="21.0016501" lon="105.8654368" version="1" timestamp="2025-11-07T07:38:31Z" changeset="174320123" uid="11141338" user="FanaticAir75626" />
  <node id="13286747968" lat="21.0015885" lon="105.8654439" version="1" timestamp="2025-11-07T07:38:31Z" changeset="174320123" uid="11141338" user="FanaticAir75626" />
  <node id="13286747969" lat="21.0015475" lon="105.8650363" version="1" timestamp="2025-11-07T07:38:31Z" changeset="174320123" uid="11141338" user="FanaticAir75626" />
  <node id="13286747970" lat="21.0017797" lon="105.8654218" version="1" timestamp="2025-11-07T07:38:31Z" changeset="174320123" uid="11141338" user="FanaticAir75626" />
  <node id="13286747971" lat="21.0009011" lon="105.8658531" version="1" timestamp="2025-11-07T07:38:31Z" changeset="174320123" uid="11141338" user="FanaticAir75626" />
  <node id="13286747972" lat="21.0009013" lon="105.8656917" version="1" timestamp="2025-11-07T07:38:31Z" changeset="174320123" uid="11141338" user="FanaticAir75626" />
  <node id="13286747973" lat="21.0012425" lon="105.8656923" version="1" timestamp="2025-11-07T07:38:31Z" changeset="174320123" uid="11141338" user="FanaticAir75626" />
  <node id="13286747974" lat="21.0012423" lon="105.8658536" version="1" timestamp="2025-11-07T07:38:31Z" changeset="174320123" uid="11141338" user="FanaticAir75626" />
  <node id="13325677379" lat="21.0008454" lon="105.8630433" version="1" timestamp="2025-11-23T07:19:27Z" changeset="175014967" uid="20910140" user="Hung Tran 9x0" />
  <node id="13325677380" lat="21.0008409" lon="105.8628089" version="1" timestamp="2025-11-23T07:19:27Z" changeset="175014967" uid="20910140" user="Hung Tran 9x0" />
  <node id="13325677381" lat="21.0011529" lon="105.8627978" version="1" timestamp="2025-11-23T07:19:27Z" changeset="175014967" uid="20910140" user="Hung Tran 9x0" />
  <node id="13325677382" lat="21.0008081" lon="105.8630440" version="1" timestamp="2025-11-23T07:19:27Z" changeset="175014967" uid="20910140" user="Hung Tran 9x0">
    <tag k="noexit" v="yes" />
  </node>
  <node id="13428677923" lat="21.0011825" lon="105.8731702" version="1" timestamp="2026-01-03T15:11:20Z" changeset="176785806" uid="20910140" user="Hung Tran 9x0" />
  <node id="13428677924" lat="21.0009772" lon="105.8732290" version="1" timestamp="2026-01-03T15:11:20Z" changeset="176785806" uid="20910140" user="Hung Tran 9x0" />
  <node id="13428677925" lat="21.0010214" lon="105.8733321" version="1" timestamp="2026-01-03T15:11:20Z" changeset="176785806" uid="20910140" user="Hung Tran 9x0" />
  <node id="13428677926" lat="21.0009900" lon="105.8737958" version="1" timestamp="2026-01-03T15:11:20Z" changeset="176785806" uid="20910140" user="Hung Tran 9x0" />
  <node id="13428677927" lat="21.0011214" lon="105.8731877" version="1" timestamp="2026-01-03T15:11:20Z" changeset="176785806" uid="20910140" user="Hung Tran 9x0">
    <tag k="highway" v="crossing" />
  </node>
  <node id="13428677928" lat="21.0010216" lon="105.8735248" version="1" timestamp="2026-01-03T15:11:20Z" changeset="176785806" uid="20910140" user="Hung Tran 9x0" />
  <node id="13439189444" lat="21.0002022" lon="105.8735817" version="1" timestamp="2026-01-08T07:42:59Z" changeset="176972751" uid="21825913" user="map_newbie_206" />
  <node id="13449278284" lat="20.9957249" lon="105.8711169" version="2" timestamp="2026-05-10T08:56:38Z" changeset="182455948" uid="23326231" user="Vmosnokia31" />
  <node id="13449278285" lat="20.9957546" lon="105.8713404" version="2" timestamp="2026-05-10T08:56:38Z" changeset="182455948" uid="23326231" user="Vmosnokia31" />
  <node id="13454798261" lat="20.9960212" lon="105.8690600" version="1" timestamp="2026-01-14T03:23:43Z" changeset="177203049" uid="21597372" user="Evgeny Arbatov" />
  <node id="13454798262" lat="20.9960240" lon="105.8685983" version="1" timestamp="2026-01-14T03:23:43Z" changeset="177203049" uid="21597372" user="Evgeny Arbatov" />
  <node id="13454798263" lat="20.9960217" lon="105.8689748" version="1" timestamp="2026-01-14T03:23:43Z" changeset="177203049" uid="21597372" user="Evgeny Arbatov">
    <tag k="highway" v="crossing" />
  </node>
  <node id="13511235178" lat="20.9948679" lon="105.8627173" version="2" timestamp="2026-04-25T18:41:38Z" changeset="181819167" uid="23326231" user="Vmosnokia31">
    <tag k="highway" v="crossing" />
  </node>
  <node id="13511235179" lat="20.9943182" lon="105.8627836" version="1" timestamp="2026-01-30T05:20:30Z" changeset="177874163" uid="23326231" user="Vmosnokia31" />
  <node id="13511235181" lat="20.9933899" lon="105.8629122" version="2" timestamp="2026-02-04T17:16:33Z" changeset="178104290" uid="23326231" user="Vmosnokia31">
    <tag k="highway" v="crossing" />
  </node>
  <node id="13511235182" lat="20.9933040" lon="105.8629190" version="2" timestamp="2026-02-04T17:16:33Z" changeset="178104290" uid="23326231" user="Vmosnokia31">
    <tag k="highway" v="crossing" />
  </node>
  <node id="13511235183" lat="20.9930495" lon="105.8629408" version="2" timestamp="2026-02-04T17:16:33Z" changeset="178104290" uid="23326231" user="Vmosnokia31">
    <tag k="highway" v="crossing" />
  </node>
  <node id="13511235184" lat="20.9927856" lon="105.8629730" version="2" timestamp="2026-02-04T17:16:33Z" changeset="178104290" uid="23326231" user="Vmosnokia31">
    <tag k="highway" v="crossing" />
  </node>
  <node id="13511235194" lat="20.9929984" lon="105.8632009" version="2" timestamp="2026-04-25T18:41:38Z" changeset="181819167" uid="23326231" user="Vmosnokia31" />
  <node id="13532420404" lat="20.9953012" lon="105.8565183" version="1" timestamp="2026-02-07T16:56:42Z" changeset="178236579" uid="22065819" user="Hung159" />
  <node id="13532420405" lat="20.9952630" lon="105.8568211" version="1" timestamp="2026-02-07T16:56:42Z" changeset="178236579" uid="22065819" user="Hung159" />
  <node id="13532420406" lat="20.9953361" lon="105.8562123" version="1" timestamp="2026-02-07T16:56:42Z" changeset="178236579" uid="22065819" user="Hung159" />
  <node id="13532420417" lat="20.9960995" lon="105.8493329" version="1" timestamp="2026-02-07T16:56:42Z" changeset="178236579" uid="22065819" user="Hung159" />
  <node id="13532420418" lat="20.9958945" lon="105.8511351" version="1" timestamp="2026-02-07T16:56:42Z" changeset="178236579" uid="22065819" user="Hung159" />
  <node id="13532420419" lat="20.9957176" lon="105.8528093" version="1" timestamp="2026-02-07T16:56:42Z" changeset="178236579" uid="22065819" user="Hung159" />
  <node id="13532420508" lat="20.9962865" lon="105.8477889" version="1" timestamp="2026-02-07T16:56:42Z" changeset="178236579" uid="22065819" user="Hung159" />
  <node id="13532420511" lat="20.9955297" lon="105.8544966" version="1" timestamp="2026-02-07T16:56:42Z" changeset="178236579" uid="22065819" user="Hung159" />
  <node id="13532420512" lat="20.9953423" lon="105.8554207" version="1" timestamp="2026-02-07T16:56:42Z" changeset="178236579" uid="22065819" user="Hung159" />
  <node id="13532420513" lat="20.9952533" lon="105.8569242" version="1" timestamp="2026-02-07T16:56:42Z" changeset="178236579" uid="22065819" user="Hung159" />
  <node id="13532420514" lat="20.9951979" lon="105.8565963" version="1" timestamp="2026-02-07T16:56:42Z" changeset="178236579" uid="22065819" user="Hung159" />
  <node id="13532420515" lat="20.9951417" lon="105.8573991" version="1" timestamp="2026-02-07T16:56:42Z" changeset="178236579" uid="22065819" user="Hung159" />
  <node id="13532420516" lat="20.9952274" lon="105.8574919" version="1" timestamp="2026-02-07T16:56:42Z" changeset="178236579" uid="22065819" user="Hung159" />
  <node id="13532420517" lat="20.9951429" lon="105.8576428" version="1" timestamp="2026-02-07T16:56:42Z" changeset="178236579" uid="22065819" user="Hung159" />
  <node id="13532420518" lat="20.9951490" lon="105.8579181" version="1" timestamp="2026-02-07T16:56:42Z" changeset="178236579" uid="22065819" user="Hung159" />
  <node id="13532420519" lat="20.9952459" lon="105.8580804" version="1" timestamp="2026-02-07T16:56:42Z" changeset="178236579" uid="22065819" user="Hung159" />
  <node id="13532420520" lat="20.9953438" lon="105.8588833" version="1" timestamp="2026-02-07T16:56:42Z" changeset="178236579" uid="22065819" user="Hung159" />
  <node id="13532420523" lat="20.9981368" lon="105.8672474" version="1" timestamp="2026-02-07T16:56:42Z" changeset="178236579" uid="22065819" user="Hung159" />
  <node id="13532420525" lat="20.9971213" lon="105.8644324" version="1" timestamp="2026-02-07T16:56:42Z" changeset="178236579" uid="22065819" user="Hung159" />
  <node id="13532420526" lat="20.9969143" lon="105.8640954" version="1" timestamp="2026-02-07T16:56:42Z" changeset="178236579" uid="22065819" user="Hung159" />
  <node id="13532420527" lat="20.9967854" lon="105.8634698" version="1" timestamp="2026-02-07T16:56:42Z" changeset="178236579" uid="22065819" user="Hung159" />
  <node id="13532420529" lat="20.9965207" lon="105.8627264" version="1" timestamp="2026-02-07T16:56:42Z" changeset="178236579" uid="22065819" user="Hung159" />
  <node id="13532420531" lat="20.9962284" lon="105.8618866" version="1" timestamp="2026-02-07T16:56:42Z" changeset="178236579" uid="22065819" user="Hung159" />
  <node id="13532420532" lat="20.9960320" lon="105.8615434" version="1" timestamp="2026-02-07T16:56:42Z" changeset="178236579" uid="22065819" user="Hung159" />
  <node id="13532420533" lat="20.9957577" lon="105.8604224" version="1" timestamp="2026-02-07T16:56:42Z" changeset="178236579" uid="22065819" user="Hung159" />
  <node id="13532420534" lat="20.9956087" lon="105.8599488" version="1" timestamp="2026-02-07T16:56:42Z" changeset="178236579" uid="22065819" user="Hung159" />
  <node id="13532420541" lat="20.9954054" lon="105.8591924" version="1" timestamp="2026-02-07T16:56:42Z" changeset="178236579" uid="22065819" user="Hung159" />
  <node id="13532420542" lat="20.9952193" lon="105.8586409" version="1" timestamp="2026-02-07T16:56:42Z" changeset="178236579" uid="22065819" user="Hung159" />
  <node id="13532420543" lat="20.9952969" lon="105.8585787" version="1" timestamp="2026-02-07T16:56:42Z" changeset="178236579" uid="22065819" user="Hung159" />
  <node id="13533539884" lat="20.9998360" lon="105.8653612" version="1" timestamp="2026-02-08T05:15:47Z" changeset="178252551" uid="11141338" user="FanaticAir75626" />
  <node id="13533539886" lat="20.9999208" lon="105.8653279" version="1" timestamp="2026-02-08T05:15:47Z" changeset="178252551" uid="11141338" user="FanaticAir75626" />
  <node id="13533539888" lat="21.0025652" lon="105.8644470" version="1" timestamp="2026-02-08T05:15:47Z" changeset="178252551" uid="11141338" user="FanaticAir75626" />
  <node id="13533539889" lat="21.0021296" lon="105.8643691" version="1" timestamp="2026-02-08T05:15:47Z" changeset="178252551" uid="11141338" user="FanaticAir75626">
    <tag k="amenity" v="parking_entrance" />
    <tag k="parking" v="underground" />
  </node>
  <node id="13533539890" lat="21.0021299" lon="105.8644368" version="1" timestamp="2026-02-08T05:15:47Z" changeset="178252551" uid="11141338" user="FanaticAir75626" />
  <node id="13533539891" lat="21.0021616" lon="105.8644929" version="1" timestamp="2026-02-08T05:15:47Z" changeset="178252551" uid="11141338" user="FanaticAir75626" />
  <node id="13533539892" lat="21.0029305" lon="105.8644499" version="1" timestamp="2026-02-08T05:15:47Z" changeset="178252551" uid="11141338" user="FanaticAir75626">
    <tag k="highway" v="crossing" />
  </node>
  <node id="13533539893" lat="21.0029343" lon="105.8657252" version="2" timestamp="2026-05-23T05:17:22Z" changeset="183050569" uid="20910140" user="Hung Tran 9x0">
    <tag k="highway" v="crossing" />
  </node>
  <node id="13533539894" lat="21.0003499" lon="105.8652266" version="1" timestamp="2026-02-08T05:15:47Z" changeset="178252551" uid="11141338" user="FanaticAir75626" />
  <node id="13539339885" lat="20.9956662" lon="105.8740353" version="2" timestamp="2026-06-08T04:32:24Z" changeset="183807915" uid="23326231" user="Vmosnokia31" />
  <node id="13546419876" lat="20.9950847" lon="105.8674095" version="1" timestamp="2026-02-12T14:54:40Z" changeset="178462032" uid="21825758" user="GrabVN_HHanh">
    <tag k="barrier" v="yes" />
  </node>
  <node id="13649015838" lat="21.0002445" lon="105.8666262" version="1" timestamp="2026-03-15T06:11:58Z" changeset="179884342" uid="20910140" user="Hung Tran 9x0" />
  <node id="13649015839" lat="21.0002306" lon="105.8666438" version="1" timestamp="2026-03-15T06:11:58Z" changeset="179884342" uid="20910140" user="Hung Tran 9x0">
    <tag k="barrier" v="gate" />
  </node>
  <node id="13649015840" lat="21.0002320" lon="105.8667193" version="1" timestamp="2026-03-15T06:11:58Z" changeset="179884342" uid="20910140" user="Hung Tran 9x0" />
  <node id="13686023227" lat="20.9969681" lon="105.8733457" version="2" timestamp="2026-06-08T04:32:24Z" changeset="183807915" uid="23326231" user="Vmosnokia31" />
  <node id="13686023228" lat="20.9972606" lon="105.8732101" version="2" timestamp="2026-06-08T04:32:24Z" changeset="183807915" uid="23326231" user="Vmosnokia31" />
  <node id="13686023229" lat="20.9971935" lon="105.8732611" version="2" timestamp="2026-06-08T04:32:24Z" changeset="183807915" uid="23326231" user="Vmosnokia31" />
  <node id="13686023230" lat="20.9971454" lon="105.8731249" version="2" timestamp="2026-06-08T04:32:24Z" changeset="183807915" uid="23326231" user="Vmosnokia31" />
  <node id="13761314842" lat="20.9962569" lon="105.8633553" version="1" timestamp="2026-04-25T18:41:38Z" changeset="181819167" uid="23326231" user="Vmosnokia31" />
  <node id="13761314843" lat="20.9961135" lon="105.8633852" version="1" timestamp="2026-04-25T18:41:38Z" changeset="181819167" uid="23326231" user="Vmosnokia31" />
  <node id="13761314844" lat="20.9961172" lon="105.8636177" version="1" timestamp="2026-04-25T18:41:38Z" changeset="181819167" uid="23326231" user="Vmosnokia31" />
  <node id="13761314845" lat="20.9957445" lon="105.8634698" version="1" timestamp="2026-04-25T18:41:38Z" changeset="181819167" uid="23326231" user="Vmosnokia31" />
  <node id="13761314846" lat="20.9958026" lon="105.8631563" version="1" timestamp="2026-04-25T18:41:38Z" changeset="181819167" uid="23326231" user="Vmosnokia31" />
  <node id="13761314847" lat="20.9958034" lon="105.8632945" version="1" timestamp="2026-04-25T18:41:38Z" changeset="181819167" uid="23326231" user="Vmosnokia31" />
  <node id="13761314848" lat="20.9958245" lon="105.8633076" version="1" timestamp="2026-04-25T18:41:38Z" changeset="181819167" uid="23326231" user="Vmosnokia31" />
  <node id="13761314849" lat="20.9958290" lon="105.8633738" version="1" timestamp="2026-04-25T18:41:38Z" changeset="181819167" uid="23326231" user="Vmosnokia31" />
  <node id="13761314850" lat="20.9958517" lon="105.8631546" version="1" timestamp="2026-04-25T18:41:38Z" changeset="181819167" uid="23326231" user="Vmosnokia31" />
  <node id="13761314851" lat="20.9958030" lon="105.8632137" version="1" timestamp="2026-04-25T18:41:38Z" changeset="181819167" uid="23326231" user="Vmosnokia31" />
  <node id="13761314852" lat="20.9957094" lon="105.8632131" version="1" timestamp="2026-04-25T18:41:38Z" changeset="181819167" uid="23326231" user="Vmosnokia31" />
  <node id="13761314853" lat="20.9957156" lon="105.8630700" version="1" timestamp="2026-04-25T18:41:38Z" changeset="181819167" uid="23326231" user="Vmosnokia31" />
  <node id="13761314854" lat="20.9957824" lon="105.8630747" version="1" timestamp="2026-04-25T18:41:38Z" changeset="181819167" uid="23326231" user="Vmosnokia31" />
  <node id="13761314855" lat="20.9957835" lon="105.8630247" version="1" timestamp="2026-04-25T18:41:38Z" changeset="181819167" uid="23326231" user="Vmosnokia31" />
  <node id="13761314856" lat="20.9958933" lon="105.8630259" version="1" timestamp="2026-04-25T18:41:38Z" changeset="181819167" uid="23326231" user="Vmosnokia31" />
  <node id="13761314857" lat="20.9959005" lon="105.8633747" version="1" timestamp="2026-04-25T18:41:38Z" changeset="181819167" uid="23326231" user="Vmosnokia31" />
  <node id="13761314858" lat="20.9958985" lon="105.8632541" version="1" timestamp="2026-04-25T18:41:38Z" changeset="181819167" uid="23326231" user="Vmosnokia31" />
  <node id="13761314859" lat="20.9958528" lon="105.8633741" version="1" timestamp="2026-04-25T18:41:38Z" changeset="181819167" uid="23326231" user="Vmosnokia31" />
  <node id="13761314860" lat="20.9958526" lon="105.8634310" version="1" timestamp="2026-04-25T18:41:38Z" changeset="181819167" uid="23326231" user="Vmosnokia31" />
  <node id="13761314861" lat="20.9958555" lon="105.8634531" version="1" timestamp="2026-04-25T18:41:38Z" changeset="181819167" uid="23326231" user="Vmosnokia31" />
  <node id="13761314862" lat="20.9958734" lon="105.8634518" version="1" timestamp="2026-04-25T18:41:38Z" changeset="181819167" uid="23326231" user="Vmosnokia31" />
  <node id="13761314863" lat="20.9958774" lon="105.8634688" version="1" timestamp="2026-04-25T18:41:38Z" changeset="181819167" uid="23326231" user="Vmosnokia31" />
  <node id="13761314864" lat="20.9959731" lon="105.8633768" version="1" timestamp="2026-04-25T18:41:38Z" changeset="181819167" uid="23326231" user="Vmosnokia31" />
  <node id="13761314865" lat="20.9959774" lon="105.8631397" version="1" timestamp="2026-04-25T18:41:38Z" changeset="181819167" uid="23326231" user="Vmosnokia31" />
  <node id="13761314866" lat="20.9960523" lon="105.8633777" version="1" timestamp="2026-04-25T18:41:38Z" changeset="181819167" uid="23326231" user="Vmosnokia31" />
  <node id="13761314867" lat="20.9960610" lon="105.8631823" version="1" timestamp="2026-04-25T18:41:38Z" changeset="181819167" uid="23326231" user="Vmosnokia31" />
  <node id="13761314868" lat="20.9955738" lon="105.8630652" version="1" timestamp="2026-04-25T18:41:38Z" changeset="181819167" uid="23326231" user="Vmosnokia31" />
  <node id="13761314869" lat="20.9956133" lon="105.8634262" version="1" timestamp="2026-04-25T18:41:38Z" changeset="181819167" uid="23326231" user="Vmosnokia31" />
  <node id="13761314870" lat="20.9954031" lon="105.8634526" version="1" timestamp="2026-04-25T18:41:38Z" changeset="181819167" uid="23326231" user="Vmosnokia31" />
  <node id="13761314871" lat="20.9953635" lon="105.8630916" version="1" timestamp="2026-04-25T18:41:38Z" changeset="181819167" uid="23326231" user="Vmosnokia31" />
  <node id="13761314892" lat="20.9964020" lon="105.8652165" version="1" timestamp="2026-04-25T18:41:38Z" changeset="181819167" uid="23326231" user="Vmosnokia31" />
  <node id="13761314893" lat="20.9964736" lon="105.8654963" version="1" timestamp="2026-04-25T18:41:38Z" changeset="181819167" uid="23326231" user="Vmosnokia31" />
  <node id="13761314894" lat="20.9964684" lon="105.8654761" version="1" timestamp="2026-04-25T18:41:38Z" changeset="181819167" uid="23326231" user="Vmosnokia31" />
  <node id="13761314895" lat="20.9967944" lon="105.8654448" version="1" timestamp="2026-04-25T18:41:38Z" changeset="181819167" uid="23326231" user="Vmosnokia31" />
  <node id="13761314896" lat="20.9963082" lon="105.8652348" version="1" timestamp="2026-04-25T18:41:38Z" changeset="181819167" uid="23326231" user="Vmosnokia31" />
  <node id="13761314897" lat="20.9963643" lon="105.8654700" version="1" timestamp="2026-04-25T18:41:38Z" changeset="181819167" uid="23326231" user="Vmosnokia31" />
  <node id="13761314898" lat="20.9961736" lon="105.8655227" version="1" timestamp="2026-04-25T18:41:38Z" changeset="181819167" uid="23326231" user="Vmosnokia31" />
  <node id="13761314899" lat="20.9965498" lon="105.8651895" version="1" timestamp="2026-04-25T18:41:38Z" changeset="181819167" uid="23326231" user="Vmosnokia31" />
  <node id="13761314900" lat="20.9965743" lon="105.8653146" version="1" timestamp="2026-04-25T18:41:38Z" changeset="181819167" uid="23326231" user="Vmosnokia31" />
  <node id="13761406801" lat="20.9965823" lon="105.8653737" version="1" timestamp="2026-04-25T18:41:38Z" changeset="181819167" uid="23326231" user="Vmosnokia31" />
  <node id="13761406802" lat="20.9965691" lon="105.8653765" version="1" timestamp="2026-04-25T18:41:38Z" changeset="181819167" uid="23326231" user="Vmosnokia31" />
  <node id="13761406803" lat="20.9966571" lon="105.8653714" version="1" timestamp="2026-04-25T18:41:38Z" changeset="181819167" uid="23326231" user="Vmosnokia31" />
  <node id="13761406804" lat="20.9953019" lon="105.8652421" version="1" timestamp="2026-04-25T18:41:38Z" changeset="181819167" uid="23326231" user="Vmosnokia31" />
  <node id="13761406805" lat="20.9952958" lon="105.8654066" version="1" timestamp="2026-04-25T18:41:38Z" changeset="181819167" uid="23326231" user="Vmosnokia31" />
  <node id="13761406806" lat="20.9952704" lon="105.8654221" version="1" timestamp="2026-04-25T18:41:38Z" changeset="181819167" uid="23326231" user="Vmosnokia31" />
  <node id="13761406807" lat="20.9951638" lon="105.8654193" version="1" timestamp="2026-04-25T18:41:38Z" changeset="181819167" uid="23326231" user="Vmosnokia31" />
  <node id="13761406808" lat="20.9954571" lon="105.8654102" version="1" timestamp="2026-04-25T18:41:38Z" changeset="181819167" uid="23326231" user="Vmosnokia31" />
  <node id="13761406809" lat="20.9951901" lon="105.8647661" version="1" timestamp="2026-04-25T18:41:38Z" changeset="181819167" uid="23326231" user="Vmosnokia31" />
  <node id="13761406810" lat="20.9952211" lon="105.8651019" version="1" timestamp="2026-04-25T18:41:38Z" changeset="181819167" uid="23326231" user="Vmosnokia31" />
  <node id="13761406811" lat="20.9950249" lon="105.8650889" version="1" timestamp="2026-04-25T18:41:38Z" changeset="181819167" uid="23326231" user="Vmosnokia31" />
  <node id="13761406817" lat="20.9947698" lon="105.8646223" version="1" timestamp="2026-04-25T18:41:38Z" changeset="181819167" uid="23326231" user="Vmosnokia31" />
  <node id="13761406818" lat="20.9947710" lon="105.8647384" version="1" timestamp="2026-04-25T18:41:38Z" changeset="181819167" uid="23326231" user="Vmosnokia31" />
  <node id="13761406819" lat="20.9950977" lon="105.8657907" version="1" timestamp="2026-04-25T18:41:38Z" changeset="181819167" uid="23326231" user="Vmosnokia31" />
  <node id="13761406820" lat="20.9952546" lon="105.8657950" version="1" timestamp="2026-04-25T18:41:38Z" changeset="181819167" uid="23326231" user="Vmosnokia31" />
  <node id="13761406821" lat="20.9950977" lon="105.8657321" version="1" timestamp="2026-04-25T18:41:38Z" changeset="181819167" uid="23326231" user="Vmosnokia31" />
  <node id="13761406822" lat="20.9949633" lon="105.8657293" version="1" timestamp="2026-04-25T18:41:38Z" changeset="181819167" uid="23326231" user="Vmosnokia31" />
  <node id="13761406823" lat="20.9949593" lon="105.8655259" version="1" timestamp="2026-04-25T18:41:38Z" changeset="181819167" uid="23326231" user="Vmosnokia31" />
  <node id="13761406824" lat="20.9943814" lon="105.8640558" version="1" timestamp="2026-04-25T18:41:38Z" changeset="181819167" uid="23326231" user="Vmosnokia31" />
  <node id="13761406825" lat="20.9944725" lon="105.8645049" version="1" timestamp="2026-04-25T18:41:38Z" changeset="181819167" uid="23326231" user="Vmosnokia31" />
  <node id="13761406826" lat="20.9940974" lon="105.8645309" version="1" timestamp="2026-04-25T18:41:38Z" changeset="181819167" uid="23326231" user="Vmosnokia31" />
  <node id="13761406827" lat="20.9942127" lon="105.8645212" version="1" timestamp="2026-04-25T18:41:38Z" changeset="181819167" uid="23326231" user="Vmosnokia31" />
  <node id="13761406828" lat="20.9942229" lon="105.8646817" version="1" timestamp="2026-04-25T18:41:38Z" changeset="181819167" uid="23326231" user="Vmosnokia31" />
  <node id="13761406829" lat="20.9941371" lon="105.8646864" version="1" timestamp="2026-04-25T18:41:38Z" changeset="181819167" uid="23326231" user="Vmosnokia31" />
  <node id="13761406830" lat="20.9943745" lon="105.8638791" version="1" timestamp="2026-04-25T18:41:38Z" changeset="181819167" uid="23326231" user="Vmosnokia31" />
  <node id="13761406831" lat="20.9939380" lon="105.8639326" version="1" timestamp="2026-04-25T18:41:38Z" changeset="181819167" uid="23326231" user="Vmosnokia31" />
  <node id="13761406832" lat="20.9941939" lon="105.8640395" version="1" timestamp="2026-04-25T18:41:38Z" changeset="181819167" uid="23326231" user="Vmosnokia31" />
  <node id="13761406833" lat="20.9943788" lon="105.8650047" version="1" timestamp="2026-04-25T18:41:38Z" changeset="181819167" uid="23326231" user="Vmosnokia31" />
  <node id="13761406834" lat="20.9945037" lon="105.8650016" version="1" timestamp="2026-04-25T18:41:38Z" changeset="181819167" uid="23326231" user="Vmosnokia31" />
  <node id="13761406835" lat="20.9945041" lon="105.8650249" version="1" timestamp="2026-04-25T18:41:38Z" changeset="181819167" uid="23326231" user="Vmosnokia31" />
  <node id="13761406836" lat="20.9943822" lon="105.8652759" version="1" timestamp="2026-04-25T18:41:38Z" changeset="181819167" uid="23326231" user="Vmosnokia31" />
  <node id="13761406837" lat="20.9941804" lon="105.8652820" version="1" timestamp="2026-04-25T18:41:38Z" changeset="181819167" uid="23326231" user="Vmosnokia31" />
  <node id="13761406838" lat="20.9943871" lon="105.8653666" version="1" timestamp="2026-04-25T18:41:38Z" changeset="181819167" uid="23326231" user="Vmosnokia31" />
  <node id="13761406839" lat="20.9941601" lon="105.8653687" version="1" timestamp="2026-04-25T18:41:38Z" changeset="181819167" uid="23326231" user="Vmosnokia31" />
  <node id="13761406840" lat="20.9944999" lon="105.8653707" version="1" timestamp="2026-04-25T18:41:38Z" changeset="181819167" uid="23326231" user="Vmosnokia31" />
  <node id="13761406841" lat="20.9942519" lon="105.8655272" version="1" timestamp="2026-04-25T18:41:38Z" changeset="181819167" uid="23326231" user="Vmosnokia31" />
  <node id="13761406842" lat="20.9942541" lon="105.8658878" version="1" timestamp="2026-04-25T18:41:38Z" changeset="181819167" uid="23326231" user="Vmosnokia31">
    <tag k="noexit" v="yes" />
  </node>
  <node id="13761406843" lat="20.9941309" lon="105.8655231" version="1" timestamp="2026-04-25T18:41:38Z" changeset="181819167" uid="23326231" user="Vmosnokia31" />
  <node id="13761406844" lat="20.9938317" lon="105.8655280" version="1" timestamp="2026-04-25T18:41:38Z" changeset="181819167" uid="23326231" user="Vmosnokia31" />
  <node id="13761406845" lat="20.9938637" lon="105.8651949" version="1" timestamp="2026-04-25T18:41:38Z" changeset="181819167" uid="23326231" user="Vmosnokia31" />
  <node id="13761406846" lat="20.9940484" lon="105.8651232" version="1" timestamp="2026-04-25T18:41:38Z" changeset="181819167" uid="23326231" user="Vmosnokia31" />
  <node id="13761406847" lat="20.9940545" lon="105.8652357" version="1" timestamp="2026-04-25T18:41:38Z" changeset="181819167" uid="23326231" user="Vmosnokia31" />
  <node id="13761406848" lat="20.9936603" lon="105.8651884" version="1" timestamp="2026-04-25T18:41:38Z" changeset="181819167" uid="23326231" user="Vmosnokia31" />
  <node id="13761406849" lat="20.9936724" lon="105.8650269" version="1" timestamp="2026-04-25T18:41:38Z" changeset="181819167" uid="23326231" user="Vmosnokia31" />
  <node id="13761406850" lat="20.9936415" lon="105.8648641" version="1" timestamp="2026-04-25T18:41:38Z" changeset="181819167" uid="23326231" user="Vmosnokia31" />
  <node id="13761406851" lat="20.9937516" lon="105.8650144" version="1" timestamp="2026-04-25T18:41:38Z" changeset="181819167" uid="23326231" user="Vmosnokia31" />
  <node id="13761406852" lat="20.9937486" lon="105.8648780" version="1" timestamp="2026-04-25T18:41:38Z" changeset="181819167" uid="23326231" user="Vmosnokia31" />
  <node id="13761406853" lat="20.9938800" lon="105.8648715" version="1" timestamp="2026-04-25T18:41:38Z" changeset="181819167" uid="23326231" user="Vmosnokia31" />
  <node id="13761406854" lat="20.9940059" lon="105.8648822" version="1" timestamp="2026-04-25T18:41:38Z" changeset="181819167" uid="23326231" user="Vmosnokia31" />
  <node id="13761406855" lat="20.9930754" lon="105.8649592" version="1" timestamp="2026-04-25T18:41:38Z" changeset="181819167" uid="23326231" user="Vmosnokia31" />
  <node id="13761406856" lat="20.9936501" lon="105.8646569" version="1" timestamp="2026-04-25T18:41:38Z" changeset="181819167" uid="23326231" user="Vmosnokia31" />
  <node id="13761406857" lat="20.9936512" lon="105.8647833" version="1" timestamp="2026-04-25T18:41:38Z" changeset="181819167" uid="23326231" user="Vmosnokia31" />
  <node id="13761406858" lat="20.9931686" lon="105.8645625" version="1" timestamp="2026-04-25T18:41:38Z" changeset="181819167" uid="23326231" user="Vmosnokia31" />
  <node id="13761406859" lat="20.9933261" lon="105.8644835" version="1" timestamp="2026-04-25T18:41:38Z" changeset="181819167" uid="23326231" user="Vmosnokia31" />
  <node id="13761406860" lat="20.9934014" lon="105.8645772" version="1" timestamp="2026-04-25T18:41:38Z" changeset="181819167" uid="23326231" user="Vmosnokia31" />
  <node id="13761406861" lat="20.9933943" lon="105.8644682" version="1" timestamp="2026-04-25T18:41:38Z" changeset="181819167" uid="23326231" user="Vmosnokia31" />
  <node id="13761406862" lat="20.9936092" lon="105.8646511" version="1" timestamp="2026-04-25T18:41:38Z" changeset="181819167" uid="23326231" user="Vmosnokia31" />
  <node id="13761406863" lat="20.9936011" lon="105.8645379" version="1" timestamp="2026-04-25T18:41:38Z" changeset="181819167" uid="23326231" user="Vmosnokia31" />
  <node id="13761406864" lat="20.9939503" lon="105.8642797" version="1" timestamp="2026-04-25T18:41:38Z" changeset="181819167" uid="23326231" user="Vmosnokia31" />
  <node id="13761406865" lat="20.9939693" lon="105.8643634" version="1" timestamp="2026-04-25T18:41:38Z" changeset="181819167" uid="23326231" user="Vmosnokia31" />
  <node id="13761406866" lat="20.9937059" lon="105.8643204" version="1" timestamp="2026-04-25T18:41:38Z" changeset="181819167" uid="23326231" user="Vmosnokia31" />
  <node id="13761406867" lat="20.9936482" lon="105.8640338" version="1" timestamp="2026-04-25T18:41:38Z" changeset="181819167" uid="23326231" user="Vmosnokia31" />
  <node id="13761406868" lat="20.9938142" lon="105.8640329" version="1" timestamp="2026-04-25T18:41:38Z" changeset="181819167" uid="23326231" user="Vmosnokia31" />
  <node id="13761406869" lat="20.9934807" lon="105.8637335" version="1" timestamp="2026-04-25T18:41:38Z" changeset="181819167" uid="23326231" user="Vmosnokia31" />
  <node id="13761406870" lat="20.9931318" lon="105.8633156" version="1" timestamp="2026-04-25T18:41:38Z" changeset="181819167" uid="23326231" user="Vmosnokia31" />
  <node id="13761406871" lat="20.9931756" lon="105.8633260" version="1" timestamp="2026-04-25T18:41:38Z" changeset="181819167" uid="23326231" user="Vmosnokia31" />
  <node id="13761406872" lat="20.9932053" lon="105.8633874" version="1" timestamp="2026-04-25T18:41:38Z" changeset="181819167" uid="23326231" user="Vmosnokia31" />
  <node id="13761406873" lat="20.9935705" lon="105.8651917" version="1" timestamp="2026-04-25T18:41:38Z" changeset="181819167" uid="23326231" user="Vmosnokia31" />
  <node id="13761406874" lat="20.9934605" lon="105.8656574" version="1" timestamp="2026-04-25T18:41:38Z" changeset="181819167" uid="23326231" user="Vmosnokia31" />
  <node id="13761406875" lat="20.9936202" lon="105.8655144" version="1" timestamp="2026-04-25T18:41:38Z" changeset="181819167" uid="23326231" user="Vmosnokia31" />
  <node id="13761406876" lat="20.9933052" lon="105.8651714" version="1" timestamp="2026-04-25T18:41:38Z" changeset="181819167" uid="23326231" user="Vmosnokia31" />
  <node id="13761406877" lat="20.9933046" lon="105.8653960" version="1" timestamp="2026-04-25T18:41:38Z" changeset="181819167" uid="23326231" user="Vmosnokia31" />
  <node id="13761406878" lat="20.9931919" lon="105.8655450" version="1" timestamp="2026-04-25T18:41:38Z" changeset="181819167" uid="23326231" user="Vmosnokia31" />
  <node id="13761406879" lat="20.9932981" lon="105.8658323" version="1" timestamp="2026-04-25T18:41:38Z" changeset="181819167" uid="23326231" user="Vmosnokia31" />
  <node id="13761406880" lat="20.9932989" lon="105.8658110" version="1" timestamp="2026-04-25T18:41:38Z" changeset="181819167" uid="23326231" user="Vmosnokia31" />
  <node id="13761406881" lat="20.9934231" lon="105.8658193" version="1" timestamp="2026-04-25T18:41:38Z" changeset="181819167" uid="23326231" user="Vmosnokia31" />
  <node id="13761406882" lat="20.9934872" lon="105.8641309" version="1" timestamp="2026-04-25T18:41:38Z" changeset="181819167" uid="23326231" user="Vmosnokia31" />
  <node id="13761406883" lat="20.9929889" lon="105.8643513" version="1" timestamp="2026-04-25T18:41:38Z" changeset="181819167" uid="23326231" user="Vmosnokia31" />
  <node id="13761406884" lat="20.9931755" lon="105.8643220" version="1" timestamp="2026-04-25T18:41:38Z" changeset="181819167" uid="23326231" user="Vmosnokia31" />
  <node id="13761406885" lat="20.9929819" lon="105.8642909" version="1" timestamp="2026-04-25T18:41:38Z" changeset="181819167" uid="23326231" user="Vmosnokia31" />
  <node id="13761406886" lat="20.9931264" lon="105.8642718" version="1" timestamp="2026-04-25T18:41:38Z" changeset="181819167" uid="23326231" user="Vmosnokia31" />
  <node id="13761406887" lat="20.9932627" lon="105.8642221" version="1" timestamp="2026-04-25T18:41:38Z" changeset="181819167" uid="23326231" user="Vmosnokia31" />
  <node id="13761406888" lat="20.9932618" lon="105.8640194" version="1" timestamp="2026-04-25T18:41:38Z" changeset="181819167" uid="23326231" user="Vmosnokia31" />
  <node id="13761406889" lat="20.9932623" lon="105.8641290" version="1" timestamp="2026-04-25T18:41:38Z" changeset="181819167" uid="23326231" user="Vmosnokia31" />
  <node id="13761406890" lat="20.9931301" lon="105.8641305" version="1" timestamp="2026-04-25T18:41:38Z" changeset="181819167" uid="23326231" user="Vmosnokia31" />
  <node id="13761406891" lat="20.9929784" lon="105.8639543" version="1" timestamp="2026-04-25T18:41:38Z" changeset="181819167" uid="23326231" user="Vmosnokia31" />
  <node id="13761406892" lat="20.9933172" lon="105.8638144" version="1" timestamp="2026-04-25T18:41:38Z" changeset="181819167" uid="23326231" user="Vmosnokia31" />
  <node id="13761406893" lat="20.9931466" lon="105.8639524" version="1" timestamp="2026-04-25T18:41:38Z" changeset="181819167" uid="23326231" user="Vmosnokia31" />
  <node id="13761406894" lat="20.9931471" lon="105.8638741" version="1" timestamp="2026-04-25T18:41:38Z" changeset="181819167" uid="23326231" user="Vmosnokia31" />
  <node id="13761406895" lat="20.9931336" lon="105.8637302" version="1" timestamp="2026-04-25T18:41:38Z" changeset="181819167" uid="23326231" user="Vmosnokia31" />
  <node id="13761406910" lat="20.9926612" lon="105.8653146" version="1" timestamp="2026-04-25T18:41:38Z" changeset="181819167" uid="23326231" user="Vmosnokia31" />
  <node id="13761406911" lat="20.9926640" lon="105.8652596" version="1" timestamp="2026-04-25T18:41:38Z" changeset="181819167" uid="23326231" user="Vmosnokia31" />
  <node id="13761406912" lat="20.9926695" lon="105.8655677" version="1" timestamp="2026-04-25T18:41:38Z" changeset="181819167" uid="23326231" user="Vmosnokia31" />
  <node id="13761406913" lat="20.9930068" lon="105.8655525" version="1" timestamp="2026-04-25T18:41:38Z" changeset="181819167" uid="23326231" user="Vmosnokia31" />
  <node id="13761406926" lat="20.9930809" lon="105.8650213" version="1" timestamp="2026-04-25T18:41:38Z" changeset="181819167" uid="23326231" user="Vmosnokia31" />
  <node id="13761406927" lat="20.9929371" lon="105.8650399" version="1" timestamp="2026-04-25T18:41:38Z" changeset="181819167" uid="23326231" user="Vmosnokia31" />
  <node id="13761406928" lat="20.9929411" lon="105.8651260" version="1" timestamp="2026-04-25T18:41:38Z" changeset="181819167" uid="23326231" user="Vmosnokia31" />
  <node id="13761406929" lat="20.9930159" lon="105.8646023" version="1" timestamp="2026-04-25T18:41:38Z" changeset="181819167" uid="23326231" user="Vmosnokia31" />
  <node id="13761406930" lat="20.9927676" lon="105.8646342" version="1" timestamp="2026-04-25T18:41:38Z" changeset="181819167" uid="23326231" user="Vmosnokia31" />
  <node id="13761406931" lat="20.9924423" lon="105.8646414" version="1" timestamp="2026-04-25T18:41:38Z" changeset="181819167" uid="23326231" user="Vmosnokia31" />
  <node id="13761406932" lat="20.9927340" lon="105.8646358" version="1" timestamp="2026-04-25T18:41:38Z" changeset="181819167" uid="23326231" user="Vmosnokia31" />
  <node id="13761406934" lat="20.9930025" lon="105.8644702" version="1" timestamp="2026-04-25T18:41:38Z" changeset="181819167" uid="23326231" user="Vmosnokia31" />
  <node id="13761406935" lat="20.9927933" lon="105.8644763" version="1" timestamp="2026-04-25T18:41:38Z" changeset="181819167" uid="23326231" user="Vmosnokia31" />
  <node id="13761406936" lat="20.9927939" lon="105.8644410" version="1" timestamp="2026-04-25T18:41:38Z" changeset="181819167" uid="23326231" user="Vmosnokia31" />
  <node id="13761406937" lat="20.9928648" lon="105.8646217" version="1" timestamp="2026-04-25T18:41:38Z" changeset="181819167" uid="23326231" user="Vmosnokia31" />
  <node id="13761406954" lat="20.9928074" lon="105.8631639" version="1" timestamp="2026-04-25T18:41:38Z" changeset="181819167" uid="23326231" user="Vmosnokia31" />
  <node id="13766755600" lat="20.9931034" lon="105.8700553" version="1" timestamp="2026-04-27T13:35:28Z" changeset="181891442" uid="23326231" user="Vmosnokia31" />
  <node id="13766857230" lat="20.9948926" lon="105.8701111" version="1" timestamp="2026-04-27T13:42:24Z" changeset="181891746" uid="23326231" user="Vmosnokia31" />
  <node id="13766857231" lat="20.9948940" lon="105.8703130" version="1" timestamp="2026-04-27T13:42:24Z" changeset="181891746" uid="23326231" user="Vmosnokia31" />
  <node id="13766857232" lat="20.9947387" lon="105.8702960" version="1" timestamp="2026-04-27T13:42:24Z" changeset="181891746" uid="23326231" user="Vmosnokia31" />
  <node id="13766857233" lat="20.9948930" lon="105.8701633" version="1" timestamp="2026-04-27T13:42:24Z" changeset="181891746" uid="23326231" user="Vmosnokia31">
    <tag k="highway" v="crossing" />
  </node>
  <node id="13766865501" lat="20.9925530" lon="105.8700585" version="1" timestamp="2026-04-27T13:35:28Z" changeset="181891442" uid="23326231" user="Vmosnokia31">
    <tag k="amenity" v="parking_entrance" />
    <tag k="parking" v="underground" />
  </node>
  <node id="13766865502" lat="20.9930044" lon="105.8700567" version="1" timestamp="2026-04-27T13:35:28Z" changeset="181891442" uid="23326231" user="Vmosnokia31">
    <tag k="highway" v="crossing" />
  </node>
  <node id="13766865521" lat="20.9968385" lon="105.8695772" version="1" timestamp="2026-04-27T13:35:28Z" changeset="181891442" uid="23326231" user="Vmosnokia31" />
  <node id="13766865522" lat="20.9967333" lon="105.8696348" version="1" timestamp="2026-04-27T13:35:28Z" changeset="181891442" uid="23326231" user="Vmosnokia31" />
  <node id="13766865530" lat="20.9946817" lon="105.8673450" version="1" timestamp="2026-04-27T13:35:28Z" changeset="181891442" uid="23326231" user="Vmosnokia31">
    <tag k="crossing" v="uncontrolled" />
    <tag k="crossing:markings" v="zebra" />
    <tag k="highway" v="crossing" />
  </node>
  <node id="13786292741" lat="20.9995224" lon="105.8712606" version="1" timestamp="2026-05-02T07:52:56Z" changeset="182104342" uid="23326231" user="Vmosnokia31" />
  <node id="13793919785" lat="20.9968474" lon="105.8704346" version="2" timestamp="2026-07-18T10:16:30Z" changeset="185949488" uid="23326231" user="Vmosnokia31">
    <tag k="barrier" v="gate" />
  </node>
  <node id="13813225535" lat="20.9985263" lon="105.8696071" version="1" timestamp="2026-05-10T08:56:38Z" changeset="182455948" uid="23326231" user="Vmosnokia31" />
  <node id="13813225536" lat="20.9985017" lon="105.8695636" version="1" timestamp="2026-05-10T08:56:38Z" changeset="182455948" uid="23326231" user="Vmosnokia31" />
  <node id="13813225537" lat="20.9982006" lon="105.8696837" version="1" timestamp="2026-05-10T08:56:38Z" changeset="182455948" uid="23326231" user="Vmosnokia31" />
  <node id="13813225538" lat="20.9981891" lon="105.8696471" version="1" timestamp="2026-05-10T08:56:38Z" changeset="182455948" uid="23326231" user="Vmosnokia31" />
  <node id="13813225539" lat="20.9981073" lon="105.8696781" version="1" timestamp="2026-05-10T08:56:38Z" changeset="182455948" uid="23326231" user="Vmosnokia31" />
  <node id="13813225540" lat="20.9980392" lon="105.8697075" version="1" timestamp="2026-05-10T08:56:38Z" changeset="182455948" uid="23326231" user="Vmosnokia31" />
  <node id="13813225541" lat="20.9980401" lon="105.8694865" version="1" timestamp="2026-05-10T08:56:38Z" changeset="182455948" uid="23326231" user="Vmosnokia31" />
  <node id="13813225542" lat="20.9989960" lon="105.8702415" version="1" timestamp="2026-05-10T08:56:38Z" changeset="182455948" uid="23326231" user="Vmosnokia31" />
  <node id="13813225543" lat="20.9987182" lon="105.8703672" version="1" timestamp="2026-05-10T08:56:38Z" changeset="182455948" uid="23326231" user="Vmosnokia31" />
  <node id="13813225544" lat="20.9986072" lon="105.8703968" version="1" timestamp="2026-05-10T08:56:38Z" changeset="182455948" uid="23326231" user="Vmosnokia31" />
  <node id="13813225545" lat="20.9989463" lon="105.8702640" version="1" timestamp="2026-05-10T08:56:38Z" changeset="182455948" uid="23326231" user="Vmosnokia31">
    <tag k="highway" v="crossing" />
  </node>
  <node id="13813225546" lat="20.9989752" lon="105.8701928" version="1" timestamp="2026-05-10T08:56:38Z" changeset="182455948" uid="23326231" user="Vmosnokia31" />
  <node id="13813225547" lat="20.9988634" lon="105.8702401" version="1" timestamp="2026-05-10T08:56:38Z" changeset="182455948" uid="23326231" user="Vmosnokia31" />
  <node id="13813225548" lat="20.9988513" lon="105.8701993" version="1" timestamp="2026-05-10T08:56:38Z" changeset="182455948" uid="23326231" user="Vmosnokia31" />
  <node id="13813225549" lat="20.9986034" lon="105.8702253" version="1" timestamp="2026-05-10T08:56:38Z" changeset="182455948" uid="23326231" user="Vmosnokia31" />
  <node id="13813225550" lat="20.9986055" lon="105.8703247" version="1" timestamp="2026-05-10T08:56:38Z" changeset="182455948" uid="23326231" user="Vmosnokia31" />
  <node id="13813225551" lat="20.9989263" lon="105.8702135" version="1" timestamp="2026-05-10T08:56:38Z" changeset="182455948" uid="23326231" user="Vmosnokia31">
    <tag k="highway" v="crossing" />
  </node>
  <node id="13813225557" lat="20.9989076" lon="105.8702214" version="1" timestamp="2026-05-10T08:56:38Z" changeset="182455948" uid="23326231" user="Vmosnokia31">
    <tag k="barrier" v="gate" />
  </node>
  <node id="13813225558" lat="20.9982111" lon="105.8712976" version="1" timestamp="2026-05-10T08:56:38Z" changeset="182455948" uid="23326231" user="Vmosnokia31" />
  <node id="13813225563" lat="20.9950902" lon="105.8705245" version="1" timestamp="2026-05-10T08:56:38Z" changeset="182455948" uid="23326231" user="Vmosnokia31" />
  <node id="13813225564" lat="20.9950797" lon="105.8703963" version="1" timestamp="2026-05-10T08:56:38Z" changeset="182455948" uid="23326231" user="Vmosnokia31" />
  <node id="13813225565" lat="20.9948879" lon="105.8704113" version="1" timestamp="2026-05-10T08:56:38Z" changeset="182455948" uid="23326231" user="Vmosnokia31" />
  <node id="13813225566" lat="20.9948991" lon="105.8705021" version="1" timestamp="2026-05-10T08:56:38Z" changeset="182455948" uid="23326231" user="Vmosnokia31" />
  <node id="13813225567" lat="20.9949203" lon="105.8705810" version="1" timestamp="2026-05-10T08:56:38Z" changeset="182455948" uid="23326231" user="Vmosnokia31" />
  <node id="13813225568" lat="20.9949741" lon="105.8707123" version="1" timestamp="2026-05-10T08:56:38Z" changeset="182455948" uid="23326231" user="Vmosnokia31" />
  <node id="13813225569" lat="20.9949661" lon="105.8705658" version="1" timestamp="2026-05-10T08:56:38Z" changeset="182455948" uid="23326231" user="Vmosnokia31" />
  <node id="13813225570" lat="20.9950188" lon="105.8707080" version="1" timestamp="2026-05-10T08:56:38Z" changeset="182455948" uid="23326231" user="Vmosnokia31" />
  <node id="13813225571" lat="20.9951360" lon="105.8706784" version="1" timestamp="2026-05-10T08:56:38Z" changeset="182455948" uid="23326231" user="Vmosnokia31" />
  <node id="13813225572" lat="20.9946547" lon="105.8707154" version="1" timestamp="2026-05-10T08:56:38Z" changeset="182455948" uid="23326231" user="Vmosnokia31" />
  <node id="13813225578" lat="20.9957537" lon="105.8704676" version="1" timestamp="2026-05-10T08:56:38Z" changeset="182455948" uid="23326231" user="Vmosnokia31" />
  <node id="13813225587" lat="20.9944731" lon="105.8703321" version="1" timestamp="2026-05-10T08:56:38Z" changeset="182455948" uid="23326231" user="Vmosnokia31" />
  <node id="13813225588" lat="20.9944840" lon="105.8707006" version="1" timestamp="2026-05-10T08:56:38Z" changeset="182455948" uid="23326231" user="Vmosnokia31" />
  <node id="13813225589" lat="20.9945635" lon="105.8709196" version="1" timestamp="2026-05-10T08:56:38Z" changeset="182455948" uid="23326231" user="Vmosnokia31" />
  <node id="13813225590" lat="20.9948855" lon="105.8709115" version="1" timestamp="2026-05-10T08:56:38Z" changeset="182455948" uid="23326231" user="Vmosnokia31" />
  <node id="13813225591" lat="20.9943136" lon="105.8712247" version="1" timestamp="2026-05-10T08:56:38Z" changeset="182455948" uid="23326231" user="Vmosnokia31" />
  <node id="13813225592" lat="20.9945063" lon="105.8713518" version="1" timestamp="2026-05-10T08:56:38Z" changeset="182455948" uid="23326231" user="Vmosnokia31" />
  <node id="13813225593" lat="20.9954296" lon="105.8713704" version="1" timestamp="2026-05-10T08:56:38Z" changeset="182455948" uid="23326231" user="Vmosnokia31" />
  <node id="13813225594" lat="20.9948619" lon="105.8708738" version="1" timestamp="2026-05-10T08:56:38Z" changeset="182455948" uid="23326231" user="Vmosnokia31" />
  <node id="13813225595" lat="20.9954200" lon="105.8712769" version="1" timestamp="2026-05-10T08:56:38Z" changeset="182455948" uid="23326231" user="Vmosnokia31" />
  <node id="13813225596" lat="20.9961605" lon="105.8720059" version="1" timestamp="2026-05-10T08:56:38Z" changeset="182455948" uid="23326231" user="Vmosnokia31" />
  <node id="13813225597" lat="20.9962499" lon="105.8720017" version="1" timestamp="2026-05-10T08:56:38Z" changeset="182455948" uid="23326231" user="Vmosnokia31" />
  <node id="13813225598" lat="20.9962460" lon="105.8717675" version="1" timestamp="2026-05-10T08:56:38Z" changeset="182455948" uid="23326231" user="Vmosnokia31" />
  <node id="13813225599" lat="20.9968047" lon="105.8717711" version="1" timestamp="2026-05-10T08:56:38Z" changeset="182455948" uid="23326231" user="Vmosnokia31" />
  <node id="13813225600" lat="20.9961168" lon="105.8723322" version="1" timestamp="2026-05-10T08:56:38Z" changeset="182455948" uid="23326231" user="Vmosnokia31" />
  <node id="13813226801" lat="20.9961679" lon="105.8724837" version="1" timestamp="2026-05-10T08:56:38Z" changeset="182455948" uid="23326231" user="Vmosnokia31" />
  <node id="13813226802" lat="20.9961096" lon="105.8725063" version="1" timestamp="2026-05-10T08:56:38Z" changeset="182455948" uid="23326231" user="Vmosnokia31" />
  <node id="13813226803" lat="20.9961291" lon="105.8725640" version="1" timestamp="2026-05-10T08:56:38Z" changeset="182455948" uid="23326231" user="Vmosnokia31" />
  <node id="13813226804" lat="20.9959740" lon="105.8726240" version="1" timestamp="2026-05-10T08:56:38Z" changeset="182455948" uid="23326231" user="Vmosnokia31" />
  <node id="13813226805" lat="20.9959330" lon="105.8725026" version="1" timestamp="2026-05-10T08:56:38Z" changeset="182455948" uid="23326231" user="Vmosnokia31" />
  <node id="13813226806" lat="20.9959653" lon="105.8724901" version="1" timestamp="2026-05-10T08:56:38Z" changeset="182455948" uid="23326231" user="Vmosnokia31" />
  <node id="13813226807" lat="20.9959357" lon="105.8724023" version="1" timestamp="2026-05-10T08:56:38Z" changeset="182455948" uid="23326231" user="Vmosnokia31" />
  <node id="13813226808" lat="20.9961160" lon="105.8718884" version="1" timestamp="2026-05-10T08:56:38Z" changeset="182455948" uid="23326231" user="Vmosnokia31" />
  <node id="13813226809" lat="20.9961152" lon="105.8721624" version="1" timestamp="2026-05-10T08:56:38Z" changeset="182455948" uid="23326231" user="Vmosnokia31" />
  <node id="13813226810" lat="20.9959176" lon="105.8721618" version="1" timestamp="2026-05-10T08:56:38Z" changeset="182455948" uid="23326231" user="Vmosnokia31" />
  <node id="13813226811" lat="20.9959182" lon="105.8719632" version="1" timestamp="2026-05-10T08:56:38Z" changeset="182455948" uid="23326231" user="Vmosnokia31" />
  <node id="13813226812" lat="20.9959747" lon="105.8719634" version="1" timestamp="2026-05-10T08:56:38Z" changeset="182455948" uid="23326231" user="Vmosnokia31" />
  <node id="13813226813" lat="20.9959748" lon="105.8719221" version="1" timestamp="2026-05-10T08:56:38Z" changeset="182455948" uid="23326231" user="Vmosnokia31" />
  <node id="13813226814" lat="20.9960330" lon="105.8719223" version="1" timestamp="2026-05-10T08:56:38Z" changeset="182455948" uid="23326231" user="Vmosnokia31" />
  <node id="13813226815" lat="20.9960331" lon="105.8718881" version="1" timestamp="2026-05-10T08:56:38Z" changeset="182455948" uid="23326231" user="Vmosnokia31" />
  <node id="13813226821" lat="20.9988886" lon="105.8709731" version="1" timestamp="2026-05-10T08:56:38Z" changeset="182455948" uid="23326231" user="Vmosnokia31" />
  <node id="13813226822" lat="20.9989277" lon="105.8712414" version="1" timestamp="2026-05-10T08:56:38Z" changeset="182455948" uid="23326231" user="Vmosnokia31" />
  <node id="13813226823" lat="20.9988563" lon="105.8709768" version="1" timestamp="2026-05-10T08:56:38Z" changeset="182455948" uid="23326231" user="Vmosnokia31" />
  <node id="13813226824" lat="20.9988636" lon="105.8711790" version="1" timestamp="2026-05-10T08:56:38Z" changeset="182455948" uid="23326231" user="Vmosnokia31" />
  <node id="13813226825" lat="20.9987399" lon="105.8711838" version="1" timestamp="2026-05-10T08:56:38Z" changeset="182455948" uid="23326231" user="Vmosnokia31" />
  <node id="13813226826" lat="20.9988582" lon="105.8710282" version="1" timestamp="2026-05-10T08:56:38Z" changeset="182455948" uid="23326231" user="Vmosnokia31">
    <tag k="barrier" v="gate" />
  </node>
  <node id="13813226831" lat="20.9987491" lon="105.8713309" version="1" timestamp="2026-05-10T08:56:38Z" changeset="182455948" uid="23326231" user="Vmosnokia31" />
  <node id="13813226832" lat="20.9987079" lon="105.8713329" version="1" timestamp="2026-05-10T08:56:38Z" changeset="182455948" uid="23326231" user="Vmosnokia31" />
  <node id="13814414933" lat="20.9937669" lon="105.8725286" version="1" timestamp="2026-05-10T13:41:36Z" changeset="182467433" uid="23326231" user="Vmosnokia31" />
  <node id="13814414937" lat="20.9931205" lon="105.8726406" version="2" timestamp="2026-06-08T13:42:49Z" changeset="183829861" uid="23326231" user="Vmosnokia31" />
  <node id="13814414938" lat="20.9937855" lon="105.8725826" version="1" timestamp="2026-05-10T13:41:36Z" changeset="182467433" uid="23326231" user="Vmosnokia31" />
  <node id="13814414939" lat="20.9935866" lon="105.8726513" version="1" timestamp="2026-05-10T13:41:36Z" changeset="182467433" uid="23326231" user="Vmosnokia31" />
  <node id="13814414940" lat="20.9936036" lon="105.8727205" version="1" timestamp="2026-05-10T13:41:36Z" changeset="182467433" uid="23326231" user="Vmosnokia31" />
  <node id="13814414941" lat="20.9938654" lon="105.8728148" version="1" timestamp="2026-05-10T13:41:36Z" changeset="182467433" uid="23326231" user="Vmosnokia31" />
  <node id="13814414942" lat="20.9938948" lon="105.8728697" version="2" timestamp="2026-06-08T13:49:19Z" changeset="183830129" uid="23326231" user="Vmosnokia31" />
  <node id="13814414943" lat="20.9935449" lon="105.8729642" version="1" timestamp="2026-05-10T13:41:36Z" changeset="182467433" uid="23326231" user="Vmosnokia31" />
  <node id="13814414944" lat="20.9939956" lon="105.8730987" version="1" timestamp="2026-05-10T13:41:36Z" changeset="182467433" uid="23326231" user="Vmosnokia31" />
  <node id="13814414945" lat="20.9937524" lon="105.8731769" version="1" timestamp="2026-05-10T13:41:36Z" changeset="182467433" uid="23326231" user="Vmosnokia31" />
  <node id="13814414946" lat="20.9937984" lon="105.8731621" version="1" timestamp="2026-05-10T13:41:36Z" changeset="182467433" uid="23326231" user="Vmosnokia31" />
  <node id="13814414947" lat="20.9937647" lon="105.8730675" version="1" timestamp="2026-05-10T13:41:36Z" changeset="182467433" uid="23326231" user="Vmosnokia31" />
  <node id="13814414948" lat="20.9941395" lon="105.8736357" version="2" timestamp="2026-06-08T13:49:19Z" changeset="183830129" uid="23326231" user="Vmosnokia31" />
  <node id="13814414949" lat="20.9939830" lon="105.8736396" version="1" timestamp="2026-05-10T13:41:36Z" changeset="182467433" uid="23326231" user="Vmosnokia31" />
  <node id="13814414950" lat="20.9939805" lon="105.8735352" version="1" timestamp="2026-05-10T13:41:36Z" changeset="182467433" uid="23326231" user="Vmosnokia31" />
  <node id="13814414951" lat="20.9939731" lon="105.8736387" version="1" timestamp="2026-05-10T13:41:36Z" changeset="182467433" uid="23326231" user="Vmosnokia31" />
  <node id="13814414952" lat="20.9939723" lon="105.8736573" version="1" timestamp="2026-05-10T13:41:36Z" changeset="182467433" uid="23326231" user="Vmosnokia31" />
  <node id="13814414957" lat="20.9943076" lon="105.8740038" version="3" timestamp="2026-06-08T13:49:19Z" changeset="183830129" uid="23326231" user="Vmosnokia31" />
  <node id="13814414958" lat="20.9943179" lon="105.8735978" version="1" timestamp="2026-05-10T13:41:36Z" changeset="182467433" uid="23326231" user="Vmosnokia31" />
  <node id="13814414959" lat="20.9945450" lon="105.8736130" version="2" timestamp="2026-05-10T13:56:29Z" changeset="182468062" uid="23326231" user="Vmosnokia31" />
  <node id="13814507704" lat="20.9937193" lon="105.8764010" version="2" timestamp="2026-05-11T15:24:14Z" changeset="182516892" uid="23326231" user="Vmosnokia31" />
  <node id="13814556003" lat="20.9966803" lon="105.8702170" version="1" timestamp="2026-05-10T14:19:14Z" changeset="182469117" uid="23326231" user="Vmosnokia31" />
  <node id="13814556004" lat="20.9967721" lon="105.8703086" version="1" timestamp="2026-05-10T14:19:14Z" changeset="182469117" uid="23326231" user="Vmosnokia31" />
  <node id="13814556005" lat="20.9967730" lon="105.8703816" version="1" timestamp="2026-05-10T14:19:14Z" changeset="182469117" uid="23326231" user="Vmosnokia31" />
  <node id="13814556006" lat="20.9966250" lon="105.8703837" version="1" timestamp="2026-05-10T14:19:14Z" changeset="182469117" uid="23326231" user="Vmosnokia31" />
  <node id="13814556007" lat="20.9966247" lon="105.8703610" version="1" timestamp="2026-05-10T14:19:14Z" changeset="182469117" uid="23326231" user="Vmosnokia31" />
  <node id="13814556008" lat="20.9963430" lon="105.8703652" version="1" timestamp="2026-05-10T14:19:14Z" changeset="182469117" uid="23326231" user="Vmosnokia31" />
  <node id="13814556009" lat="20.9963424" lon="105.8703188" version="1" timestamp="2026-05-10T14:19:14Z" changeset="182469117" uid="23326231" user="Vmosnokia31" />
  <node id="13814556010" lat="20.9962840" lon="105.8703196" version="1" timestamp="2026-05-10T14:19:14Z" changeset="182469117" uid="23326231" user="Vmosnokia31" />
  <node id="13814556011" lat="20.9962827" lon="105.8702229" version="1" timestamp="2026-05-10T14:19:14Z" changeset="182469117" uid="23326231" user="Vmosnokia31" />
  <node id="13818490325" lat="20.9952872" lon="105.8740571" version="1" timestamp="2026-05-11T15:04:32Z" changeset="182516060" uid="23326231" user="Vmosnokia31" />
  <node id="13818490326" lat="20.9952306" lon="105.8746921" version="1" timestamp="2026-05-11T15:04:32Z" changeset="182516060" uid="23326231" user="Vmosnokia31" />
  <node id="13818490331" lat="20.9950924" lon="105.8742018" version="1" timestamp="2026-05-11T15:04:32Z" changeset="182516060" uid="23326231" user="Vmosnokia31" />
  <node id="13818490332" lat="20.9949979" lon="105.8742154" version="1" timestamp="2026-05-11T15:04:32Z" changeset="182516060" uid="23326231" user="Vmosnokia31" />
  <node id="13818490333" lat="20.9945970" lon="105.8743117" version="1" timestamp="2026-05-11T15:04:32Z" changeset="182516060" uid="23326231" user="Vmosnokia31" />
  <node id="13818490334" lat="20.9945044" lon="105.8743104" version="1" timestamp="2026-05-11T15:04:32Z" changeset="182516060" uid="23326231" user="Vmosnokia31" />
  <node id="13818490335" lat="20.9945044" lon="105.8742420" version="1" timestamp="2026-05-11T15:04:32Z" changeset="182516060" uid="23326231" user="Vmosnokia31" />
  <node id="13818490336" lat="20.9944067" lon="105.8742366" version="1" timestamp="2026-05-11T15:04:32Z" changeset="182516060" uid="23326231" user="Vmosnokia31" />
  <node id="13818490337" lat="20.9945040" lon="105.8743504" version="1" timestamp="2026-05-11T15:04:32Z" changeset="182516060" uid="23326231" user="Vmosnokia31" />
  <node id="13818490338" lat="20.9946720" lon="105.8743325" version="1" timestamp="2026-05-11T15:04:32Z" changeset="182516060" uid="23326231" user="Vmosnokia31" />
  <node id="13818490339" lat="20.9946624" lon="105.8745319" version="1" timestamp="2026-05-11T15:04:32Z" changeset="182516060" uid="23326231" user="Vmosnokia31" />
  <node id="13818490340" lat="20.9947904" lon="105.8743368" version="1" timestamp="2026-05-11T15:04:32Z" changeset="182516060" uid="23326231" user="Vmosnokia31" />
  <node id="13818490341" lat="20.9947780" lon="105.8746431" version="1" timestamp="2026-05-11T15:04:32Z" changeset="182516060" uid="23326231" user="Vmosnokia31" />
  <node id="13818490342" lat="20.9947647" lon="105.8747600" version="1" timestamp="2026-05-11T15:04:32Z" changeset="182516060" uid="23326231" user="Vmosnokia31" />
  <node id="13818490343" lat="20.9948102" lon="105.8747631" version="1" timestamp="2026-05-11T15:04:32Z" changeset="182516060" uid="23326231" user="Vmosnokia31" />
  <node id="13818490344" lat="20.9946508" lon="105.8747529" version="1" timestamp="2026-05-11T15:04:32Z" changeset="182516060" uid="23326231" user="Vmosnokia31" />
  <node id="13818490345" lat="20.9949201" lon="105.8743416" version="1" timestamp="2026-05-11T15:04:32Z" changeset="182516060" uid="23326231" user="Vmosnokia31" />
  <node id="13818490346" lat="20.9949076" lon="105.8745863" version="1" timestamp="2026-05-11T15:04:32Z" changeset="182516060" uid="23326231" user="Vmosnokia31" />
  <node id="13818490347" lat="20.9949992" lon="105.8743654" version="1" timestamp="2026-05-11T15:04:32Z" changeset="182516060" uid="23326231" user="Vmosnokia31" />
  <node id="13818490348" lat="20.9950025" lon="105.8744273" version="1" timestamp="2026-05-11T15:04:32Z" changeset="182516060" uid="23326231" user="Vmosnokia31" />
  <node id="13818490349" lat="20.9950157" lon="105.8744317" version="1" timestamp="2026-05-11T15:04:32Z" changeset="182516060" uid="23326231" user="Vmosnokia31" />
  <node id="13818490350" lat="20.9950174" lon="105.8745901" version="1" timestamp="2026-05-11T15:04:32Z" changeset="182516060" uid="23326231" user="Vmosnokia31" />
  <node id="13818490351" lat="20.9957974" lon="105.8749678" version="1" timestamp="2026-05-11T15:04:32Z" changeset="182516060" uid="23326231" user="Vmosnokia31" />
  <node id="13818490352" lat="20.9953378" lon="105.8748595" version="1" timestamp="2026-05-11T15:04:32Z" changeset="182516060" uid="23326231" user="Vmosnokia31" />
  <node id="13818490353" lat="20.9951745" lon="105.8751310" version="2" timestamp="2026-06-07T08:00:51Z" changeset="183767468" uid="23326231" user="Vmosnokia31" />
  <node id="13818490354" lat="20.9951799" lon="105.8748099" version="2" timestamp="2026-06-07T08:00:51Z" changeset="183767468" uid="23326231" user="Vmosnokia31" />
  <node id="13818515382" lat="20.9937156" lon="105.8781769" version="1" timestamp="2026-05-11T15:24:14Z" changeset="182516892" uid="23326231" user="Vmosnokia31" />
  <node id="13818515383" lat="20.9936920" lon="105.8780931" version="1" timestamp="2026-05-11T15:24:14Z" changeset="182516892" uid="23326231" user="Vmosnokia31" />
  <node id="13818515384" lat="20.9936957" lon="105.8781426" version="1" timestamp="2026-05-11T15:24:14Z" changeset="182516892" uid="23326231" user="Vmosnokia31" />
  <node id="13818515385" lat="20.9937431" lon="105.8782026" version="1" timestamp="2026-05-11T15:24:14Z" changeset="182516892" uid="23326231" user="Vmosnokia31" />
  <node id="13818527104" lat="20.9937425" lon="105.8766851" version="1" timestamp="2026-05-11T15:24:14Z" changeset="182516892" uid="23326231" user="Vmosnokia31" />
  <node id="13818527105" lat="20.9936690" lon="105.8761163" version="1" timestamp="2026-05-11T15:24:14Z" changeset="182516892" uid="23326231" user="Vmosnokia31" />
  <node id="13818527106" lat="20.9936434" lon="105.8760367" version="1" timestamp="2026-05-11T15:24:14Z" changeset="182516892" uid="23326231" user="Vmosnokia31" />
  <node id="13827886451" lat="20.9958022" lon="105.8744817" version="1" timestamp="2026-05-14T14:12:52Z" changeset="182651704" uid="23326231" user="Vmosnokia31" />
  <node id="13827886459" lat="20.9967585" lon="105.8741677" version="1" timestamp="2026-05-14T14:12:52Z" changeset="182651704" uid="23326231" user="Vmosnokia31" />
  <node id="13827886460" lat="20.9965667" lon="105.8742036" version="1" timestamp="2026-05-14T14:12:52Z" changeset="182651704" uid="23326231" user="Vmosnokia31" />
  <node id="13827886461" lat="20.9961795" lon="105.8739696" version="2" timestamp="2026-06-08T04:32:24Z" changeset="183807915" uid="23326231" user="Vmosnokia31" />
  <node id="13827886462" lat="20.9962380" lon="105.8743056" version="1" timestamp="2026-05-14T14:12:52Z" changeset="182651704" uid="23326231" user="Vmosnokia31" />
  <node id="13827886463" lat="20.9972477" lon="105.8741953" version="1" timestamp="2026-05-14T14:12:52Z" changeset="182651704" uid="23326231" user="Vmosnokia31" />
  <node id="13827886464" lat="20.9972477" lon="105.8742862" version="1" timestamp="2026-05-14T14:12:52Z" changeset="182651704" uid="23326231" user="Vmosnokia31" />
  <node id="13827886465" lat="20.9970539" lon="105.8742862" version="1" timestamp="2026-05-14T14:12:52Z" changeset="182651704" uid="23326231" user="Vmosnokia31" />
  <node id="13827886466" lat="20.9970539" lon="105.8740401" version="1" timestamp="2026-05-14T14:12:52Z" changeset="182651704" uid="23326231" user="Vmosnokia31" />
  <node id="13827886467" lat="20.9971931" lon="105.8740401" version="1" timestamp="2026-05-14T14:12:52Z" changeset="182651704" uid="23326231" user="Vmosnokia31" />
  <node id="13827886468" lat="20.9971931" lon="105.8741953" version="1" timestamp="2026-05-14T14:12:52Z" changeset="182651704" uid="23326231" user="Vmosnokia31" />
  <node id="13827886469" lat="20.9972441" lon="105.8740084" version="1" timestamp="2026-05-14T14:12:52Z" changeset="182651704" uid="23326231" user="Vmosnokia31" />
  <node id="13827886470" lat="20.9972587" lon="105.8740375" version="1" timestamp="2026-05-14T14:12:52Z" changeset="182651704" uid="23326231" user="Vmosnokia31" />
  <node id="13827886471" lat="20.9974069" lon="105.8739096" version="1" timestamp="2026-05-14T14:12:52Z" changeset="182651704" uid="23326231" user="Vmosnokia31" />
  <node id="13827886472" lat="20.9974058" lon="105.8742570" version="1" timestamp="2026-05-14T14:12:52Z" changeset="182651704" uid="23326231" user="Vmosnokia31" />
  <node id="13827886473" lat="20.9973742" lon="105.8742569" version="1" timestamp="2026-05-14T14:12:52Z" changeset="182651704" uid="23326231" user="Vmosnokia31" />
  <node id="13827886474" lat="20.9973741" lon="105.8742908" version="1" timestamp="2026-05-14T14:12:52Z" changeset="182651704" uid="23326231" user="Vmosnokia31" />
  <node id="13827886475" lat="20.9973358" lon="105.8742907" version="1" timestamp="2026-05-14T14:12:52Z" changeset="182651704" uid="23326231" user="Vmosnokia31" />
  <node id="13827886476" lat="20.9973358" lon="105.8742768" version="1" timestamp="2026-05-14T14:12:52Z" changeset="182651704" uid="23326231" user="Vmosnokia31" />
  <node id="13827886477" lat="20.9973072" lon="105.8742767" version="1" timestamp="2026-05-14T14:12:52Z" changeset="182651704" uid="23326231" user="Vmosnokia31" />
  <node id="13827886478" lat="20.9973083" lon="105.8739093" version="1" timestamp="2026-05-14T14:12:52Z" changeset="182651704" uid="23326231" user="Vmosnokia31" />
  <node id="13864769100" lat="21.0029869" lon="105.8656674" version="1" timestamp="2026-05-23T05:17:22Z" changeset="183050569" uid="20910140" user="Hung Tran 9x0" />
  <node id="13864777501" lat="21.0026548" lon="105.8656664" version="1" timestamp="2026-05-23T05:17:22Z" changeset="183050569" uid="20910140" user="Hung Tran 9x0" />
  <node id="13864777502" lat="21.0023465" lon="105.8656664" version="1" timestamp="2026-05-23T05:17:22Z" changeset="183050569" uid="20910140" user="Hung Tran 9x0" />
  <node id="13864777503" lat="21.0018581" lon="105.8656583" version="1" timestamp="2026-05-23T05:17:22Z" changeset="183050569" uid="20910140" user="Hung Tran 9x0">
    <tag k="noexit" v="yes" />
  </node>
  <node id="13864777504" lat="21.0029340" lon="105.8656673" version="1" timestamp="2026-05-23T05:17:22Z" changeset="183050569" uid="20910140" user="Hung Tran 9x0">
    <tag k="highway" v="crossing" />
  </node>
  <node id="13864777505" lat="21.0028822" lon="105.8656671" version="1" timestamp="2026-05-23T05:17:22Z" changeset="183050569" uid="20910140" user="Hung Tran 9x0">
    <tag k="barrier" v="bollard" />
    <tag k="bicycle" v="yes" />
    <tag k="foot" v="yes" />
    <tag k="moped" v="yes" />
    <tag k="motorcar" v="no" />
    <tag k="motorcycle" v="yes" />
  </node>
  <node id="13864777506" lat="21.0025925" lon="105.8656664" version="1" timestamp="2026-05-23T05:17:22Z" changeset="183050569" uid="20910140" user="Hung Tran 9x0" />
  <node id="13864777507" lat="21.0025935" lon="105.8652979" version="1" timestamp="2026-05-23T05:17:22Z" changeset="183050569" uid="20910140" user="Hung Tran 9x0">
    <tag k="noexit" v="yes" />
  </node>
  <node id="13864777508" lat="21.0025926" lon="105.8656365" version="1" timestamp="2026-05-23T05:17:22Z" changeset="183050569" uid="20910140" user="Hung Tran 9x0">
    <tag k="barrier" v="gate" />
  </node>
  <node id="13864777509" lat="21.0025740" lon="105.8656664" version="1" timestamp="2026-05-23T05:17:22Z" changeset="183050569" uid="20910140" user="Hung Tran 9x0">
    <tag k="barrier" v="gate" />
  </node>
  <node id="13864777510" lat="21.0025466" lon="105.8656664" version="1" timestamp="2026-05-23T05:17:22Z" changeset="183050569" uid="20910140" user="Hung Tran 9x0" />
  <node id="13864777511" lat="21.0025461" lon="105.8653867" version="1" timestamp="2026-05-23T05:17:22Z" changeset="183050569" uid="20910140" user="Hung Tran 9x0">
    <tag k="noexit" v="yes" />
  </node>
  <node id="13864777512" lat="21.0022704" lon="105.8656654" version="1" timestamp="2026-05-23T05:17:22Z" changeset="183050569" uid="20910140" user="Hung Tran 9x0" />
  <node id="13864777513" lat="21.0022735" lon="105.8653626" version="1" timestamp="2026-05-23T05:17:22Z" changeset="183050569" uid="20910140" user="Hung Tran 9x0">
    <tag k="noexit" v="yes" />
  </node>
  <node id="13864777514" lat="21.0024500" lon="105.8654476" version="1" timestamp="2026-05-23T05:17:22Z" changeset="183050569" uid="20910140" user="Hung Tran 9x0" />
  <node id="13864777515" lat="21.0023193" lon="105.8654455" version="1" timestamp="2026-05-23T05:17:22Z" changeset="183050569" uid="20910140" user="Hung Tran 9x0" />
  <node id="13864777516" lat="21.0022816" lon="105.8652324" version="1" timestamp="2026-05-23T05:17:22Z" changeset="183050569" uid="20910140" user="Hung Tran 9x0" />
  <node id="13864777517" lat="21.0022796" lon="105.8653464" version="1" timestamp="2026-05-23T05:17:22Z" changeset="183050569" uid="20910140" user="Hung Tran 9x0" />
  <node id="13864777518" lat="21.0022068" lon="105.8654465" version="1" timestamp="2026-05-23T05:17:22Z" changeset="183050569" uid="20910140" user="Hung Tran 9x0" />
  <node id="13864777519" lat="21.0020925" lon="105.8654443" version="1" timestamp="2026-05-23T05:17:22Z" changeset="183050569" uid="20910140" user="Hung Tran 9x0" />
  <node id="13864777520" lat="21.0020293" lon="105.8652304" version="1" timestamp="2026-05-23T05:17:22Z" changeset="183050569" uid="20910140" user="Hung Tran 9x0" />
  <node id="13864777521" lat="21.0020262" lon="105.8653341" version="1" timestamp="2026-05-23T05:17:22Z" changeset="183050569" uid="20910140" user="Hung Tran 9x0" />
  <node id="13864777522" lat="21.0020201" lon="105.8656621" version="1" timestamp="2026-05-23T05:17:22Z" changeset="183050569" uid="20910140" user="Hung Tran 9x0" />
  <node id="13864777523" lat="21.0020273" lon="105.8653583" version="1" timestamp="2026-05-23T05:17:22Z" changeset="183050569" uid="20910140" user="Hung Tran 9x0">
    <tag k="noexit" v="yes" />
  </node>
  <node id="13864777524" lat="21.0018468" lon="105.8654411" version="1" timestamp="2026-05-23T05:17:22Z" changeset="183050569" uid="20910140" user="Hung Tran 9x0" />
  <node id="13864777525" lat="21.0019641" lon="105.8654433" version="1" timestamp="2026-05-23T05:17:22Z" changeset="183050569" uid="20910140" user="Hung Tran 9x0" />
  <node id="13919220137" lat="20.9993350" lon="105.8728033" version="1" timestamp="2026-06-08T04:32:24Z" changeset="183807915" uid="23326231" user="Vmosnokia31">
    <tag k="highway" v="crossing" />
  </node>
  <node id="13919220138" lat="20.9988698" lon="105.8730973" version="1" timestamp="2026-06-08T04:32:24Z" changeset="183807915" uid="23326231" user="Vmosnokia31">
    <tag k="highway" v="crossing" />
  </node>
  <node id="13919220139" lat="20.9983695" lon="105.8733664" version="1" timestamp="2026-06-08T04:32:24Z" changeset="183807915" uid="23326231" user="Vmosnokia31">
    <tag k="highway" v="crossing" />
  </node>
  <node id="13919220140" lat="20.9976414" lon="105.8736375" version="1" timestamp="2026-06-08T04:32:24Z" changeset="183807915" uid="23326231" user="Vmosnokia31">
    <tag k="highway" v="crossing" />
  </node>
  <node id="13919220141" lat="20.9998418" lon="105.8726258" version="1" timestamp="2026-06-08T04:32:24Z" changeset="183807915" uid="23326231" user="Vmosnokia31">
    <tag k="highway" v="crossing" />
  </node>
  <node id="13919220142" lat="20.9985139" lon="105.8734697" version="1" timestamp="2026-06-08T04:32:24Z" changeset="183807915" uid="23326231" user="Vmosnokia31">
    <tag k="highway" v="crossing" />
  </node>
  <node id="13919220145" lat="20.9972457" lon="105.8738844" version="1" timestamp="2026-06-08T04:32:24Z" changeset="183807915" uid="23326231" user="Vmosnokia31">
    <tag k="highway" v="crossing" />
  </node>
  <node id="13919220146" lat="20.9967211" lon="105.8739685" version="1" timestamp="2026-06-08T04:32:24Z" changeset="183807915" uid="23326231" user="Vmosnokia31">
    <tag k="highway" v="crossing" />
  </node>
  <node id="13919220147" lat="20.9957497" lon="105.8741023" version="1" timestamp="2026-06-08T04:32:24Z" changeset="183807915" uid="23326231" user="Vmosnokia31">
    <tag k="highway" v="crossing" />
  </node>
  <node id="13919220148" lat="20.9961947" lon="105.8740494" version="1" timestamp="2026-06-08T04:32:24Z" changeset="183807915" uid="23326231" user="Vmosnokia31">
    <tag k="highway" v="crossing" />
  </node>
  <node id="13919220149" lat="20.9970710" lon="105.8737445" version="1" timestamp="2026-06-08T04:32:24Z" changeset="183807915" uid="23326231" user="Vmosnokia31">
    <tag k="highway" v="crossing" />
  </node>
  <node id="13919220150" lat="20.9969280" lon="105.8737719" version="1" timestamp="2026-06-08T04:32:24Z" changeset="183807915" uid="23326231" user="Vmosnokia31">
    <tag k="highway" v="crossing" />
  </node>
  <node id="13919220151" lat="20.9958795" lon="105.8739365" version="1" timestamp="2026-06-08T04:32:24Z" changeset="183807915" uid="23326231" user="Vmosnokia31">
    <tag k="highway" v="crossing" />
  </node>
  <node id="13919220152" lat="20.9966630" lon="105.8738185" version="1" timestamp="2026-06-08T04:32:24Z" changeset="183807915" uid="23326231" user="Vmosnokia31">
    <tag k="highway" v="crossing" />
  </node>
  <node id="13919220155" lat="20.9938960" lon="105.8739495" version="1" timestamp="2026-06-08T04:32:24Z" changeset="183807915" uid="23326231" user="Vmosnokia31" />
  <node id="13919220156" lat="20.9941672" lon="105.8739150" version="2" timestamp="2026-06-08T13:49:19Z" changeset="183830129" uid="23326231" user="Vmosnokia31">
    <tag k="highway" v="crossing" />
  </node>
  <node id="13919220157" lat="20.9943094" lon="105.8739261" version="1" timestamp="2026-06-08T04:32:24Z" changeset="183807915" uid="23326231" user="Vmosnokia31">
    <tag k="highway" v="crossing" />
  </node>
  <node id="13919220158" lat="20.9952803" lon="105.8741342" version="1" timestamp="2026-06-08T04:32:24Z" changeset="183807915" uid="23326231" user="Vmosnokia31">
    <tag k="highway" v="crossing" />
  </node>
  <node id="13919220159" lat="20.9951013" lon="105.8741284" version="1" timestamp="2026-06-08T04:32:24Z" changeset="183807915" uid="23326231" user="Vmosnokia31">
    <tag k="highway" v="crossing" />
  </node>
  <node id="13919220163" lat="20.9932465" lon="105.8737654" version="2" timestamp="2026-06-08T14:29:01Z" changeset="183831919" uid="23326231" user="Vmosnokia31">
    <tag k="highway" v="crossing" />
  </node>
  <node id="13919232702" lat="20.9995954" lon="105.8718251" version="1" timestamp="2026-06-08T04:32:24Z" changeset="183807915" uid="23326231" user="Vmosnokia31" />
  <node id="13919232703" lat="20.9996106" lon="105.8718797" version="1" timestamp="2026-06-08T04:32:24Z" changeset="183807915" uid="23326231" user="Vmosnokia31" />
  <node id="13919232704" lat="20.9994152" lon="105.8719363" version="1" timestamp="2026-06-08T04:32:24Z" changeset="183807915" uid="23326231" user="Vmosnokia31" />
  <node id="13919232705" lat="20.9995129" lon="105.8719080" version="1" timestamp="2026-06-08T04:32:24Z" changeset="183807915" uid="23326231" user="Vmosnokia31" />
  <node id="13919232706" lat="20.9995272" lon="105.8719657" version="1" timestamp="2026-06-08T04:32:24Z" changeset="183807915" uid="23326231" user="Vmosnokia31" />
  <node id="13919232707" lat="20.9994843" lon="105.8719745" version="1" timestamp="2026-06-08T04:32:24Z" changeset="183807915" uid="23326231" user="Vmosnokia31" />
  <node id="13919232708" lat="20.9994959" lon="105.8719721" version="1" timestamp="2026-06-08T04:32:24Z" changeset="183807915" uid="23326231" user="Vmosnokia31" />
  <node id="13919232709" lat="20.9995049" lon="105.8720144" version="1" timestamp="2026-06-08T04:32:24Z" changeset="183807915" uid="23326231" user="Vmosnokia31" />
  <node id="13919232710" lat="20.9995222" lon="105.8720099" version="1" timestamp="2026-06-08T04:32:24Z" changeset="183807915" uid="23326231" user="Vmosnokia31" />
  <node id="13919232711" lat="20.9995611" lon="105.8721347" version="1" timestamp="2026-06-08T04:32:24Z" changeset="183807915" uid="23326231" user="Vmosnokia31" />
  <node id="13919232712" lat="20.9991774" lon="105.8715717" version="1" timestamp="2026-06-08T04:32:24Z" changeset="183807915" uid="23326231" user="Vmosnokia31" />
  <node id="13919232713" lat="20.9990569" lon="105.8716378" version="1" timestamp="2026-06-08T04:32:24Z" changeset="183807915" uid="23326231" user="Vmosnokia31" />
  <node id="13919232714" lat="20.9989003" lon="105.8717079" version="1" timestamp="2026-06-08T04:32:24Z" changeset="183807915" uid="23326231" user="Vmosnokia31" />
  <node id="13919232715" lat="20.9992382" lon="105.8715994" version="1" timestamp="2026-06-08T04:32:24Z" changeset="183807915" uid="23326231" user="Vmosnokia31" />
  <node id="13919232716" lat="20.9992638" lon="105.8715593" version="1" timestamp="2026-06-08T04:32:24Z" changeset="183807915" uid="23326231" user="Vmosnokia31" />
  <node id="13919232717" lat="20.9991230" lon="105.8718583" version="1" timestamp="2026-06-08T04:32:24Z" changeset="183807915" uid="23326231" user="Vmosnokia31" />
  <node id="13919232718" lat="20.9991715" lon="105.8719553" version="1" timestamp="2026-06-08T04:32:24Z" changeset="183807915" uid="23326231" user="Vmosnokia31" />
  <node id="13919232719" lat="20.9993245" lon="105.8721408" version="1" timestamp="2026-06-08T04:32:24Z" changeset="183807915" uid="23326231" user="Vmosnokia31" />
  <node id="13919232720" lat="20.9992690" lon="105.8720670" version="1" timestamp="2026-06-08T04:32:24Z" changeset="183807915" uid="23326231" user="Vmosnokia31" />
  <node id="13919232721" lat="20.9994063" lon="105.8720054" version="1" timestamp="2026-06-08T04:32:24Z" changeset="183807915" uid="23326231" user="Vmosnokia31" />
  <node id="13919232722" lat="20.9990206" lon="105.8719128" version="1" timestamp="2026-06-08T04:32:24Z" changeset="183807915" uid="23326231" user="Vmosnokia31" />
  <node id="13919232723" lat="20.9990823" lon="105.8720288" version="1" timestamp="2026-06-08T04:32:24Z" changeset="183807915" uid="23326231" user="Vmosnokia31" />
  <node id="13919232724" lat="20.9989349" lon="105.8719583" version="1" timestamp="2026-06-08T04:32:24Z" changeset="183807915" uid="23326231" user="Vmosnokia31" />
  <node id="13919232725" lat="20.9989693" lon="105.8720298" version="1" timestamp="2026-06-08T04:32:24Z" changeset="183807915" uid="23326231" user="Vmosnokia31" />
  <node id="13919232726" lat="20.9986216" lon="105.8721343" version="1" timestamp="2026-06-08T04:32:24Z" changeset="183807915" uid="23326231" user="Vmosnokia31" />
  <node id="13919232727" lat="20.9985809" lon="105.8719616" version="1" timestamp="2026-06-08T04:32:24Z" changeset="183807915" uid="23326231" user="Vmosnokia31" />
  <node id="13919232728" lat="20.9986166" lon="105.8720362" version="1" timestamp="2026-06-08T04:32:24Z" changeset="183807915" uid="23326231" user="Vmosnokia31" />
  <node id="13919232729" lat="20.9985271" lon="105.8717186" version="1" timestamp="2026-06-08T04:32:24Z" changeset="183807915" uid="23326231" user="Vmosnokia31" />
  <node id="13919232730" lat="20.9986082" lon="105.8716446" version="1" timestamp="2026-06-08T04:32:24Z" changeset="183807915" uid="23326231" user="Vmosnokia31" />
  <node id="13919232731" lat="20.9986826" lon="105.8717449" version="1" timestamp="2026-06-08T04:32:24Z" changeset="183807915" uid="23326231" user="Vmosnokia31" />
  <node id="13919232732" lat="20.9985752" lon="105.8717888" version="1" timestamp="2026-06-08T04:32:24Z" changeset="183807915" uid="23326231" user="Vmosnokia31" />
  <node id="13919232733" lat="20.9984048" lon="105.8719294" version="1" timestamp="2026-06-08T04:32:24Z" changeset="183807915" uid="23326231" user="Vmosnokia31" />
  <node id="13919232734" lat="20.9984927" lon="105.8716727" version="1" timestamp="2026-06-08T04:32:24Z" changeset="183807915" uid="23326231" user="Vmosnokia31" />
  <node id="13919232735" lat="20.9983359" lon="105.8718127" version="1" timestamp="2026-06-08T04:32:24Z" changeset="183807915" uid="23326231" user="Vmosnokia31" />
  <node id="13919232736" lat="20.9984076" lon="105.8724901" version="1" timestamp="2026-06-08T04:32:24Z" changeset="183807915" uid="23326231" user="Vmosnokia31" />
  <node id="13919232737" lat="20.9985406" lon="105.8724107" version="1" timestamp="2026-06-08T04:32:24Z" changeset="183807915" uid="23326231" user="Vmosnokia31" />
  <node id="13919232738" lat="20.9986169" lon="105.8723616" version="1" timestamp="2026-06-08T04:32:24Z" changeset="183807915" uid="23326231" user="Vmosnokia31" />
  <node id="13919232739" lat="20.9989193" lon="105.8723752" version="1" timestamp="2026-06-08T04:32:24Z" changeset="183807915" uid="23326231" user="Vmosnokia31" />
  <node id="13919232740" lat="20.9988511" lon="105.8722651" version="1" timestamp="2026-06-08T04:32:24Z" changeset="183807915" uid="23326231" user="Vmosnokia31" />
  <node id="13919232741" lat="20.9988236" lon="105.8722509" version="1" timestamp="2026-06-08T04:32:24Z" changeset="183807915" uid="23326231" user="Vmosnokia31" />
  <node id="13919232742" lat="20.9987771" lon="105.8721584" version="1" timestamp="2026-06-08T04:32:24Z" changeset="183807915" uid="23326231" user="Vmosnokia31" />
  <node id="13919232743" lat="20.9990020" lon="105.8722011" version="1" timestamp="2026-06-08T04:32:24Z" changeset="183807915" uid="23326231" user="Vmosnokia31" />
  <node id="13919232744" lat="20.9991492" lon="105.8724671" version="1" timestamp="2026-06-08T04:32:24Z" changeset="183807915" uid="23326231" user="Vmosnokia31" />
  <node id="13919232745" lat="20.9992851" lon="105.8723653" version="1" timestamp="2026-06-08T04:32:24Z" changeset="183807915" uid="23326231" user="Vmosnokia31" />
  <node id="13919232746" lat="20.9992982" lon="105.8723723" version="1" timestamp="2026-06-08T04:32:24Z" changeset="183807915" uid="23326231" user="Vmosnokia31" />
  <node id="13919232747" lat="20.9993353" lon="105.8723501" version="1" timestamp="2026-06-08T04:32:24Z" changeset="183807915" uid="23326231" user="Vmosnokia31" />
  <node id="13919232748" lat="20.9994971" lon="105.8726865" version="1" timestamp="2026-06-08T04:32:24Z" changeset="183807915" uid="23326231" user="Vmosnokia31">
    <tag k="crossing:markings" v="yes" />
    <tag k="highway" v="crossing" />
  </node>
  <node id="13919232749" lat="20.9994323" lon="105.8725755" version="1" timestamp="2026-06-08T04:32:24Z" changeset="183807915" uid="23326231" user="Vmosnokia31" />
  <node id="13919232750" lat="20.9994137" lon="105.8725638" version="1" timestamp="2026-06-08T04:32:24Z" changeset="183807915" uid="23326231" user="Vmosnokia31" />
  <node id="13919232751" lat="20.9995371" lon="105.8727511" version="1" timestamp="2026-06-08T04:32:24Z" changeset="183807915" uid="23326231" user="Vmosnokia31" />
  <node id="13919232752" lat="20.9997114" lon="105.8722343" version="1" timestamp="2026-06-08T04:32:24Z" changeset="183807915" uid="23326231" user="Vmosnokia31" />
  <node id="13919232753" lat="20.9996169" lon="105.8722698" version="1" timestamp="2026-06-08T04:32:24Z" changeset="183807915" uid="23326231" user="Vmosnokia31" />
  <node id="13919232754" lat="20.9997250" lon="105.8722820" version="1" timestamp="2026-06-08T04:32:24Z" changeset="183807915" uid="23326231" user="Vmosnokia31" />
  <node id="13919232755" lat="20.9998436" lon="105.8722446" version="1" timestamp="2026-06-08T04:32:24Z" changeset="183807915" uid="23326231" user="Vmosnokia31" />
  <node id="13919232756" lat="20.9996430" lon="105.8719937" version="1" timestamp="2026-06-08T04:32:24Z" changeset="183807915" uid="23326231" user="Vmosnokia31" />
  <node id="13919232757" lat="20.9996850" lon="105.8719809" version="1" timestamp="2026-06-08T04:32:24Z" changeset="183807915" uid="23326231" user="Vmosnokia31" />
  <node id="13919232758" lat="20.9988138" lon="105.8729964" version="1" timestamp="2026-06-08T04:32:24Z" changeset="183807915" uid="23326231" user="Vmosnokia31" />
  <node id="13919232759" lat="20.9988993" lon="105.8731503" version="1" timestamp="2026-06-08T04:32:24Z" changeset="183807915" uid="23326231" user="Vmosnokia31" />
  <node id="13919232760" lat="20.9987464" lon="105.8731664" version="1" timestamp="2026-06-08T04:32:24Z" changeset="183807915" uid="23326231" user="Vmosnokia31">
    <tag k="highway" v="crossing" />
  </node>
  <node id="13919232761" lat="20.9986728" lon="105.8730282" version="1" timestamp="2026-06-08T04:32:24Z" changeset="183807915" uid="23326231" user="Vmosnokia31" />
  <node id="13919232762" lat="20.9987751" lon="105.8732233" version="1" timestamp="2026-06-08T04:32:24Z" changeset="183807915" uid="23326231" user="Vmosnokia31" />
  <node id="13919232763" lat="20.9982156" lon="105.8730639" version="1" timestamp="2026-06-08T04:32:24Z" changeset="183807915" uid="23326231" user="Vmosnokia31" />
  <node id="13919232764" lat="20.9986184" lon="105.8728903" version="1" timestamp="2026-06-08T04:32:24Z" changeset="183807915" uid="23326231" user="Vmosnokia31" />
  <node id="13919232765" lat="20.9986266" lon="105.8729087" version="1" timestamp="2026-06-08T04:32:24Z" changeset="183807915" uid="23326231" user="Vmosnokia31" />
  <node id="13919232766" lat="20.9986954" lon="105.8728805" version="1" timestamp="2026-06-08T04:32:24Z" changeset="183807915" uid="23326231" user="Vmosnokia31" />
  <node id="13919232767" lat="20.9987180" lon="105.8729489" version="1" timestamp="2026-06-08T04:32:24Z" changeset="183807915" uid="23326231" user="Vmosnokia31" />
  <node id="13919232768" lat="20.9987661" lon="105.8729317" version="1" timestamp="2026-06-08T04:32:24Z" changeset="183807915" uid="23326231" user="Vmosnokia31" />
  <node id="13919232769" lat="20.9987224" lon="105.8725056" version="1" timestamp="2026-06-08T04:32:24Z" changeset="183807915" uid="23326231" user="Vmosnokia31" />
  <node id="13919232770" lat="20.9987919" lon="105.8726153" version="1" timestamp="2026-06-08T04:32:24Z" changeset="183807915" uid="23326231" user="Vmosnokia31" />
  <node id="13919232771" lat="20.9991508" lon="105.8730048" version="1" timestamp="2026-06-08T04:32:24Z" changeset="183807915" uid="23326231" user="Vmosnokia31" />
  <node id="13919232772" lat="20.9990382" lon="105.8727986" version="1" timestamp="2026-06-08T04:32:24Z" changeset="183807915" uid="23326231" user="Vmosnokia31" />
  <node id="13919232773" lat="20.9989597" lon="105.8726655" version="1" timestamp="2026-06-08T04:32:24Z" changeset="183807915" uid="23326231" user="Vmosnokia31" />
  <node id="13919232774" lat="20.9991169" lon="105.8729410" version="1" timestamp="2026-06-08T04:32:24Z" changeset="183807915" uid="23326231" user="Vmosnokia31">
    <tag k="highway" v="crossing" />
  </node>
  <node id="13919232775" lat="20.9991254" lon="105.8727495" version="1" timestamp="2026-06-08T04:32:24Z" changeset="183807915" uid="23326231" user="Vmosnokia31" />
  <node id="13919232776" lat="20.9989314" lon="105.8728546" version="1" timestamp="2026-06-08T04:32:24Z" changeset="183807915" uid="23326231" user="Vmosnokia31" />
  <node id="13919232777" lat="20.9985269" lon="105.8733693" version="1" timestamp="2026-06-08T04:32:24Z" changeset="183807915" uid="23326231" user="Vmosnokia31" />
  <node id="13919232778" lat="20.9984439" lon="105.8731909" version="1" timestamp="2026-06-08T04:32:24Z" changeset="183807915" uid="23326231" user="Vmosnokia31" />
  <node id="13919232779" lat="20.9984982" lon="105.8733055" version="1" timestamp="2026-06-08T04:32:24Z" changeset="183807915" uid="23326231" user="Vmosnokia31">
    <tag k="highway" v="crossing" />
  </node>
  <node id="13919232780" lat="20.9985272" lon="105.8731541" version="1" timestamp="2026-06-08T04:32:24Z" changeset="183807915" uid="23326231" user="Vmosnokia31" />
  <node id="13919232781" lat="20.9984161" lon="105.8732032" version="1" timestamp="2026-06-08T04:32:24Z" changeset="183807915" uid="23326231" user="Vmosnokia31" />
  <node id="13919232783" lat="20.9981314" lon="105.8734575" version="1" timestamp="2026-06-08T04:32:24Z" changeset="183807915" uid="23326231" user="Vmosnokia31">
    <tag k="highway" v="crossing" />
  </node>
  <node id="13919232785" lat="20.9982294" lon="105.8733638" version="1" timestamp="2026-06-08T04:32:24Z" changeset="183807915" uid="23326231" user="Vmosnokia31">
    <tag k="barrier" v="gate" />
  </node>
  <node id="13919232786" lat="20.9982840" lon="105.8734847" version="1" timestamp="2026-06-08T04:32:24Z" changeset="183807915" uid="23326231" user="Vmosnokia31" />
  <node id="13919232787" lat="20.9982453" lon="105.8733982" version="1" timestamp="2026-06-08T04:32:24Z" changeset="183807915" uid="23326231" user="Vmosnokia31" />
  <node id="13919232788" lat="20.9981608" lon="105.8735308" version="1" timestamp="2026-06-08T04:32:24Z" changeset="183807915" uid="23326231" user="Vmosnokia31" />
  <node id="13919232789" lat="20.9979822" lon="105.8730585" version="1" timestamp="2026-06-08T04:32:24Z" changeset="183807915" uid="23326231" user="Vmosnokia31" />
  <node id="13919232790" lat="20.9981593" lon="105.8729540" version="1" timestamp="2026-06-08T04:32:24Z" changeset="183807915" uid="23326231" user="Vmosnokia31" />
  <node id="13919232791" lat="20.9979994" lon="105.8730484" version="1" timestamp="2026-06-08T04:32:24Z" changeset="183807915" uid="23326231" user="Vmosnokia31" />
  <node id="13919232792" lat="20.9978999" lon="105.8728447" version="1" timestamp="2026-06-08T04:32:24Z" changeset="183807915" uid="23326231" user="Vmosnokia31" />
  <node id="13919232793" lat="20.9976933" lon="105.8725960" version="1" timestamp="2026-06-08T04:32:24Z" changeset="183807915" uid="23326231" user="Vmosnokia31" />
  <node id="13919232794" lat="20.9977997" lon="105.8727980" version="1" timestamp="2026-06-08T04:32:24Z" changeset="183807915" uid="23326231" user="Vmosnokia31" />
  <node id="13919232795" lat="20.9980390" lon="105.8723023" version="1" timestamp="2026-06-08T04:32:24Z" changeset="183807915" uid="23326231" user="Vmosnokia31" />
  <node id="13919232796" lat="20.9983310" lon="105.8720541" version="1" timestamp="2026-06-08T04:32:24Z" changeset="183807915" uid="23326231" user="Vmosnokia31" />
  <node id="13919232797" lat="20.9980722" lon="105.8723870" version="1" timestamp="2026-06-08T04:32:24Z" changeset="183807915" uid="23326231" user="Vmosnokia31" />
  <node id="13919232798" lat="20.9977903" lon="105.8725486" version="1" timestamp="2026-06-08T04:32:24Z" changeset="183807915" uid="23326231" user="Vmosnokia31" />
  <node id="13919232799" lat="20.9981603" lon="105.8723729" version="2" timestamp="2026-08-04T05:26:56Z" changeset="186902967" uid="20910140" user="Hung Tran 9x0">
    <tag k="noexit" v="yes" />
  </node>
  <node id="13919232800" lat="20.9979833" lon="105.8727137" version="1" timestamp="2026-06-08T04:32:24Z" changeset="183807915" uid="23326231" user="Vmosnokia31" />
  <node id="13919232801" lat="20.9979582" lon="105.8726761" version="1" timestamp="2026-06-08T04:32:24Z" changeset="183807915" uid="23326231" user="Vmosnokia31" />
  <node id="13919232802" lat="20.9977006" lon="105.8729181" version="1" timestamp="2026-06-08T04:32:24Z" changeset="183807915" uid="23326231" user="Vmosnokia31" />
  <node id="13919232803" lat="20.9975213" lon="105.8720313" version="1" timestamp="2026-06-08T04:32:24Z" changeset="183807915" uid="23326231" user="Vmosnokia31" />
  <node id="13919232804" lat="20.9975261" lon="105.8720909" version="1" timestamp="2026-06-08T04:32:24Z" changeset="183807915" uid="23326231" user="Vmosnokia31" />
  <node id="13919232805" lat="20.9975972" lon="105.8720417" version="1" timestamp="2026-06-08T04:32:24Z" changeset="183807915" uid="23326231" user="Vmosnokia31" />
  <node id="13919232806" lat="20.9976171" lon="105.8720752" version="1" timestamp="2026-06-08T04:32:24Z" changeset="183807915" uid="23326231" user="Vmosnokia31" />
  <node id="13919232807" lat="20.9976465" lon="105.8720549" version="1" timestamp="2026-06-08T04:32:24Z" changeset="183807915" uid="23326231" user="Vmosnokia31" />
  <node id="13919232808" lat="20.9980444" lon="105.8732247" version="1" timestamp="2026-06-08T04:32:24Z" changeset="183807915" uid="23326231" user="Vmosnokia31" />
  <node id="13919232809" lat="20.9978127" lon="105.8733091" version="1" timestamp="2026-06-08T04:32:24Z" changeset="183807915" uid="23326231" user="Vmosnokia31" />
  <node id="13919232810" lat="20.9976061" lon="105.8732574" version="1" timestamp="2026-06-08T04:32:24Z" changeset="183807915" uid="23326231" user="Vmosnokia31" />
  <node id="13919232811" lat="20.9977653" lon="105.8731983" version="1" timestamp="2026-06-08T04:32:24Z" changeset="183807915" uid="23326231" user="Vmosnokia31" />
  <node id="13919232812" lat="20.9976319" lon="105.8732478" version="1" timestamp="2026-06-08T04:32:24Z" changeset="183807915" uid="23326231" user="Vmosnokia31">
    <tag k="barrier" v="gate" />
  </node>
  <node id="13919232813" lat="20.9973434" lon="105.8729178" version="1" timestamp="2026-06-08T04:32:24Z" changeset="183807915" uid="23326231" user="Vmosnokia31" />
  <node id="13919232814" lat="20.9973065" lon="105.8721192" version="1" timestamp="2026-06-08T04:32:24Z" changeset="183807915" uid="23326231" user="Vmosnokia31" />
  <node id="13919232815" lat="20.9973487" lon="105.8723968" version="1" timestamp="2026-06-08T04:32:24Z" changeset="183807915" uid="23326231" user="Vmosnokia31" />
  <node id="13919232816" lat="20.9973236" lon="105.8724116" version="1" timestamp="2026-06-08T04:32:24Z" changeset="183807915" uid="23326231" user="Vmosnokia31" />
  <node id="13919232817" lat="20.9974023" lon="105.8723697" version="1" timestamp="2026-06-08T04:32:24Z" changeset="183807915" uid="23326231" user="Vmosnokia31" />
  <node id="13919232818" lat="20.9974163" lon="105.8724961" version="1" timestamp="2026-06-08T04:32:24Z" changeset="183807915" uid="23326231" user="Vmosnokia31" />
  <node id="13919232819" lat="20.9975611" lon="105.8726045" version="1" timestamp="2026-06-08T04:32:24Z" changeset="183807915" uid="23326231" user="Vmosnokia31" />
  <node id="13919232820" lat="20.9973668" lon="105.8726179" version="1" timestamp="2026-06-08T04:32:24Z" changeset="183807915" uid="23326231" user="Vmosnokia31" />
  <node id="13919232821" lat="20.9973693" lon="105.8726528" version="1" timestamp="2026-06-08T04:32:24Z" changeset="183807915" uid="23326231" user="Vmosnokia31" />
  <node id="13919232822" lat="20.9973352" lon="105.8727847" version="1" timestamp="2026-06-08T04:32:24Z" changeset="183807915" uid="23326231" user="Vmosnokia31" />
  <node id="13919232823" lat="20.9973513" lon="105.8727837" version="1" timestamp="2026-06-08T04:32:24Z" changeset="183807915" uid="23326231" user="Vmosnokia31" />
  <node id="13919232824" lat="20.9973504" lon="105.8727461" version="1" timestamp="2026-06-08T04:32:24Z" changeset="183807915" uid="23326231" user="Vmosnokia31" />
  <node id="13919232825" lat="20.9972552" lon="105.8729384" version="1" timestamp="2026-06-08T04:32:24Z" changeset="183807915" uid="23326231" user="Vmosnokia31" />
  <node id="13919232826" lat="20.9972718" lon="105.8730483" version="1" timestamp="2026-06-08T04:32:24Z" changeset="183807915" uid="23326231" user="Vmosnokia31" />
  <node id="13919232827" lat="20.9974049" lon="105.8729138" version="1" timestamp="2026-06-08T04:32:24Z" changeset="183807915" uid="23326231" user="Vmosnokia31" />
  <node id="13919232828" lat="20.9974189" lon="105.8730412" version="1" timestamp="2026-06-08T04:32:24Z" changeset="183807915" uid="23326231" user="Vmosnokia31" />
  <node id="13919232829" lat="20.9975916" lon="105.8730554" version="1" timestamp="2026-06-08T04:32:24Z" changeset="183807915" uid="23326231" user="Vmosnokia31" />
  <node id="13919232830" lat="20.9974734" lon="105.8730625" version="1" timestamp="2026-06-08T04:32:24Z" changeset="183807915" uid="23326231" user="Vmosnokia31" />
  <node id="13919232831" lat="20.9971825" lon="105.8732287" version="1" timestamp="2026-06-08T04:32:24Z" changeset="183807915" uid="23326231" user="Vmosnokia31" />
  <node id="13919232832" lat="20.9972480" lon="105.8731532" version="1" timestamp="2026-06-08T04:32:24Z" changeset="183807915" uid="23326231" user="Vmosnokia31" />
  <node id="13919232833" lat="20.9973818" lon="105.8731237" version="1" timestamp="2026-06-08T04:32:24Z" changeset="183807915" uid="23326231" user="Vmosnokia31" />
  <node id="13919232834" lat="20.9970265" lon="105.8735757" version="1" timestamp="2026-06-08T04:32:24Z" changeset="183807915" uid="23326231" user="Vmosnokia31" />
  <node id="13919232835" lat="20.9972584" lon="105.8735232" version="1" timestamp="2026-06-08T04:32:24Z" changeset="183807915" uid="23326231" user="Vmosnokia31" />
  <node id="13919232836" lat="20.9972508" lon="105.8734866" version="1" timestamp="2026-06-08T04:32:24Z" changeset="183807915" uid="23326231" user="Vmosnokia31" />
  <node id="13919232837" lat="20.9968529" lon="105.8734379" version="1" timestamp="2026-06-08T04:32:24Z" changeset="183807915" uid="23326231" user="Vmosnokia31" />
  <node id="13919232838" lat="20.9968199" lon="105.8734041" version="1" timestamp="2026-06-08T04:32:24Z" changeset="183807915" uid="23326231" user="Vmosnokia31" />
  <node id="13919232839" lat="20.9968818" lon="105.8728945" version="1" timestamp="2026-06-08T04:32:24Z" changeset="183807915" uid="23326231" user="Vmosnokia31" />
  <node id="13919232840" lat="20.9967676" lon="105.8732094" version="1" timestamp="2026-06-08T04:32:24Z" changeset="183807915" uid="23326231" user="Vmosnokia31" />
  <node id="13919232841" lat="20.9966009" lon="105.8732637" version="1" timestamp="2026-06-08T04:32:24Z" changeset="183807915" uid="23326231" user="Vmosnokia31" />
  <node id="13919232842" lat="20.9968074" lon="105.8733637" version="1" timestamp="2026-06-08T04:32:24Z" changeset="183807915" uid="23326231" user="Vmosnokia31" />
  <node id="13919232843" lat="20.9966423" lon="105.8734178" version="1" timestamp="2026-06-08T04:32:24Z" changeset="183807915" uid="23326231" user="Vmosnokia31" />
  <node id="13919232844" lat="20.9976102" lon="105.8733184" version="1" timestamp="2026-06-08T04:32:24Z" changeset="183807915" uid="23326231" user="Vmosnokia31" />
  <node id="13919232845" lat="20.9976086" lon="105.8732954" version="1" timestamp="2026-06-08T04:32:24Z" changeset="183807915" uid="23326231" user="Vmosnokia31" />
  <node id="13919232846" lat="20.9973052" lon="105.8733555" version="1" timestamp="2026-06-08T04:32:24Z" changeset="183807915" uid="23326231" user="Vmosnokia31" />
  <node id="13919232847" lat="20.9972893" lon="105.8732488" version="1" timestamp="2026-06-08T04:32:24Z" changeset="183807915" uid="23326231" user="Vmosnokia31" />
  <node id="13919232848" lat="20.9974549" lon="105.8737589" version="1" timestamp="2026-06-08T04:32:24Z" changeset="183807915" uid="23326231" user="Vmosnokia31" />
  <node id="13919232849" lat="20.9974027" lon="105.8734801" version="1" timestamp="2026-06-08T04:32:24Z" changeset="183807915" uid="23326231" user="Vmosnokia31" />
  <node id="13919232850" lat="20.9974397" lon="105.8736779" version="1" timestamp="2026-06-08T04:32:24Z" changeset="183807915" uid="23326231" user="Vmosnokia31">
    <tag k="highway" v="crossing" />
  </node>
  <node id="13919232851" lat="20.9976381" lon="105.8736106" version="1" timestamp="2026-06-08T04:32:24Z" changeset="183807915" uid="23326231" user="Vmosnokia31">
    <tag k="barrier" v="height_restrictor" />
    <tag k="maxheight" v="2.4" />
  </node>
  <node id="13919232852" lat="20.9966745" lon="105.8738980" version="1" timestamp="2026-06-08T04:32:24Z" changeset="183807915" uid="23326231" user="Vmosnokia31" />
  <node id="13919232853" lat="20.9966228" lon="105.8735308" version="1" timestamp="2026-06-08T04:32:24Z" changeset="183807915" uid="23326231" user="Vmosnokia31" />
  <node id="13919232854" lat="20.9966391" lon="105.8734946" version="1" timestamp="2026-06-08T04:32:24Z" changeset="183807915" uid="23326231" user="Vmosnokia31" />
  <node id="13919232855" lat="20.9965625" lon="105.8739142" version="1" timestamp="2026-06-08T04:32:24Z" changeset="183807915" uid="23326231" user="Vmosnokia31" />
  <node id="13919232856" lat="20.9965003" lon="105.8735728" version="1" timestamp="2026-06-08T04:32:24Z" changeset="183807915" uid="23326231" user="Vmosnokia31" />
  <node id="13919232857" lat="20.9964488" lon="105.8735822" version="1" timestamp="2026-06-08T04:32:24Z" changeset="183807915" uid="23326231" user="Vmosnokia31" />
  <node id="13919232858" lat="20.9964225" lon="105.8734155" version="1" timestamp="2026-06-08T04:32:24Z" changeset="183807915" uid="23326231" user="Vmosnokia31" />
  <node id="13919232859" lat="20.9965471" lon="105.8738355" version="1" timestamp="2026-06-08T04:32:24Z" changeset="183807915" uid="23326231" user="Vmosnokia31">
    <tag k="highway" v="crossing" />
  </node>
  <node id="13919232860" lat="20.9964416" lon="105.8735307" version="1" timestamp="2026-06-08T04:32:24Z" changeset="183807915" uid="23326231" user="Vmosnokia31" />
  <node id="13919232861" lat="20.9963446" lon="105.8735460" version="1" timestamp="2026-06-08T04:32:24Z" changeset="183807915" uid="23326231" user="Vmosnokia31" />
  <node id="13919232862" lat="20.9963626" lon="105.8735431" version="1" timestamp="2026-06-08T04:32:24Z" changeset="183807915" uid="23326231" user="Vmosnokia31" />
  <node id="13919232863" lat="20.9964372" lon="105.8739323" version="1" timestamp="2026-06-08T04:32:24Z" changeset="183807915" uid="23326231" user="Vmosnokia31" />
  <node id="13919232864" lat="20.9964229" lon="105.8738562" version="1" timestamp="2026-06-08T04:32:24Z" changeset="183807915" uid="23326231" user="Vmosnokia31">
    <tag k="highway" v="crossing" />
  </node>
  <node id="13919232865" lat="20.9968449" lon="105.8734297" version="1" timestamp="2026-06-08T04:32:24Z" changeset="183807915" uid="23326231" user="Vmosnokia31" />
  <node id="13919232866" lat="20.9967765" lon="105.8734498" version="1" timestamp="2026-06-08T04:32:24Z" changeset="183807915" uid="23326231" user="Vmosnokia31" />
  <node id="13919232867" lat="20.9967856" lon="105.8734887" version="1" timestamp="2026-06-08T04:32:24Z" changeset="183807915" uid="23326231" user="Vmosnokia31" />
  <node id="13919232868" lat="20.9964452" lon="105.8735560" version="1" timestamp="2026-06-08T04:32:24Z" changeset="183807915" uid="23326231" user="Vmosnokia31" />
  <node id="13919232869" lat="20.9965902" lon="105.8735248" version="1" timestamp="2026-06-08T04:32:24Z" changeset="183807915" uid="23326231" user="Vmosnokia31" />
  <node id="13919232870" lat="20.9965827" lon="105.8734711" version="1" timestamp="2026-06-08T04:32:24Z" changeset="183807915" uid="23326231" user="Vmosnokia31" />
  <node id="13919232871" lat="20.9967431" lon="105.8738873" version="1" timestamp="2026-06-08T04:32:24Z" changeset="183807915" uid="23326231" user="Vmosnokia31" />
  <node id="13919232872" lat="20.9967060" lon="105.8736256" version="1" timestamp="2026-06-08T04:32:24Z" changeset="183807915" uid="23326231" user="Vmosnokia31" />
  <node id="13919232873" lat="20.9967317" lon="105.8738067" version="1" timestamp="2026-06-08T04:32:24Z" changeset="183807915" uid="23326231" user="Vmosnokia31">
    <tag k="highway" v="crossing" />
  </node>
  <node id="13919232874" lat="20.9962999" lon="105.8728323" version="1" timestamp="2026-06-08T04:32:24Z" changeset="183807915" uid="23326231" user="Vmosnokia31" />
  <node id="13919232875" lat="20.9966048" lon="105.8727495" version="1" timestamp="2026-06-08T04:32:24Z" changeset="183807915" uid="23326231" user="Vmosnokia31" />
  <node id="13919232876" lat="20.9961065" lon="105.8728849" version="1" timestamp="2026-06-08T04:32:24Z" changeset="183807915" uid="23326231" user="Vmosnokia31" />
  <node id="13919232877" lat="20.9966880" lon="105.8728709" version="1" timestamp="2026-06-08T04:32:24Z" changeset="183807915" uid="23326231" user="Vmosnokia31" />
  <node id="13919232878" lat="20.9966603" lon="105.8727485" version="1" timestamp="2026-06-08T04:32:24Z" changeset="183807915" uid="23326231" user="Vmosnokia31" />
  <node id="13919232879" lat="20.9958627" lon="105.8731197" version="1" timestamp="2026-06-08T04:32:24Z" changeset="183807915" uid="23326231" user="Vmosnokia31" />
  <node id="13919232880" lat="20.9960764" lon="105.8730678" version="1" timestamp="2026-06-08T04:32:24Z" changeset="183807915" uid="23326231" user="Vmosnokia31" />
  <node id="13919232881" lat="20.9958719" lon="105.8736714" version="1" timestamp="2026-06-08T04:32:24Z" changeset="183807915" uid="23326231" user="Vmosnokia31" />
  <node id="13919232882" lat="20.9961296" lon="105.8736106" version="1" timestamp="2026-06-08T04:32:24Z" changeset="183807915" uid="23326231" user="Vmosnokia31" />
  <node id="13919232883" lat="20.9961340" lon="105.8735931" version="1" timestamp="2026-06-08T04:32:24Z" changeset="183807915" uid="23326231" user="Vmosnokia31" />
  <node id="13919232884" lat="20.9963103" lon="105.8735461" version="1" timestamp="2026-06-08T04:32:24Z" changeset="183807915" uid="23326231" user="Vmosnokia31">
    <tag k="noexit" v="yes" />
  </node>
  <node id="13919232885" lat="20.9961439" lon="105.8736643" version="1" timestamp="2026-06-08T04:32:24Z" changeset="183807915" uid="23326231" user="Vmosnokia31" />
  <node id="13919232886" lat="20.9961407" lon="105.8732349" version="1" timestamp="2026-06-08T04:32:24Z" changeset="183807915" uid="23326231" user="Vmosnokia31" />
  <node id="13919232887" lat="20.9961943" lon="105.8734847" version="1" timestamp="2026-06-08T04:32:24Z" changeset="183807915" uid="23326231" user="Vmosnokia31" />
  <node id="13919232888" lat="20.9961667" lon="105.8733562" version="1" timestamp="2026-06-08T04:32:24Z" changeset="183807915" uid="23326231" user="Vmosnokia31" />
  <node id="13919232889" lat="20.9963283" lon="105.8733187" version="1" timestamp="2026-06-08T04:32:24Z" changeset="183807915" uid="23326231" user="Vmosnokia31" />
  <node id="13919232890" lat="20.9963374" lon="105.8733585" version="1" timestamp="2026-06-08T04:32:24Z" changeset="183807915" uid="23326231" user="Vmosnokia31" />
  <node id="13919232891" lat="20.9969201" lon="105.8727795" version="1" timestamp="2026-06-08T04:32:24Z" changeset="183807915" uid="23326231" user="Vmosnokia31" />
  <node id="13919232892" lat="20.9970810" lon="105.8725489" version="1" timestamp="2026-06-08T04:32:24Z" changeset="183807915" uid="23326231" user="Vmosnokia31" />
  <node id="13919232893" lat="20.9970950" lon="105.8726377" version="1" timestamp="2026-06-08T04:32:24Z" changeset="183807915" uid="23326231" user="Vmosnokia31" />
  <node id="13919232894" lat="20.9970196" lon="105.8726513" version="1" timestamp="2026-06-08T04:32:24Z" changeset="183807915" uid="23326231" user="Vmosnokia31" />
  <node id="13919232895" lat="20.9970451" lon="105.8728129" version="1" timestamp="2026-06-08T04:32:24Z" changeset="183807915" uid="23326231" user="Vmosnokia31" />
  <node id="13919232896" lat="20.9969646" lon="105.8728274" version="1" timestamp="2026-06-08T04:32:24Z" changeset="183807915" uid="23326231" user="Vmosnokia31" />
  <node id="13919232897" lat="20.9969137" lon="105.8725040" version="1" timestamp="2026-06-08T04:32:24Z" changeset="183807915" uid="23326231" user="Vmosnokia31" />
  <node id="13919232898" lat="20.9970059" lon="105.8724874" version="1" timestamp="2026-06-08T04:32:24Z" changeset="183807915" uid="23326231" user="Vmosnokia31" />
  <node id="13919232899" lat="20.9970174" lon="105.8725604" version="1" timestamp="2026-06-08T04:32:24Z" changeset="183807915" uid="23326231" user="Vmosnokia31" />
  <node id="13919232900" lat="20.9990233" lon="105.8713805" version="1" timestamp="2026-06-08T04:32:24Z" changeset="183807915" uid="23326231" user="Vmosnokia31" />
  <node id="13919232901" lat="20.9993530" lon="105.8711717" version="1" timestamp="2026-06-08T04:32:24Z" changeset="183807915" uid="23326231" user="Vmosnokia31" />
  <node id="13920206709" lat="20.9936210" lon="105.8739105" version="2" timestamp="2026-06-08T13:49:19Z" changeset="183830129" uid="23326231" user="Vmosnokia31" />
  <node id="13920206710" lat="20.9936184" lon="105.8744507" version="1" timestamp="2026-06-08T13:25:54Z" changeset="183829132" uid="23326231" user="Vmosnokia31" />
  <node id="13920206711" lat="20.9936213" lon="105.8739878" version="1" timestamp="2026-06-08T13:25:54Z" changeset="183829132" uid="23326231" user="Vmosnokia31">
    <tag k="highway" v="crossing" />
  </node>
  <node id="13920206712" lat="20.9935015" lon="105.8738881" version="2" timestamp="2026-06-08T13:49:19Z" changeset="183830129" uid="23326231" user="Vmosnokia31" />
  <node id="13920206713" lat="20.9935019" lon="105.8741476" version="1" timestamp="2026-06-08T13:25:54Z" changeset="183829132" uid="23326231" user="Vmosnokia31" />
  <node id="13920206714" lat="20.9936209" lon="105.8741516" version="1" timestamp="2026-06-08T13:25:54Z" changeset="183829132" uid="23326231" user="Vmosnokia31" />
  <node id="13920206715" lat="20.9935009" lon="105.8739655" version="1" timestamp="2026-06-08T13:25:54Z" changeset="183829132" uid="23326231" user="Vmosnokia31">
    <tag k="highway" v="crossing" />
  </node>
  <node id="13920217551" lat="20.9937609" lon="105.8725911" version="1" timestamp="2026-06-08T13:49:19Z" changeset="183830129" uid="23326231" user="Vmosnokia31">
    <tag k="barrier" v="gate" />
  </node>
  <node id="13920217552" lat="20.9938678" lon="105.8728765" version="1" timestamp="2026-06-08T13:49:19Z" changeset="183830129" uid="23326231" user="Vmosnokia31">
    <tag k="barrier" v="gate" />
  </node>
  <node id="13920217553" lat="20.9937192" lon="105.8724530" version="1" timestamp="2026-06-08T13:49:19Z" changeset="183830129" uid="23326231" user="Vmosnokia31" />
  <node id="13920217554" lat="20.9936669" lon="105.8724358" version="1" timestamp="2026-06-08T13:49:19Z" changeset="183830129" uid="23326231" user="Vmosnokia31" />
  <node id="13920217555" lat="20.9936346" lon="105.8723692" version="1" timestamp="2026-06-08T13:49:19Z" changeset="183830129" uid="23326231" user="Vmosnokia31" />
  <node id="13920217556" lat="20.9936239" lon="105.8723057" version="1" timestamp="2026-06-08T13:49:19Z" changeset="183830129" uid="23326231" user="Vmosnokia31" />
  <node id="13920217557" lat="20.9936125" lon="105.8721799" version="1" timestamp="2026-06-08T13:49:19Z" changeset="183830129" uid="23326231" user="Vmosnokia31">
    <tag k="access" v="yes" />
    <tag k="barrier" v="lift_gate" />
    <tag k="lift_gate:type" v="double" />
  </node>
  <node id="13920217558" lat="20.9936270" lon="105.8722653" version="1" timestamp="2026-06-08T13:49:19Z" changeset="183830129" uid="23326231" user="Vmosnokia31" />
  <node id="13920217559" lat="20.9937348" lon="105.8724617" version="1" timestamp="2026-06-08T13:49:19Z" changeset="183830129" uid="23326231" user="Vmosnokia31" />
  <node id="13920232176" lat="20.9938320" lon="105.8718787" version="1" timestamp="2026-06-08T13:42:49Z" changeset="183829861" uid="23326231" user="Vmosnokia31" />
  <node id="13920232177" lat="20.9938362" lon="105.8718298" version="1" timestamp="2026-06-08T13:42:49Z" changeset="183829861" uid="23326231" user="Vmosnokia31" />
  <node id="13920232178" lat="20.9937915" lon="105.8717153" version="1" timestamp="2026-06-08T13:42:49Z" changeset="183829861" uid="23326231" user="Vmosnokia31" />
  <node id="13920232180" lat="20.9935331" lon="105.8722184" version="1" timestamp="2026-06-08T13:42:49Z" changeset="183829861" uid="23326231" user="Vmosnokia31" />
  <node id="13920232181" lat="20.9935596" lon="105.8723122" version="1" timestamp="2026-06-08T13:42:49Z" changeset="183829861" uid="23326231" user="Vmosnokia31" />
  <node id="13920232182" lat="20.9935769" lon="105.8724414" version="1" timestamp="2026-06-08T13:42:49Z" changeset="183829861" uid="23326231" user="Vmosnokia31" />
  <node id="13920232183" lat="20.9935764" lon="105.8725060" version="1" timestamp="2026-06-08T13:42:49Z" changeset="183829861" uid="23326231" user="Vmosnokia31" />
  <node id="13920232184" lat="20.9929133" lon="105.8721994" version="1" timestamp="2026-06-08T13:42:49Z" changeset="183829861" uid="23326231" user="Vmosnokia31" />
  <node id="13920232185" lat="20.9931963" lon="105.8723391" version="1" timestamp="2026-06-08T13:42:49Z" changeset="183829861" uid="23326231" user="Vmosnokia31" />
  <node id="13920232186" lat="20.9928908" lon="105.8724346" version="1" timestamp="2026-06-08T13:42:49Z" changeset="183829861" uid="23326231" user="Vmosnokia31" />
  <node id="13920371118" lat="20.9932631" lon="105.8736323" version="1" timestamp="2026-06-08T14:29:01Z" changeset="183831919" uid="23326231" user="Vmosnokia31" />
  <node id="13920371119" lat="20.9926966" lon="105.8735835" version="1" timestamp="2026-06-08T14:29:01Z" changeset="183831919" uid="23326231" user="Vmosnokia31" />
  <node id="13920371120" lat="20.9928450" lon="105.8735967" version="1" timestamp="2026-06-08T14:29:01Z" changeset="183831919" uid="23326231" user="Vmosnokia31">
    <tag k="highway" v="crossing" />
  </node>
  <node id="13920371126" lat="20.9933115" lon="105.8731913" version="1" timestamp="2026-06-08T14:29:01Z" changeset="183831919" uid="23326231" user="Vmosnokia31" />
  <node id="13920371127" lat="20.9930255" lon="105.8731586" version="1" timestamp="2026-06-08T14:29:01Z" changeset="183831919" uid="23326231" user="Vmosnokia31" />
  <node id="13925295990" lat="21.0028700" lon="105.8745850" version="1" timestamp="2026-06-10T05:18:12Z" changeset="183904098" uid="23326231" user="Vmosnokia31" />
  <node id="13925295991" lat="21.0022188" lon="105.8741266" version="1" timestamp="2026-06-10T05:18:12Z" changeset="183904098" uid="23326231" user="Vmosnokia31" />
  <node id="13925295992" lat="21.0029869" lon="105.8749441" version="1" timestamp="2026-06-10T05:18:12Z" changeset="183904098" uid="23326231" user="Vmosnokia31" />
  <node id="13949039559" lat="20.9997623" lon="105.8653904" version="1" timestamp="2026-06-18T05:28:51Z" changeset="184254505" uid="15330182" user="GrabVN_Nguyen Thi Ngoc Tram" />
  <node id="13974418322" lat="21.0018779" lon="105.8747929" version="1" timestamp="2026-06-29T10:32:49Z" changeset="184787634" uid="23326231" user="Vmosnokia31">
    <tag k="highway" v="crossing" />
  </node>
  <node id="13974418357" lat="21.0017484" lon="105.8738433" version="1" timestamp="2026-06-29T10:32:49Z" changeset="184787634" uid="23326231" user="Vmosnokia31" />
  <node id="13974418358" lat="21.0019830" lon="105.8746387" version="1" timestamp="2026-06-29T10:32:49Z" changeset="184787634" uid="23326231" user="Vmosnokia31" />
  <node id="13974418363" lat="21.0021271" lon="105.8737372" version="1" timestamp="2026-06-29T10:32:49Z" changeset="184787634" uid="23326231" user="Vmosnokia31" />
  <node id="13974418364" lat="21.0021546" lon="105.8738235" version="1" timestamp="2026-06-29T10:32:49Z" changeset="184787634" uid="23326231" user="Vmosnokia31" />
  <node id="13974418365" lat="21.0017585" lon="105.8740862" version="1" timestamp="2026-06-29T10:32:49Z" changeset="184787634" uid="23326231" user="Vmosnokia31">
    <tag k="highway" v="crossing" />
  </node>
  <node id="13974418366" lat="21.0016721" lon="105.8741353" version="1" timestamp="2026-06-29T10:32:49Z" changeset="184787634" uid="23326231" user="Vmosnokia31" />
  <node id="13974418367" lat="21.0016032" lon="105.8742056" version="1" timestamp="2026-06-29T10:32:49Z" changeset="184787634" uid="23326231" user="Vmosnokia31" />
  <node id="13974418368" lat="21.0015433" lon="105.8743084" version="1" timestamp="2026-06-29T10:32:49Z" changeset="184787634" uid="23326231" user="Vmosnokia31" />
  <node id="13974418369" lat="21.0015150" lon="105.8744298" version="1" timestamp="2026-06-29T10:32:49Z" changeset="184787634" uid="23326231" user="Vmosnokia31" />
  <node id="13974418370" lat="21.0015465" lon="105.8745802" version="1" timestamp="2026-06-29T10:32:49Z" changeset="184787634" uid="23326231" user="Vmosnokia31" />
  <node id="13974418371" lat="21.0016013" lon="105.8746747" version="1" timestamp="2026-06-29T10:32:49Z" changeset="184787634" uid="23326231" user="Vmosnokia31" />
  <node id="13974418372" lat="21.0016753" lon="105.8747444" version="1" timestamp="2026-06-29T10:32:49Z" changeset="184787634" uid="23326231" user="Vmosnokia31" />
  <node id="13974418373" lat="21.0017648" lon="105.8747830" version="1" timestamp="2026-06-29T10:32:49Z" changeset="184787634" uid="23326231" user="Vmosnokia31" />
  <node id="13974418374" lat="21.0018059" lon="105.8740743" version="1" timestamp="2026-06-29T10:32:49Z" changeset="184787634" uid="23326231" user="Vmosnokia31" />
  <node id="13974418375" lat="21.0018486" lon="105.8747963" version="1" timestamp="2026-06-29T10:32:49Z" changeset="184787634" uid="23326231" user="Vmosnokia31">
    <tag k="barrier" v="jersey_barrier" />
  </node>
  <node id="13974418376" lat="21.0015230" lon="105.8745092" version="1" timestamp="2026-06-29T10:32:49Z" changeset="184787634" uid="23326231" user="Vmosnokia31" />
  <node id="13974418377" lat="21.0017347" lon="105.8740954" version="1" timestamp="2026-06-29T10:32:49Z" changeset="184787634" uid="23326231" user="Vmosnokia31">
    <tag k="barrier" v="jersey_barrier" />
  </node>
  <node id="13974418378" lat="21.0019066" lon="105.8747885" version="1" timestamp="2026-06-29T10:32:49Z" changeset="184787634" uid="23326231" user="Vmosnokia31" />
  <node id="13974418379" lat="21.0017849" lon="105.8749556" version="1" timestamp="2026-06-29T10:32:49Z" changeset="184787634" uid="23326231" user="Vmosnokia31" />
  <node id="13974418380" lat="21.0016773" lon="105.8749229" version="1" timestamp="2026-06-29T10:32:49Z" changeset="184787634" uid="23326231" user="Vmosnokia31" />
  <node id="13974418381" lat="21.0014789" lon="105.8747759" version="1" timestamp="2026-06-29T10:32:49Z" changeset="184787634" uid="23326231" user="Vmosnokia31" />
  <node id="13974418382" lat="21.0013898" lon="105.8745869" version="1" timestamp="2026-06-29T10:32:49Z" changeset="184787634" uid="23326231" user="Vmosnokia31" />
  <node id="13974418383" lat="21.0013649" lon="105.8744099" version="1" timestamp="2026-06-29T10:32:49Z" changeset="184787634" uid="23326231" user="Vmosnokia31" />
  <node id="13974418384" lat="21.0014333" lon="105.8741797" version="1" timestamp="2026-06-29T10:32:49Z" changeset="184787634" uid="23326231" user="Vmosnokia31" />
  <node id="13974418385" lat="21.0015170" lon="105.8740708" version="1" timestamp="2026-06-29T10:32:49Z" changeset="184787634" uid="23326231" user="Vmosnokia31" />
  <node id="13974418386" lat="21.0016296" lon="105.8739948" version="1" timestamp="2026-06-29T10:32:49Z" changeset="184787634" uid="23326231" user="Vmosnokia31" />
  <node id="13974418387" lat="21.0017870" lon="105.8739634" version="1" timestamp="2026-06-29T10:32:49Z" changeset="184787634" uid="23326231" user="Vmosnokia31" />
  <node id="13974418388" lat="21.0015439" lon="105.8748523" version="1" timestamp="2026-06-29T10:32:49Z" changeset="184787634" uid="23326231" user="Vmosnokia31" />
  <node id="13974418389" lat="21.0014230" lon="105.8746800" version="1" timestamp="2026-06-29T10:32:49Z" changeset="184787634" uid="23326231" user="Vmosnokia31" />
  <node id="13974418390" lat="21.0013717" lon="105.8744984" version="1" timestamp="2026-06-29T10:32:49Z" changeset="184787634" uid="23326231" user="Vmosnokia31" />
  <node id="13974418391" lat="21.0013982" lon="105.8742565" version="1" timestamp="2026-06-29T10:32:49Z" changeset="184787634" uid="23326231" user="Vmosnokia31" />
  <node id="13974418392" lat="21.0014709" lon="105.8741218" version="1" timestamp="2026-06-29T10:32:49Z" changeset="184787634" uid="23326231" user="Vmosnokia31" />
  <node id="13974418393" lat="21.0015716" lon="105.8740280" version="1" timestamp="2026-06-29T10:32:49Z" changeset="184787634" uid="23326231" user="Vmosnokia31" />
  <node id="13974418394" lat="21.0017082" lon="105.8739718" version="1" timestamp="2026-06-29T10:32:49Z" changeset="184787634" uid="23326231" user="Vmosnokia31" />
  <node id="13974418395" lat="21.0018513" lon="105.8749775" version="1" timestamp="2026-06-29T10:32:49Z" changeset="184787634" uid="23326231" user="Vmosnokia31">
    <tag k="highway" v="crossing" />
  </node>
  <node id="13974418396" lat="21.0013776" lon="105.8743288" version="1" timestamp="2026-06-29T10:32:49Z" changeset="184787634" uid="23326231" user="Vmosnokia31" />
  <node id="13974418397" lat="21.0016018" lon="105.8748935" version="1" timestamp="2026-06-29T10:32:49Z" changeset="184787634" uid="23326231" user="Vmosnokia31" />
  <node id="13974418398" lat="21.0018382" lon="105.8749732" version="1" timestamp="2026-06-29T10:32:49Z" changeset="184787634" uid="23326231" user="Vmosnokia31" />
  <node id="14021589197" lat="20.9967332" lon="105.8660794" version="1" timestamp="2026-07-17T06:22:52Z" changeset="185886222" uid="17344224" user="Arkskyle" />
  <node id="14021589200" lat="20.9964976" lon="105.8660746" version="1" timestamp="2026-07-17T06:22:52Z" changeset="185886222" uid="17344224" user="Arkskyle" />
  <node id="14021655401" lat="20.9974592" lon="105.8683811" version="1" timestamp="2026-07-17T06:22:52Z" changeset="185886222" uid="17344224" user="Arkskyle" />
  <node id="14021655404" lat="20.9974595" lon="105.8686142" version="1" timestamp="2026-07-17T06:22:52Z" changeset="185886222" uid="17344224" user="Arkskyle" />
  <node id="14023849877" lat="20.9931315" lon="105.8635177" version="1" timestamp="2026-07-18T10:16:30Z" changeset="185949488" uid="23326231" user="Vmosnokia31" />
  <node id="14023849878" lat="20.9948935" lon="105.8701942" version="1" timestamp="2026-07-18T10:16:30Z" changeset="185949488" uid="23326231" user="Vmosnokia31">
    <tag k="barrier" v="gate" />
  </node>
  <node id="14072066147" lat="20.9981146" lon="105.8724071" version="1" timestamp="2026-08-04T05:26:56Z" changeset="186902967" uid="20910140" user="Hung Tran 9x0">
    <tag k="access" v="private" />
    <tag k="barrier" v="gate" />
  </node>
  <node id="14072066148" lat="20.9983841" lon="105.8722523" version="1" timestamp="2026-08-04T05:26:56Z" changeset="186902967" uid="20910140" user="Hung Tran 9x0" />
  <way id="25934018" version="18" timestamp="2025-08-22T15:19:18Z" changeset="170838172" uid="20910140" user="Hung Tran 9x0">
    <nd ref="282889278" />
    <nd ref="2294389039" />
    <nd ref="5704267788" />
    <nd ref="2294389060" />
    <nd ref="5703980379" />
    <nd ref="2294389050" />
    <nd ref="5704144783" />
    <nd ref="5285071941" />
    <nd ref="282889392" />
    <nd ref="2294389035" />
    <nd ref="5704267787" />
    <nd ref="2294389049" />
    <nd ref="282889281" />
    <nd ref="2294389053" />
    <nd ref="10137756382" />
    <nd ref="282889393" />
    <tag k="cycleway:both" v="shared_lane" />
    <tag k="highway" v="residential" />
    <tag k="lanes" v="2" />
    <tag k="name" v="Ngõ 61 Phố Lạc Trung" />
    <tag k="surface" v="asphalt" />
  </way>
  <way id="25934075" version="19" timestamp="2026-06-10T09:19:09Z" changeset="183912581" uid="11196308" user="vietnam321">
    <nd ref="282889741" />
    <nd ref="8265789346" />
    <nd ref="5707821237" />
    <nd ref="282889744" />
    <nd ref="8265789281" />
    <nd ref="10137756345" />
    <nd ref="2953971625" />
    <tag k="cycleway:both" v="shared_lane" />
    <tag k="highway" v="residential" />
    <tag k="maxspeed:type" v="VN:urban" />
    <tag k="name" v="Phố Mạc Thị Bưởi" />
    <tag k="name:en" v="Mac Thi Buoi Street" />
    <tag k="name:etymology:wikidata" v="Q10796468" />
    <tag k="surface" v="asphalt" />
  </way>
  <way id="25934078" version="16" timestamp="2025-09-21T07:06:16Z" changeset="172231918" uid="20910140" user="Hung Tran 9x0">
    <nd ref="4955947825" />
    <nd ref="8265788881" />
    <nd ref="915324262" />
    <nd ref="282890373" />
    <nd ref="915324263" />
    <nd ref="282890374" />
    <nd ref="282890375" />
    <nd ref="282890376" />
    <tag k="highway" v="residential" />
    <tag k="name" v="Ngõ 198 Phố Dương Văn Bé" />
    <tag k="old_name" v="Ngách 34/232 Phố Vĩnh Tuy" />
    <tag k="surface" v="concrete" />
  </way>
  <way id="28920237" version="31" timestamp="2026-06-10T09:20:10Z" changeset="183912581" uid="11196308" user="vietnam321">
    <nd ref="4955947857" />
    <nd ref="4955947879" />
    <nd ref="5707821244" />
    <nd ref="6685532115" />
    <nd ref="8265788857" />
    <nd ref="11046698472" />
    <tag k="highway" v="primary" />
    <tag k="lanes" v="2" />
    <tag k="lit" v="yes" />
    <tag k="name" v="Phố Minh Khai" />
    <tag k="name:en" v="Minh Khai Street" />
    <tag k="name:etymology:wikidata" v="Q7022971" />
    <tag k="oneway" v="yes" />
    <tag k="surface" v="asphalt" />
  </way>
  <way id="28920292" version="7" timestamp="2022-12-12T05:12:36Z" changeset="129984286" uid="17344224" user="Arkskyle">
    <nd ref="10248518769" />
    <nd ref="8831186319" />
    <nd ref="317910530" />
    <nd ref="10254872518" />
    <nd ref="5686672077" />
    <nd ref="8265789302" />
    <nd ref="317910531" />
    <tag k="highway" v="residential" />
    <tag k="name" v="Ngõ 19 Phố Lạc Trung" />
  </way>
  <way id="69143124" version="21" timestamp="2026-04-07T00:02:50Z" changeset="180973222" uid="16014056" user="Trần Thanh Tuấn">
    <nd ref="11027904006" />
    <nd ref="829378877" />
    <nd ref="829378854" />
    <nd ref="829378799" />
    <nd ref="829378760" />
    <nd ref="5704543873" />
    <tag k="highway" v="primary" />
    <tag k="lanes" v="2" />
    <tag k="lit" v="yes" />
    <tag k="name" v="Đường Nguyễn Khoái" />
    <tag k="name:en" v="Nguyen Khoai Road" />
    <tag k="oneway" v="yes" />
    <tag k="surface" v="asphalt" />
  </way>
  <way id="69143126" version="17" timestamp="2025-03-25T06:17:18Z" changeset="164061325" uid="16194143" user="Tewuzij">
    <nd ref="11027904006" />
    <nd ref="11813799467" />
    <nd ref="11027904007" />
    <nd ref="829378838" />
    <nd ref="829378640" />
    <tag k="destination" v="Cầu Vĩnh Tuy" />
    <tag k="foot" v="yes" />
    <tag k="highway" v="trunk_link" />
    <tag k="lanes" v="2" />
    <tag k="lit" v="yes" />
    <tag k="maxspeed" v="40" />
    <tag k="oneway" v="yes" />
    <tag k="sidewalk" v="no" />
    <tag k="surface" v="asphalt" />
    <tag k="width" v="7" />
  </way>
  <way id="85620795" version="18" timestamp="2025-10-26T05:49:54Z" changeset="173780039" uid="11196308" user="vietnam321">
    <nd ref="6997743920" />
    <nd ref="13159216734" />
    <nd ref="8310505396" />
    <nd ref="993196776" />
    <nd ref="3776050429" />
    <nd ref="3776050428" />
    <nd ref="993196922" />
    <nd ref="3776050431" />
    <nd ref="3776050430" />
    <nd ref="993196912" />
    <nd ref="3776050432" />
    <nd ref="13159216733" />
    <nd ref="12890253828" />
    <tag k="bridge" v="yes" />
    <tag k="destination" v="Đường Nguyễn Khoái" />
    <tag k="highway" v="trunk_link" />
    <tag k="lanes" v="2" />
    <tag k="layer" v="1" />
    <tag k="lit" v="yes" />
    <tag k="maxweight" v="18" />
    <tag k="oneway" v="yes" />
    <tag k="surface" v="asphalt" />
  </way>
  <way id="178423589" version="30" timestamp="2026-06-10T05:18:12Z" changeset="183904098" uid="23326231" user="Vmosnokia31">
    <nd ref="1887747768" />
    <nd ref="1887747770" />
    <nd ref="9055631298" />
    <nd ref="1887747769" />
    <nd ref="8121001012" />
    <nd ref="1887747771" />
    <nd ref="1887747763" />
    <nd ref="1887747767" />
    <nd ref="1887747758" />
    <nd ref="2218609336" />
    <nd ref="3776050422" />
    <nd ref="13925295991" />
    <nd ref="829378642" />
    <tag k="bridge" v="yes" />
    <tag k="foot" v="yes" />
    <tag k="highway" v="trunk" />
    <tag k="lanes" v="3" />
    <tag k="layer" v="1" />
    <tag k="lit" v="yes" />
    <tag k="maxspeed" v="60" />
    <tag k="name" v="Cầu Vĩnh Tuy" />
    <tag k="name:en" v="Vinh Tuy Bridge" />
    <tag k="oneway" v="yes" />
    <tag k="sidewalk" v="no" />
    <tag k="surface" v="asphalt" />
  </way>
  <way id="211933294" version="13" timestamp="2026-04-07T00:02:50Z" changeset="180973222" uid="16014056" user="Trần Thanh Tuấn">
    <nd ref="5704543873" />
    <nd ref="84806325" />
    <nd ref="10139175518" />
    <nd ref="84806326" />
    <nd ref="2218609347" />
    <tag k="highway" v="primary" />
    <tag k="lanes" v="2" />
    <tag k="lit" v="yes" />
    <tag k="name" v="Đường Nguyễn Khoái" />
    <tag k="name:en" v="Nguyen Khoai Road" />
    <tag k="oneway" v="yes" />
    <tag k="surface" v="asphalt" />
  </way>
  <way id="220306281" version="7" timestamp="2022-04-22T07:38:38Z" changeset="120034225" uid="13749044" user="GrabVN_Ánh Linh Lê">
    <nd ref="5721861416" />
    <nd ref="5704267790" />
    <tag k="highway" v="residential" />
  </way>
  <way id="220306282" version="13" timestamp="2026-06-10T09:19:09Z" changeset="183912581" uid="11196308" user="vietnam321">
    <nd ref="2294389037" />
    <nd ref="8342022369" />
    <nd ref="2294389047" />
    <nd ref="2294389046" />
    <nd ref="2294389052" />
    <tag k="highway" v="residential" />
    <tag k="name" v="Phố Mạc Thị Bưởi" />
    <tag k="name:en" v="Mac Thi Buoi Street" />
    <tag k="name:etymology:wikidata" v="Q10796468" />
    <tag k="surface" v="concrete" />
  </way>
  <way id="220306283" version="7" timestamp="2024-06-30T01:40:38Z" changeset="153352705" uid="3323343" user="phoenixsaigon1698">
    <nd ref="9712039726" />
    <nd ref="2294389035" />
    <tag k="highway" v="service" />
    <tag k="service" v="alley" />
  </way>
  <way id="220306284" version="8" timestamp="2025-09-27T16:57:10Z" changeset="172535003" uid="22065819" user="Hung159">
    <nd ref="9712039725" />
    <nd ref="2294389053" />
    <tag k="highway" v="service" />
    <tag k="name" v="Ngách 61/2 Phố Lạc Trung" />
    <tag k="service" v="alley" />
    <tag k="surface" v="asphalt" />
  </way>
  <way id="220306285" version="7" timestamp="2025-11-07T07:38:31Z" changeset="174320123" uid="11141338" user="FanaticAir75626">
    <nd ref="2294389036" />
    <nd ref="2294389042" />
    <nd ref="2294389056" />
    <nd ref="2294389057" />
    <nd ref="2294389036" />
    <tag k="highway" v="service" />
    <tag k="surface" v="asphalt" />
  </way>
  <way id="220306286" version="7" timestamp="2025-09-27T16:57:10Z" changeset="172535003" uid="22065819" user="Hung159">
    <nd ref="2294389055" />
    <nd ref="2294389049" />
    <tag k="highway" v="service" />
    <tag k="name" v="Ngách 61/4 Phố Lạc Trung" />
    <tag k="service" v="alley" />
    <tag k="surface" v="asphalt" />
  </way>
  <way id="220306287" version="8" timestamp="2025-09-27T16:57:10Z" changeset="172535003" uid="22065819" user="Hung159">
    <nd ref="2294389045" />
    <nd ref="12021450385" />
    <nd ref="2294389050" />
    <tag k="highway" v="service" />
    <tag k="name" v="Ngách 61/10 Phố Lạc Trung" />
    <tag k="service" v="alley" />
    <tag k="surface" v="asphalt" />
  </way>
  <way id="242436834" version="9" timestamp="2026-05-11T15:24:14Z" changeset="182516892" uid="23326231" user="Vmosnokia31">
    <nd ref="2499091603" />
    <nd ref="5710231892" />
    <nd ref="13818515385" />
    <nd ref="13818515382" />
    <nd ref="13818515384" />
    <nd ref="13818515383" />
    <nd ref="5710231852" />
    <nd ref="5710231882" />
    <nd ref="13818527104" />
    <nd ref="13814507704" />
    <nd ref="13818527105" />
    <nd ref="13818527106" />
    <nd ref="5710231881" />
    <nd ref="12459907874" />
    <nd ref="12459907873" />
    <nd ref="5710139854" />
    <tag k="highway" v="service" />
    <tag k="surface" v="asphalt" />
  </way>
  <way id="291885690" version="13" timestamp="2026-06-10T09:20:10Z" changeset="183912581" uid="11196308" user="vietnam321">
    <nd ref="2953971627" />
    <nd ref="6684880032" />
    <nd ref="2953971626" />
    <nd ref="2953971625" />
    <nd ref="4955947881" />
    <tag k="cycleway:right" v="shared_lane" />
    <tag k="highway" v="primary" />
    <tag k="lanes" v="2" />
    <tag k="lit" v="yes" />
    <tag k="name" v="Phố Minh Khai" />
    <tag k="name:en" v="Minh Khai Street" />
    <tag k="name:etymology:wikidata" v="Q7022971" />
    <tag k="oneway" v="yes" />
    <tag k="surface" v="asphalt" />
  </way>
  <way id="294115209" version="19" timestamp="2026-08-28T03:14:31Z" changeset="188126379" uid="24403502" user="AndreePham">
    <nd ref="282889393" />
    <nd ref="2294389041" />
    <nd ref="13864769100" />
    <nd ref="8342179670" />
    <nd ref="10137756389" />
    <nd ref="5703980382" />
    <nd ref="13286747956" />
    <nd ref="5845485980" />
    <nd ref="5686672070" />
    <nd ref="10137756392" />
    <nd ref="5686672055" />
    <nd ref="6666765487" />
    <nd ref="282889750" />
    <nd ref="6629899064" />
    <nd ref="1497971609" />
    <tag k="highway" v="secondary" />
    <tag k="lanes" v="2" />
    <tag k="lit" v="yes" />
    <tag k="maxspeed" v="50" />
    <tag k="name" v="Phố Lạc Trung" />
    <tag k="surface" v="asphalt" />
  </way>
  <way id="399558867" version="15" timestamp="2026-04-27T13:42:24Z" changeset="181891746" uid="23326231" user="Vmosnokia31">
    <nd ref="4022914506" />
    <nd ref="12098983482" />
    <nd ref="12098983481" />
    <nd ref="6684913289" />
    <nd ref="5629422894" />
    <nd ref="6684913288" />
    <nd ref="5629422892" />
    <nd ref="13766857230" />
    <nd ref="6684913290" />
    <nd ref="6684913291" />
    <nd ref="5710080992" />
    <nd ref="5629422886" />
    <tag k="highway" v="residential" />
    <tag k="lanes" v="2" />
    <tag k="name" v="Đường Số 5 Times City" />
    <tag k="name:en" v="Road Number 5 Times City" />
    <tag k="surface" v="asphalt" />
  </way>
  <way id="399817244" version="17" timestamp="2025-09-27T16:57:10Z" changeset="172535003" uid="22065819" user="Hung159">
    <nd ref="317910544" />
    <nd ref="10137745304" />
    <nd ref="317910543" />
    <nd ref="5709913434" />
    <nd ref="317910542" />
    <nd ref="5709913431" />
    <nd ref="317910541" />
    <nd ref="317910540" />
    <nd ref="5689431211" />
    <nd ref="317910539" />
    <nd ref="317910538" />
    <nd ref="317910537" />
    <nd ref="5686672065" />
    <nd ref="317910536" />
    <nd ref="317910535" />
    <nd ref="317910534" />
    <nd ref="5686672060" />
    <nd ref="317910533" />
    <nd ref="317910532" />
    <nd ref="5686672064" />
    <nd ref="5721862022" />
    <tag k="hgv" v="no" />
    <tag k="highway" v="residential" />
    <tag k="lanes" v="1" />
    <tag k="name" v="Phố Yên Lạc" />
    <tag k="name:en" v="Yen Lac Street" />
    <tag k="surface" v="asphalt" />
  </way>
  <way id="505717903" version="15" timestamp="2026-04-27T13:35:28Z" changeset="181891442" uid="23326231" user="Vmosnokia31">
    <nd ref="5710080967" />
    <nd ref="10284870825" />
    <nd ref="4955947875" />
    <nd ref="7842197879" />
    <nd ref="8071657007" />
    <nd ref="10284870828" />
    <nd ref="7842197884" />
    <nd ref="4955947869" />
    <nd ref="8819653568" />
    <tag k="highway" v="tertiary" />
    <tag k="lanes" v="4" />
    <tag k="maxspeed" v="30" />
    <tag k="name" v="Đường Số 1 Times City - 458 Minh Khai" />
    <tag k="name:en" v="Road Number 1 Times City - 458 Minh Khai" />
    <tag k="surface" v="asphalt" />
  </way>
  <way id="505717905" version="5" timestamp="2022-10-29T13:21:50Z" changeset="128211214" uid="11691953" user="ItsLouisAnderson">
    <nd ref="4955947893" />
    <nd ref="4955947892" />
    <nd ref="4955947891" />
    <tag k="highway" v="primary_link" />
    <tag k="lanes" v="1" />
    <tag k="oneway" v="yes" />
    <tag k="surface" v="asphalt" />
  </way>
  <way id="505717907" version="5" timestamp="2025-01-30T13:26:09Z" changeset="161937505" uid="11691953" user="ItsLouisAnderson">
    <nd ref="4955947897" />
    <nd ref="6684880033" />
    <nd ref="6684880035" />
    <nd ref="4955947895" />
    <nd ref="2953971627" />
    <tag k="highway" v="primary_link" />
    <tag k="lanes" v="1" />
    <tag k="oneway" v="yes" />
    <tag k="surface" v="asphalt" />
  </way>
  <way id="505717909" version="21" timestamp="2026-05-10T08:56:38Z" changeset="182455948" uid="23326231" user="Vmosnokia31">
    <nd ref="282890366" />
    <nd ref="5845486385" />
    <nd ref="282889845" />
    <nd ref="6684929540" />
    <nd ref="13813226823" />
    <nd ref="13813226821" />
    <nd ref="5707821263" />
    <nd ref="10139175320" />
    <nd ref="110375590" />
    <tag k="highway" v="residential" />
    <tag k="lanes" v="2" />
    <tag k="name" v="Ngõ 622 Phố Minh Khai" />
    <tag k="surface" v="asphalt" />
  </way>
  <way id="505717911" version="18" timestamp="2026-06-10T09:20:10Z" changeset="183912581" uid="11196308" user="vietnam321">
    <nd ref="4955947880" />
    <nd ref="5707821261" />
    <nd ref="4955947903" />
    <nd ref="13813225546" />
    <nd ref="13813225542" />
    <nd ref="13159227284" />
    <nd ref="110375590" />
    <tag k="cycleway:right" v="shared_lane" />
    <tag k="highway" v="primary" />
    <tag k="lanes" v="2" />
    <tag k="lit" v="yes" />
    <tag k="name" v="Phố Minh Khai" />
    <tag k="name:en" v="Minh Khai Street" />
    <tag k="name:etymology:wikidata" v="Q7022971" />
    <tag k="oneway" v="yes" />
    <tag k="surface" v="asphalt" />
  </way>
  <way id="505717914" version="16" timestamp="2025-07-02T09:12:45Z" changeset="168388240" uid="3323343" user="phoenixsaigon1698">
    <nd ref="317910213" />
    <nd ref="12543711238" />
    <nd ref="12969157888" />
    <nd ref="4955947909" />
    <nd ref="12543711239" />
    <nd ref="12543711240" />
    <nd ref="5845486477" />
    <nd ref="4955947908" />
    <nd ref="4955947907" />
    <tag k="access" v="no" />
    <tag k="highway" v="primary" />
    <tag k="junction" v="roundabout" />
    <tag k="lanes" v="1" />
    <tag k="note" v="Đóng một nửa vòng xuyến chân cầu Vĩnh Tuy từ tháng 2 năm 2023, không cho các phương tiện quay đầu, rẽ trái đi phố Minh Khai, Lạc Trung." />
    <tag k="oneway" v="yes" />
    <tag k="surface" v="asphalt" />
  </way>
  <way id="546946348" version="9" timestamp="2023-07-04T14:37:51Z" changeset="138111185" uid="11196308" user="vietnam321">
    <nd ref="4955947892" />
    <nd ref="10139175352" />
    <nd ref="5285071928" />
    <nd ref="5285071929" />
    <nd ref="9417211700" />
    <nd ref="5704543889" />
    <nd ref="5285071930" />
    <nd ref="5704562304" />
    <nd ref="5285071940" />
    <nd ref="5704543886" />
    <nd ref="5704543888" />
    <nd ref="10139175323" />
    <nd ref="5704543887" />
    <tag k="highway" v="residential" />
    <tag k="name" v="Phố Vĩnh Tuy" />
    <tag k="surface" v="asphalt" />
  </way>
  <way id="546946350" version="8" timestamp="2025-09-27T16:57:10Z" changeset="172535003" uid="22065819" user="Hung159">
    <nd ref="5285071941" />
    <nd ref="5285071956" />
    <nd ref="5704144785" />
    <tag k="highway" v="service" />
    <tag k="name" v="Ngách 61/15 Phố Lạc Trung" />
    <tag k="service" v="alley" />
    <tag k="surface" v="concrete" />
  </way>
  <way id="589521894" version="8" timestamp="2024-03-09T02:02:30Z" changeset="148407233" uid="3323343" user="phoenixsaigon1698">
    <nd ref="5629422874" />
    <nd ref="6684871873" />
    <nd ref="5710080995" />
    <nd ref="6684871870" />
    <nd ref="6684871868" />
    <nd ref="5629422912" />
    <tag k="highway" v="residential" />
    <tag k="lanes" v="2" />
    <tag k="name" v="Đường Số 7 Times City" />
    <tag k="surface" v="asphalt" />
  </way>
  <way id="589521895" version="11" timestamp="2026-04-27T13:35:28Z" changeset="181891442" uid="23326231" user="Vmosnokia31">
    <nd ref="5629422913" />
    <nd ref="12185361751" />
    <nd ref="6684871875" />
    <nd ref="5629422871" />
    <tag k="highway" v="tertiary" />
    <tag k="lanes" v="2" />
    <tag k="name" v="Đường Số 7 Times City" />
    <tag k="name:en" v="Road Number 7 Times City" />
    <tag k="surface" v="asphalt" />
  </way>
  <way id="589521896" version="6" timestamp="2025-03-19T12:21:49Z" changeset="163814962" uid="20881381" user="edumiz624">
    <nd ref="5629422874" />
    <nd ref="5629422873" />
    <nd ref="6684828758" />
    <nd ref="5629422869" />
    <nd ref="6684828759" />
    <nd ref="5629422872" />
    <tag k="highway" v="tertiary" />
    <tag k="junction" v="roundabout" />
    <tag k="lanes" v="2" />
    <tag k="oneway" v="yes" />
    <tag k="surface" v="asphalt" />
  </way>
  <way id="589521899" version="8" timestamp="2026-06-10T09:20:10Z" changeset="183912581" uid="11196308" user="vietnam321">
    <nd ref="5629422884" />
    <nd ref="9055631299" />
    <nd ref="4955947880" />
    <tag k="highway" v="primary" />
    <tag k="lanes" v="2" />
    <tag k="lit" v="yes" />
    <tag k="name" v="Phố Minh Khai" />
    <tag k="name:en" v="Minh Khai Street" />
    <tag k="name:etymology:wikidata" v="Q7022971" />
    <tag k="oneway" v="yes" />
    <tag k="surface" v="asphalt" />
  </way>
  <way id="589521900" version="12" timestamp="2026-06-10T09:20:10Z" changeset="183912581" uid="11196308" user="vietnam321">
    <nd ref="11046698473" />
    <nd ref="4955947878" />
    <tag k="highway" v="primary" />
    <tag k="lanes" v="2" />
    <tag k="lit" v="yes" />
    <tag k="name" v="Phố Minh Khai" />
    <tag k="name:en" v="Minh Khai Street" />
    <tag k="name:etymology:wikidata" v="Q7022971" />
    <tag k="oneway" v="yes" />
    <tag k="surface" v="asphalt" />
  </way>
  <way id="589521904" version="13" timestamp="2026-04-27T13:35:28Z" changeset="181891442" uid="23326231" user="Vmosnokia31">
    <nd ref="4955947860" />
    <nd ref="12164681272" />
    <nd ref="10284870822" />
    <nd ref="4022914505" />
    <nd ref="11289952329" />
    <nd ref="5629422903" />
    <tag k="highway" v="residential" />
    <tag k="lanes" v="2" />
    <tag k="name" v="Đường Số 2 Times City" />
    <tag k="name:en" v="Road Number 2 Times City" />
    <tag k="surface" v="asphalt" />
  </way>
  <way id="589521906" version="10" timestamp="2026-04-27T13:35:28Z" changeset="181891442" uid="23326231" user="Vmosnokia31">
    <nd ref="5629422887" />
    <nd ref="10284870939" />
    <nd ref="10139175543" />
    <nd ref="4955947860" />
    <tag k="highway" v="tertiary" />
    <tag k="name" v="Đường Số 2 Times City" />
    <tag k="name:en" v="Road Number 2 Times City" />
    <tag k="surface" v="asphalt" />
  </way>
  <way id="589521911" version="4" timestamp="2023-09-07T05:46:50Z" changeset="140922180" uid="11691953" user="ItsLouisAnderson">
    <nd ref="4955947869" />
    <nd ref="10284859800" />
    <nd ref="5629422890" />
    <nd ref="5629422889" />
    <nd ref="11173421914" />
    <nd ref="5629422888" />
    <tag k="highway" v="service" />
    <tag k="surface" v="asphalt" />
  </way>
  <way id="589521913" version="6" timestamp="2026-05-04T10:20:51Z" changeset="182197444" uid="23326231" user="Vmosnokia31">
    <nd ref="5629422892" />
    <nd ref="12098983479" />
    <nd ref="5629422891" />
    <tag k="highway" v="residential" />
    <tag k="name" v="Lối vào sảnh tòa T4 &amp; T3" />
    <tag k="surface" v="asphalt" />
  </way>
  <way id="589521914" version="6" timestamp="2026-05-04T10:20:51Z" changeset="182197444" uid="23326231" user="Vmosnokia31">
    <nd ref="5629422894" />
    <nd ref="12098983478" />
    <nd ref="5629422893" />
    <tag k="highway" v="residential" />
    <tag k="name" v="Lối vào sảnh tòa T1 &amp; T2" />
    <tag k="surface" v="asphalt" />
  </way>
  <way id="589521915" version="6" timestamp="2026-05-04T10:20:51Z" changeset="182197444" uid="23326231" user="Vmosnokia31">
    <nd ref="4022914505" />
    <nd ref="10284870903" />
    <nd ref="5629422895" />
    <tag k="highway" v="residential" />
    <tag k="name" v="Lối vào sảnh tòa T5" />
  </way>
  <way id="589521917" version="6" timestamp="2026-05-04T10:20:51Z" changeset="182197444" uid="23326231" user="Vmosnokia31">
    <nd ref="5629422898" />
    <nd ref="10284870902" />
    <nd ref="5629422897" />
    <tag k="highway" v="residential" />
    <tag k="name" v="Lối vào sảnh tòa T7 &amp; T6" />
    <tag k="surface" v="asphalt" />
  </way>
  <way id="589521918" version="6" timestamp="2026-05-04T10:20:51Z" changeset="182197444" uid="23326231" user="Vmosnokia31">
    <nd ref="5629422900" />
    <nd ref="12098983476" />
    <nd ref="5739101752" />
    <tag k="highway" v="residential" />
    <tag k="name" v="Lối vào sảnh tòa T8 &amp; T9" />
    <tag k="surface" v="asphalt" />
  </way>
  <way id="589521919" version="6" timestamp="2026-05-04T10:20:51Z" changeset="182197444" uid="23326231" user="Vmosnokia31">
    <nd ref="5629422902" />
    <nd ref="10284870900" />
    <nd ref="5629422901" />
    <tag k="highway" v="residential" />
    <tag k="name" v="Lối vào sảnh tòa T10" />
    <tag k="surface" v="asphalt" />
  </way>
  <way id="589521937" version="3" timestamp="2020-10-04T08:43:42Z" changeset="91924239" uid="11691953" user="ItsLouisAnderson">
    <nd ref="5629423378" />
    <nd ref="5629423377" />
    <nd ref="5629423376" />
    <nd ref="5629423375" />
    <nd ref="5629423378" />
    <tag k="building" v="school" />
    <tag k="building:levels" v="5" />
  </way>
  <way id="589521940" version="5" timestamp="2026-06-22T08:02:04Z" changeset="184419674" uid="23326231" user="Vmosnokia31">
    <nd ref="5629423408" />
    <nd ref="5629423407" />
    <nd ref="5629423406" />
    <nd ref="5629423405" />
    <nd ref="5629423408" />
    <tag k="addr:housenumber" v="T1" />
    <tag k="building" v="apartments" />
    <tag k="building:levels" v="27" />
    <tag k="name" v="T1" />
  </way>
  <way id="589521941" version="5" timestamp="2026-06-22T08:02:04Z" changeset="184419674" uid="23326231" user="Vmosnokia31">
    <nd ref="5629423412" />
    <nd ref="5629423411" />
    <nd ref="5629423410" />
    <nd ref="5629423409" />
    <nd ref="5629423412" />
    <tag k="addr:housenumber" v="T5" />
    <tag k="building" v="apartments" />
    <tag k="building:levels" v="27" />
    <tag k="name" v="T5" />
  </way>
  <way id="589521942" version="5" timestamp="2026-06-22T08:02:04Z" changeset="184419674" uid="23326231" user="Vmosnokia31">
    <nd ref="5629423416" />
    <nd ref="5629423415" />
    <nd ref="5629423414" />
    <nd ref="5629423413" />
    <nd ref="5629423416" />
    <tag k="addr:housenumber" v="T7" />
    <tag k="building" v="apartments" />
    <tag k="building:levels" v="27" />
    <tag k="name" v="T7" />
  </way>
  <way id="589521943" version="6" timestamp="2026-06-22T08:02:04Z" changeset="184419674" uid="23326231" user="Vmosnokia31">
    <nd ref="5629423420" />
    <nd ref="5629423419" />
    <nd ref="5629423418" />
    <nd ref="12323676005" />
    <nd ref="5629423417" />
    <nd ref="5629423420" />
    <tag k="addr:housenumber" v="T6" />
    <tag k="building" v="apartments" />
    <tag k="building:levels" v="27" />
    <tag k="name" v="T6" />
  </way>
  <way id="589521944" version="5" timestamp="2026-06-22T08:02:04Z" changeset="184419674" uid="23326231" user="Vmosnokia31">
    <nd ref="5629423524" />
    <nd ref="5629423523" />
    <nd ref="5629423522" />
    <nd ref="5629423521" />
    <nd ref="5629423524" />
    <tag k="addr:housenumber" v="T2" />
    <tag k="building" v="apartments" />
    <tag k="building:levels" v="31" />
    <tag k="name" v="T2" />
  </way>
  <way id="589521945" version="5" timestamp="2026-06-22T08:02:04Z" changeset="184419674" uid="23326231" user="Vmosnokia31">
    <nd ref="5629423528" />
    <nd ref="5629423527" />
    <nd ref="5629423526" />
    <nd ref="5629423525" />
    <nd ref="5629423528" />
    <tag k="addr:housenumber" v="T3" />
    <tag k="building" v="apartments" />
    <tag k="building:levels" v="31" />
    <tag k="name" v="T3" />
  </way>
  <way id="589521958" version="5" timestamp="2026-06-22T08:02:04Z" changeset="184419674" uid="23326231" user="Vmosnokia31">
    <nd ref="5629423642" />
    <nd ref="5629423641" />
    <nd ref="5629423640" />
    <nd ref="5629423639" />
    <nd ref="5629423642" />
    <tag k="addr:housenumber" v="T4" />
    <tag k="building" v="apartments" />
    <tag k="building:levels" v="27" />
    <tag k="name" v="T4" />
  </way>
  <way id="589521959" version="3" timestamp="2026-06-22T08:02:04Z" changeset="184419674" uid="23326231" user="Vmosnokia31">
    <nd ref="5629423646" />
    <nd ref="5629423645" />
    <nd ref="5629423644" />
    <nd ref="5629423643" />
    <nd ref="5629423646" />
    <tag k="addr:housenumber" v="T9" />
    <tag k="building" v="apartments" />
    <tag k="building:levels" v="32" />
    <tag k="name" v="T9" />
  </way>
  <way id="589521960" version="3" timestamp="2026-06-22T08:02:04Z" changeset="184419674" uid="23326231" user="Vmosnokia31">
    <nd ref="5629423650" />
    <nd ref="5629423649" />
    <nd ref="5629423648" />
    <nd ref="5629423647" />
    <nd ref="5629423650" />
    <tag k="addr:housenumber" v="T8" />
    <tag k="building" v="apartments" />
    <tag k="building:levels" v="32" />
    <tag k="name" v="T8" />
  </way>
  <way id="589521961" version="3" timestamp="2026-06-22T08:02:04Z" changeset="184419674" uid="23326231" user="Vmosnokia31">
    <nd ref="5629423654" />
    <nd ref="5629423653" />
    <nd ref="5629423652" />
    <nd ref="5629423651" />
    <nd ref="5629423654" />
    <tag k="addr:housenumber" v="T10" />
    <tag k="building" v="apartments" />
    <tag k="building:levels" v="27" />
    <tag k="name" v="T10" />
  </way>
  <way id="589521962" version="3" timestamp="2026-06-22T08:02:04Z" changeset="184419674" uid="23326231" user="Vmosnokia31">
    <nd ref="5629423656" />
    <nd ref="5629423655" />
    <nd ref="5629423657" />
    <nd ref="5629423658" />
    <nd ref="5629423656" />
    <tag k="addr:housenumber" v="T11" />
    <tag k="building" v="apartments" />
    <tag k="building:levels" v="27" />
    <tag k="name" v="T11" />
  </way>
  <way id="591087602" version="2" timestamp="2023-09-08T14:35:52Z" changeset="140989933" uid="11691953" user="ItsLouisAnderson">
    <nd ref="5642645715" />
    <nd ref="5642645716" />
    <nd ref="5642645717" />
    <nd ref="5642645718" />
    <nd ref="5642645719" />
    <nd ref="5642645720" />
    <nd ref="5642646221" />
    <nd ref="5642646222" />
    <nd ref="5642646223" />
    <nd ref="5642646224" />
    <nd ref="5642646225" />
    <nd ref="5642646226" />
    <nd ref="5642646236" />
    <nd ref="5642646235" />
    <nd ref="5642646234" />
    <nd ref="5642646233" />
    <nd ref="5642646232" />
    <nd ref="5642646231" />
    <nd ref="5642646230" />
    <nd ref="5642646229" />
    <nd ref="5642646228" />
    <nd ref="5642646227" />
    <nd ref="5642645715" />
    <tag k="building" v="yes" />
  </way>
  <way id="597148541" version="5" timestamp="2024-06-30T01:40:38Z" changeset="153352705" uid="3323343" user="phoenixsaigon1698">
    <nd ref="5686672059" />
    <nd ref="5721862023" />
    <nd ref="10254845842" />
    <nd ref="5686672058" />
    <tag k="highway" v="service" />
    <tag k="name" v="Ngõ 90 Phố Yên Lạc" />
    <tag k="service" v="alley" />
    <tag k="surface" v="asphalt" />
  </way>
  <way id="597148542" version="5" timestamp="2024-10-28T07:17:57Z" changeset="158442125" uid="3323343" user="phoenixsaigon1698">
    <nd ref="5686672060" />
    <nd ref="5686672059" />
    <tag k="highway" v="service" />
    <tag k="name" v="Ngõ 90 Phố Yên Lạc" />
    <tag k="service" v="alley" />
    <tag k="surface" v="asphalt" />
  </way>
  <way id="597148543" version="5" timestamp="2025-09-27T16:57:10Z" changeset="172535003" uid="22065819" user="Hung159">
    <nd ref="5686672064" />
    <nd ref="5686672063" />
    <nd ref="5686672059" />
    <nd ref="5686672062" />
    <nd ref="5686672061" />
    <tag k="highway" v="service" />
    <tag k="name" v="Ngõ 116 Phố Yên Lạc" />
    <tag k="service" v="alley" />
    <tag k="surface" v="asphalt" />
  </way>
  <way id="597148544" version="5" timestamp="2025-09-27T16:57:10Z" changeset="172535003" uid="22065819" user="Hung159">
    <nd ref="5686672066" />
    <nd ref="5686672061" />
    <nd ref="5686672065" />
    <tag k="highway" v="service" />
    <tag k="name" v="Ngõ 66 Phố Yên Lạc" />
    <tag k="service" v="alley" />
    <tag k="surface" v="concrete" />
  </way>
  <way id="597148545" version="5" timestamp="2022-12-09T09:52:52Z" changeset="129893341" uid="17344224" user="Arkskyle">
    <nd ref="317910529" />
    <nd ref="5686672068" />
    <nd ref="5686672069" />
    <nd ref="10137756378" />
    <nd ref="5686672070" />
    <tag k="highway" v="service" />
    <tag k="surface" v="asphalt" />
  </way>
  <way id="597148549" version="6" timestamp="2025-11-23T07:19:27Z" changeset="175014967" uid="20910140" user="Hung Tran 9x0">
    <nd ref="5686672079" />
    <nd ref="5686672071" />
    <nd ref="5721861418" />
    <nd ref="5686672078" />
    <nd ref="8265789301" />
    <nd ref="5721861420" />
    <nd ref="10254872518" />
    <tag k="highway" v="service" />
    <tag k="name" v="Ngõ 19 Phố Lạc Trung" />
    <tag k="service" v="alley" />
  </way>
  <way id="597572281" version="7" timestamp="2025-09-25T14:43:38Z" changeset="172444020" uid="22065819" user="Hung159">
    <nd ref="5689431211" />
    <nd ref="8265788984" />
    <nd ref="5689431209" />
    <nd ref="5689431208" />
    <tag k="highway" v="service" />
    <tag k="name" v="Ngõ 52 Phố Yên Lạc" />
    <tag k="service" v="alley" />
    <tag k="surface" v="concrete" />
  </way>
  <way id="597572282" version="9" timestamp="2026-02-08T05:15:47Z" changeset="178252551" uid="11141338" user="FanaticAir75626">
    <nd ref="8265789004" />
    <nd ref="8265789002" />
    <nd ref="5689431214" />
    <nd ref="8265788978" />
    <nd ref="8265788986" />
    <nd ref="5709913428" />
    <nd ref="5689431212" />
    <nd ref="5709913432" />
    <nd ref="8265788946" />
    <nd ref="10137745303" />
    <nd ref="5689431213" />
    <tag k="highway" v="service" />
    <tag k="lanes" v="1" />
    <tag k="name" v="Ngõ 559 Phố Kim Ngưu" />
    <tag k="service" v="alley" />
    <tag k="surface" v="asphalt" />
  </way>
  <way id="597668033" version="3" timestamp="2024-11-07T15:22:54Z" changeset="158860536" uid="3323343" user="phoenixsaigon1698">
    <nd ref="5689955829" />
    <nd ref="5709990978" />
    <tag k="highway" v="residential" />
  </way>
  <way id="597668034" version="2" timestamp="2024-11-07T15:22:54Z" changeset="158860536" uid="3323343" user="phoenixsaigon1698">
    <nd ref="5689955834" />
    <nd ref="5689955827" />
    <tag k="highway" v="residential" />
  </way>
  <way id="597668037" version="5" timestamp="2019-08-05T21:43:50Z" changeset="73041249" uid="6980194" user="mama_bear">
    <nd ref="5689955825" />
    <nd ref="5689955829" />
    <nd ref="5689955834" />
    <nd ref="5689955836" />
    <tag k="highway" v="residential" />
  </way>
  <way id="597668047" version="7" timestamp="2025-08-15T15:09:58Z" changeset="170485613" uid="20910140" user="Hung Tran 9x0">
    <nd ref="8265788944" />
    <nd ref="8265788945" />
    <nd ref="11428072098" />
    <nd ref="13072693839" />
    <tag k="access" v="private" />
    <tag k="highway" v="service" />
    <tag k="surface" v="asphalt" />
  </way>
  <way id="597668052" version="10" timestamp="2026-04-25T18:41:38Z" changeset="181819167" uid="23326231" user="Vmosnokia31">
    <nd ref="13761406824" />
    <nd ref="5689955863" />
    <nd ref="13761406830" />
    <nd ref="5709990987" />
    <nd ref="5709990986" />
    <nd ref="13511235179" />
    <nd ref="5689955862" />
    <tag k="highway" v="residential" />
    <tag k="name" v="Ngõ 87 Đường Tam Trinh" />
    <tag k="surface" v="asphalt" />
  </way>
  <way id="597668071" version="7" timestamp="2026-04-25T18:41:38Z" changeset="181819167" uid="23326231" user="Vmosnokia31">
    <nd ref="5689955891" />
    <nd ref="13511235178" />
    <nd ref="5689955890" />
    <tag k="highway" v="residential" />
    <tag k="name" v="Ngõ 75 Đường Tam Trinh" />
    <tag k="surface" v="asphalt" />
  </way>
  <way id="597668073" version="5" timestamp="2024-10-03T08:10:17Z" changeset="157407130" uid="21825758" user="GrabVN_HHanh">
    <nd ref="5835644944" />
    <nd ref="8830914507" />
    <nd ref="8830914506" />
    <nd ref="5689955894" />
    <nd ref="8830914505" />
    <nd ref="5689955890" />
    <nd ref="8830914513" />
    <nd ref="8830914512" />
    <nd ref="5689955893" />
    <nd ref="8830914511" />
    <nd ref="5835644947" />
    <nd ref="5835644946" />
    <nd ref="5835644945" />
    <nd ref="8830914510" />
    <nd ref="8830914509" />
    <nd ref="5835644944" />
    <tag k="highway" v="residential" />
    <tag k="oneway" v="yes" />
  </way>
  <way id="597668119" version="14" timestamp="2026-06-10T09:20:10Z" changeset="183912581" uid="11196308" user="vietnam321">
    <nd ref="5689955918" />
    <nd ref="4955947885" />
    <nd ref="11442636948" />
    <nd ref="5689955830" />
    <nd ref="4955947884" />
    <nd ref="11046698474" />
    <nd ref="8486580925" />
    <nd ref="5629422885" />
    <tag k="highway" v="primary" />
    <tag k="lanes" v="2" />
    <tag k="lit" v="yes" />
    <tag k="name" v="Phố Minh Khai" />
    <tag k="name:en" v="Minh Khai Street" />
    <tag k="name:etymology:wikidata" v="Q7022971" />
    <tag k="oneway" v="yes" />
    <tag k="surface" v="asphalt" />
  </way>
  <way id="598694080" version="15" timestamp="2026-07-18T10:16:30Z" changeset="185949488" uid="23326231" user="Vmosnokia31">
    <nd ref="5698240885" />
    <nd ref="13511235184" />
    <nd ref="13761406954" />
    <nd ref="5698240884" />
    <nd ref="5698240883" />
    <nd ref="5698240861" />
    <nd ref="5710043977" />
    <nd ref="5709990983" />
    <nd ref="13761406891" />
    <nd ref="7097889624" />
    <nd ref="12155254871" />
    <nd ref="5710043976" />
    <nd ref="13761406885" />
    <nd ref="13761406883" />
    <nd ref="13761406934" />
    <nd ref="8265778885" />
    <nd ref="13761406929" />
    <nd ref="5698240882" />
    <nd ref="7097889627" />
    <nd ref="13761406855" />
    <nd ref="8265778881" />
    <nd ref="13761406926" />
    <nd ref="8265778895" />
    <nd ref="7097889628" />
    <nd ref="12155254863" />
    <nd ref="12155254862" />
    <nd ref="12155254860" />
    <nd ref="13761406879" />
    <nd ref="13761406880" />
    <nd ref="13761406881" />
    <tag k="highway" v="service" />
    <tag k="name" v="Ngõ 139 Đường Tam Trinh" />
    <tag k="service" v="alley" />
    <tag k="source" v="https://www.streetview.vn/?picId=daeb6614-de10-4600-bdd9-28499c25048d&amp;lat=20.993163795&amp;lng=105.865597718&amp;yaw=244&amp;pitch=-18" />
    <tag k="surface" v="asphalt" />
  </way>
  <way id="598694081" version="3" timestamp="2023-07-28T14:15:49Z" changeset="139138041" uid="14391469" user="violettas_grab">
    <nd ref="5698240887" />
    <nd ref="5698240886" />
    <nd ref="5698240889" />
    <tag k="highway" v="residential" />
  </way>
  <way id="598694082" version="6" timestamp="2026-01-30T05:20:30Z" changeset="177874163" uid="23326231" user="Vmosnokia31">
    <nd ref="5698240890" />
    <nd ref="13511235181" />
    <nd ref="5698240889" />
    <nd ref="5698240888" />
    <nd ref="5698240887" />
    <tag k="highway" v="residential" />
    <tag k="surface" v="asphalt" />
  </way>
  <way id="599562207" version="4" timestamp="2026-02-08T05:15:47Z" changeset="178252551" uid="11141338" user="FanaticAir75626">
    <nd ref="13533539888" />
    <nd ref="5703980375" />
    <nd ref="5721862025" />
    <tag k="highway" v="service" />
  </way>
  <way id="599562209" version="10" timestamp="2026-05-23T05:17:22Z" changeset="183050569" uid="20910140" user="Hung Tran 9x0">
    <nd ref="2294389041" />
    <nd ref="13533539893" />
    <nd ref="6667971393" />
    <nd ref="2294389043" />
    <nd ref="9712039724" />
    <nd ref="2294389040" />
    <nd ref="12320840503" />
    <nd ref="2294389036" />
    <tag k="highway" v="service" />
    <tag k="surface" v="asphalt" />
  </way>
  <way id="599562211" version="5" timestamp="2026-01-05T03:25:25Z" changeset="176843968" uid="21825913" user="map_newbie_206">
    <nd ref="5703980382" />
    <nd ref="10137756380" />
    <nd ref="5703980381" />
    <nd ref="5703980380" />
    <tag k="highway" v="service" />
    <tag k="surface" v="asphalt" />
  </way>
  <way id="599594528" version="5" timestamp="2025-06-05T07:34:57Z" changeset="167208923" uid="3323343" user="phoenixsaigon1698">
    <nd ref="5704144784" />
    <nd ref="6668068893" />
    <nd ref="12888207314" />
    <nd ref="5704144783" />
    <tag k="highway" v="service" />
    <tag k="name" v="Ngách 61/25 Lạc Trung" />
    <tag k="service" v="alley" />
    <tag k="surface" v="asphalt" />
  </way>
  <way id="599594530" version="3" timestamp="2024-06-30T01:40:38Z" changeset="153352705" uid="3323343" user="phoenixsaigon1698">
    <nd ref="5704144786" />
    <nd ref="5704144784" />
    <nd ref="5704144785" />
    <tag k="highway" v="service" />
    <tag k="service" v="alley" />
    <tag k="surface" v="concrete" />
  </way>
  <way id="599594532" version="2" timestamp="2019-07-31T20:30:00Z" changeset="72872200" uid="10028130" user="Solra">
    <nd ref="5704144788" />
    <nd ref="5704144787" />
    <tag k="highway" v="service" />
    <tag k="surface" v="concrete" />
  </way>
  <way id="599594534" version="3" timestamp="2024-11-07T15:22:54Z" changeset="158860536" uid="3323343" user="phoenixsaigon1698">
    <nd ref="5704144793" />
    <nd ref="5704144787" />
    <nd ref="5704144789" />
    <tag k="highway" v="service" />
    <tag k="surface" v="concrete" />
  </way>
  <way id="599594536" version="4" timestamp="2024-11-07T15:22:54Z" changeset="158860536" uid="3323343" user="phoenixsaigon1698">
    <nd ref="5704144794" />
    <nd ref="5704144793" />
    <nd ref="12293322784" />
    <nd ref="5704144792" />
    <nd ref="5704144791" />
    <nd ref="5704144788" />
    <nd ref="12320800700" />
    <nd ref="5704144789" />
    <tag k="highway" v="service" />
    <tag k="surface" v="concrete" />
  </way>
  <way id="599594538" version="2" timestamp="2019-07-31T21:12:57Z" changeset="72873292" uid="10028130" user="Solra">
    <nd ref="5704144796" />
    <nd ref="5704144795" />
    <nd ref="5704144810" />
    <tag k="highway" v="service" />
    <tag k="surface" v="concrete" />
  </way>
  <way id="599594540" version="8" timestamp="2026-09-15T00:57:38Z" changeset="189037087" uid="3323343" user="phoenixsaigon1698">
    <nd ref="13176982734" />
    <nd ref="10139175350" />
    <nd ref="5704144797" />
    <tag k="highway" v="service" />
    <tag k="name" v="Ngõ 780 Minh Khai" />
    <tag k="name:en" v="Alley 780 Minh Khai" />
    <tag k="name:vi" v="Ngõ 780 Minh Khai" />
    <tag k="surface" v="asphalt" />
  </way>
  <way id="599594542" version="9" timestamp="2026-06-10T09:20:10Z" changeset="183912581" uid="11196308" user="vietnam321">
    <nd ref="4955947899" />
    <nd ref="10137756394" />
    <nd ref="10137756395" />
    <nd ref="4955947897" />
    <tag k="highway" v="secondary" />
    <tag k="lanes" v="1" />
    <tag k="name" v="Phố Minh Khai" />
    <tag k="name:en" v="Minh Khai Street" />
    <tag k="name:etymology:wikidata" v="Q7022971" />
    <tag k="oneway" v="yes" />
    <tag k="surface" v="asphalt" />
  </way>
  <way id="599594544" version="2" timestamp="2019-07-31T21:12:57Z" changeset="72873292" uid="10028130" user="Solra">
    <nd ref="5704144810" />
    <nd ref="5704153621" />
    <tag k="highway" v="service" />
    <tag k="surface" v="concrete" />
  </way>
  <way id="599594546" version="6" timestamp="2025-09-27T16:57:10Z" changeset="172535003" uid="22065819" user="Hung159">
    <nd ref="8265789347" />
    <nd ref="282889741" />
    <tag k="highway" v="service" />
    <tag k="name" v="Ngõ 37 Phố Mạc Thị Bưởi" />
    <tag k="service" v="alley" />
    <tag k="surface" v="concrete" />
  </way>
  <way id="599594547" version="5" timestamp="2022-10-29T13:21:50Z" changeset="128211214" uid="11691953" user="ItsLouisAnderson">
    <nd ref="5704144814" />
    <nd ref="8831281020" />
    <nd ref="10137756409" />
    <nd ref="5704144808" />
    <tag k="highway" v="service" />
    <tag k="surface" v="concrete" />
  </way>
  <way id="599594549" version="3" timestamp="2024-06-30T14:45:22Z" changeset="153372687" uid="3323343" user="phoenixsaigon1698">
    <nd ref="5704144816" />
    <nd ref="10137756383" />
    <nd ref="12022901714" />
    <tag k="highway" v="service" />
  </way>
  <way id="599594551" version="3" timestamp="2024-06-30T01:40:38Z" changeset="153352705" uid="3323343" user="phoenixsaigon1698">
    <nd ref="5704144817" />
    <nd ref="5704144819" />
    <nd ref="10137756384" />
    <nd ref="5704144818" />
    <tag k="highway" v="service" />
  </way>
  <way id="599594553" version="3" timestamp="2019-08-07T13:28:32Z" changeset="73112441" uid="9965337" user="ReedtheRiver">
    <nd ref="5704153621" />
    <nd ref="5704153623" />
    <nd ref="5704144796" />
    <nd ref="2294389052" />
    <tag k="highway" v="service" />
    <tag k="surface" v="concrete" />
  </way>
  <way id="599594554" version="5" timestamp="2024-11-07T15:22:54Z" changeset="158860536" uid="3323343" user="phoenixsaigon1698">
    <nd ref="5704153625" />
    <nd ref="12320840502" />
    <nd ref="12320840501" />
    <nd ref="282889392" />
    <tag k="highway" v="service" />
    <tag k="surface" v="gravel" />
  </way>
  <way id="599594556" version="4" timestamp="2024-11-07T15:22:54Z" changeset="158860536" uid="3323343" user="phoenixsaigon1698">
    <nd ref="5703980379" />
    <nd ref="2294389045" />
    <tag k="highway" v="service" />
    <tag k="service" v="alley" />
    <tag k="surface" v="asphalt" />
  </way>
  <way id="599619351" version="8" timestamp="2024-06-30T14:45:22Z" changeset="153372687" uid="3323343" user="phoenixsaigon1698">
    <nd ref="5704543889" />
    <nd ref="4955948030" />
    <nd ref="12021450386" />
    <nd ref="4955948029" />
    <tag k="highway" v="service" />
    <tag k="name" v="Ngõ 29 Phố Vĩnh Tuy" />
    <tag k="service" v="alley" />
    <tag k="surface" v="asphalt" />
  </way>
  <way id="599619352" version="3" timestamp="2025-08-22T15:19:18Z" changeset="170838172" uid="20910140" user="Hung Tran 9x0">
    <nd ref="12107190555" />
    <nd ref="12107190556" />
    <nd ref="12107190554" />
    <nd ref="5704267781" />
    <nd ref="13089371175" />
    <nd ref="282889278" />
    <tag k="highway" v="service" />
    <tag k="name" v="Ngách 61/37 Phố Lạc Trung" />
  </way>
  <way id="599619353" version="7" timestamp="2025-09-28T15:33:19Z" changeset="172572434" uid="22065819" user="Hung159">
    <nd ref="5704267784" />
    <nd ref="10137756410" />
    <nd ref="5704267783" />
    <tag k="highway" v="service" />
    <tag k="surface" v="concrete" />
  </way>
  <way id="599619354" version="3" timestamp="2024-06-30T01:40:38Z" changeset="153352705" uid="3323343" user="phoenixsaigon1698">
    <nd ref="5704267787" />
    <nd ref="5704267786" />
    <tag k="bicycle" v="yes" />
    <tag k="highway" v="service" />
    <tag k="moped" v="yes" />
    <tag k="motor_vehicle" v="no" />
    <tag k="motorcycle" v="yes" />
    <tag k="narrow" v="yes" />
    <tag k="service" v="alley" />
    <tag k="surface" v="asphalt" />
  </way>
  <way id="599646640" version="4" timestamp="2025-09-27T16:57:10Z" changeset="172535003" uid="22065819" user="Hung159">
    <nd ref="282889393" />
    <nd ref="10137756359" />
    <nd ref="282889553" />
    <tag k="highway" v="residential" />
    <tag k="name" v="Ngõ 230 Phố Lạc Trung" />
    <tag k="surface" v="asphalt" />
  </way>
  <way id="599670430" version="12" timestamp="2026-04-07T00:02:50Z" changeset="180973222" uid="16014056" user="Trần Thanh Tuấn">
    <nd ref="5704543866" />
    <nd ref="7604911961" />
    <nd ref="7604911960" />
    <nd ref="10885853123" />
    <nd ref="5704543865" />
    <nd ref="7604911959" />
    <nd ref="5704543864" />
    <nd ref="5704543863" />
    <nd ref="5703895543" />
    <tag k="highway" v="residential" />
    <tag k="name" v="Đường Nguyễn Khoái" />
    <tag k="name:en" v="Nguyen Khoai Road" />
  </way>
  <way id="599670439" version="5" timestamp="2024-06-30T14:45:22Z" changeset="153372687" uid="3323343" user="phoenixsaigon1698">
    <nd ref="5704543886" />
    <nd ref="11096456890" />
    <nd ref="5704543885" />
    <nd ref="12022901707" />
    <nd ref="5704543884" />
    <nd ref="12022901706" />
    <nd ref="5704543880" />
    <nd ref="8265789342" />
    <nd ref="12022901705" />
    <nd ref="5704543882" />
    <nd ref="5704144797" />
    <tag k="access" v="permissive" />
    <tag k="highway" v="service" />
  </way>
  <way id="599673604" version="5" timestamp="2025-08-17T04:12:20Z" changeset="170547962" uid="22065819" user="Hung159">
    <nd ref="8265789348" />
    <nd ref="8265789349" />
    <nd ref="8342080860" />
    <nd ref="8342080859" />
    <nd ref="8342080858" />
    <nd ref="8342080861" />
    <nd ref="8342080857" />
    <nd ref="8342080856" />
    <nd ref="8342080855" />
    <nd ref="8342080854" />
    <nd ref="8342080853" />
    <nd ref="8265789350" />
    <nd ref="5704562305" />
    <nd ref="5704562304" />
    <tag k="highway" v="service" />
    <tag k="name" v="Ngõ 57 Phố Vĩnh Tuy" />
    <tag k="service" v="alley" />
  </way>
  <way id="599673607" version="5" timestamp="2025-08-12T15:25:25Z" changeset="170347926" uid="22065819" user="Hung159">
    <nd ref="8266224898" />
    <nd ref="8266224900" />
    <nd ref="8266224901" />
    <nd ref="5704562310" />
    <nd ref="5704562309" />
    <tag k="highway" v="service" />
    <tag k="name" v="Ngách 122/10 Phố Vĩnh Tuy" />
    <tag k="service" v="alley" />
  </way>
  <way id="599673609" version="9" timestamp="2026-01-03T15:11:20Z" changeset="176785806" uid="20910140" user="Hung Tran 9x0">
    <nd ref="5704543868" />
    <nd ref="10139155916" />
    <nd ref="5704562313" />
    <nd ref="13428677926" />
    <nd ref="5704562312" />
    <nd ref="5704562311" />
    <tag k="highway" v="service" />
    <tag k="motorcar" v="destination" />
    <tag k="name" v="Ngõ 100 Phố Nguyễn Văn Viên" />
    <tag k="service" v="alley" />
    <tag k="surface" v="concrete" />
  </way>
  <way id="600079554" version="9" timestamp="2026-06-10T09:20:10Z" changeset="183912581" uid="11196308" user="vietnam321">
    <nd ref="4955947891" />
    <nd ref="12270506437" />
    <nd ref="5704144806" />
    <tag k="highway" v="secondary" />
    <tag k="lanes" v="1" />
    <tag k="name" v="Phố Minh Khai" />
    <tag k="name:en" v="Minh Khai Street" />
    <tag k="name:etymology:wikidata" v="Q7022971" />
    <tag k="oneway" v="yes" />
    <tag k="surface" v="asphalt" />
  </way>
  <way id="600126200" version="5" timestamp="2026-06-04T02:45:48Z" changeset="183620123" uid="20910140" user="Hung Tran 9x0">
    <nd ref="5707678453" />
    <nd ref="5707678452" />
    <tag k="highway" v="residential" />
    <tag k="surface" v="asphalt" />
  </way>
  <way id="600126202" version="2" timestamp="2018-06-22T05:51:43Z" changeset="60063341" uid="7638343" user="stella9">
    <nd ref="5707645684" />
    <nd ref="5707645683" />
    <nd ref="5707645682" />
    <tag k="highway" v="service" />
  </way>
  <way id="600126204" version="2" timestamp="2024-11-13T15:44:35Z" changeset="159097081" uid="3323343" user="phoenixsaigon1698">
    <nd ref="5707645687" />
    <nd ref="5707645686" />
    <tag k="highway" v="service" />
  </way>
  <way id="600126206" version="3" timestamp="2024-07-12T06:05:36Z" changeset="153838834" uid="3323343" user="phoenixsaigon1698">
    <nd ref="282890375" />
    <nd ref="5710114705" />
    <nd ref="5710114713" />
    <nd ref="5707645690" />
    <tag k="highway" v="residential" />
    <tag k="name" v="Ngách 624/12 Phố Minh Khai" />
  </way>
  <way id="600126212" version="16" timestamp="2026-06-08T04:32:24Z" changeset="183807915" uid="23326231" user="Vmosnokia31">
    <nd ref="5707645699" />
    <nd ref="5707645698" />
    <nd ref="5707645697" />
    <nd ref="13919232900" />
    <nd ref="5707645696" />
    <nd ref="8265788935" />
    <nd ref="10139175321" />
    <nd ref="12543711241" />
    <tag k="highway" v="service" />
    <tag k="moped" v="yes" />
    <tag k="motorcar" v="destination" />
    <tag k="motorcycle" v="yes" />
    <tag k="name" v="Ngách 624/12 Phố Minh Khai" />
    <tag k="service" v="alley" />
    <tag k="surface" v="asphalt" />
  </way>
  <way id="600126214" version="6" timestamp="2026-06-08T04:32:24Z" changeset="183807915" uid="23326231" user="Vmosnokia31">
    <nd ref="4955948033" />
    <nd ref="13919220141" />
    <nd ref="5707645702" />
    <nd ref="5707645701" />
    <nd ref="13439189444" />
    <nd ref="5704562311" />
    <tag k="highway" v="service" />
    <tag k="name" v="Ngõ 23 Phố Dương Văn Bé" />
    <tag k="service" v="alley" />
  </way>
  <way id="600126217" version="7" timestamp="2026-06-08T04:32:24Z" changeset="183807915" uid="23326231" user="Vmosnokia31">
    <nd ref="8265788941" />
    <nd ref="10732468430" />
    <nd ref="5707645708" />
    <nd ref="5707645707" />
    <nd ref="8266224896" />
    <nd ref="5707645706" />
    <nd ref="110376667" />
    <tag k="highway" v="service" />
    <tag k="service" v="alley" />
  </way>
  <way id="600126219" version="4" timestamp="2024-07-28T13:01:03Z" changeset="154519878" uid="16294132" user="Takeshi Nagayama">
    <nd ref="5707645679" />
    <nd ref="5707645711" />
    <nd ref="8266224887" />
    <nd ref="5707645710" />
    <nd ref="5707645709" />
    <tag k="highway" v="service" />
    <tag k="service" v="alley" />
  </way>
  <way id="600126221" version="5" timestamp="2024-09-04T11:33:45Z" changeset="156181729" uid="21213273" user="openmap-vn">
    <nd ref="5707645690" />
    <nd ref="12155254875" />
    <nd ref="8265788905" />
    <nd ref="11876062142" />
    <nd ref="5707645713" />
    <tag k="highway" v="service" />
    <tag k="name" v="Ngách 624/12 Phố Minh Khai" />
    <tag k="service" v="alley" />
  </way>
  <way id="600126224" version="7" timestamp="2026-05-10T08:56:38Z" changeset="182455948" uid="23326231" user="Vmosnokia31">
    <nd ref="282890366" />
    <nd ref="5707645715" />
    <nd ref="13050147691" />
    <nd ref="4955947827" />
    <nd ref="5707646223" />
    <nd ref="282889845" />
    <tag k="access" v="destination" />
    <tag k="highway" v="service" />
    <tag k="oneway" v="yes" />
    <tag k="surface" v="asphalt" />
  </way>
  <way id="600126226" version="10" timestamp="2026-06-08T04:32:24Z" changeset="183807915" uid="23326231" user="Vmosnokia31">
    <nd ref="5707645713" />
    <nd ref="13919232803" />
    <nd ref="13919232804" />
    <nd ref="8265788896" />
    <nd ref="13919232819" />
    <nd ref="5707646221" />
    <nd ref="8265788897" />
    <nd ref="5707645688" />
    <nd ref="13919232829" />
    <nd ref="13919232810" />
    <nd ref="13919232845" />
    <nd ref="13919232844" />
    <nd ref="13919232851" />
    <nd ref="13919220140" />
    <nd ref="5707645720" />
    <tag k="highway" v="service" />
    <tag k="motorcar" v="no" />
    <tag k="motorcycle" v="yes" />
    <tag k="name" v="Ngõ 120 Phố Dương Văn Bé" />
    <tag k="service" v="alley" />
  </way>
  <way id="600129194" version="4" timestamp="2026-06-08T04:32:24Z" changeset="183807915" uid="23326231" user="Vmosnokia31">
    <nd ref="5707661630" />
    <nd ref="13827886470" />
    <nd ref="13827886469" />
    <nd ref="13919220145" />
    <nd ref="5707661629" />
    <tag k="highway" v="service" />
  </way>
  <way id="600129195" version="8" timestamp="2026-06-08T04:32:24Z" changeset="183807915" uid="23326231" user="Vmosnokia31">
    <nd ref="8265788931" />
    <nd ref="13919220137" />
    <nd ref="13919232744" />
    <nd ref="8265788932" />
    <nd ref="13919232739" />
    <nd ref="13919232769" />
    <nd ref="12317957255" />
    <nd ref="8265788916" />
    <tag k="highway" v="service" />
    <tag k="name" v="Ngõ 42 Phố Dương Văn Bé" />
    <tag k="service" v="alley" />
  </way>
  <way id="600129196" version="1" timestamp="2018-06-21T07:56:21Z" changeset="60034139" uid="7868172" user="poornima1">
    <nd ref="5707661636" />
    <nd ref="5707661635" />
    <tag k="highway" v="residential" />
  </way>
  <way id="600129197" version="2" timestamp="2026-05-11T15:04:32Z" changeset="182516060" uid="23326231" user="Vmosnokia31">
    <nd ref="5707661638" />
    <nd ref="5707661637" />
    <tag k="highway" v="service" />
    <tag k="service" v="alley" />
  </way>
  <way id="600131515" version="3" timestamp="2019-03-07T18:23:03Z" changeset="67894693" uid="3742941" user="Te-Ika">
    <nd ref="5707678450" />
    <nd ref="5707678451" />
    <tag k="highway" v="residential" />
  </way>
  <way id="600131516" version="1" timestamp="2018-06-21T08:07:48Z" changeset="60034455" uid="7868172" user="poornima1">
    <nd ref="5707645680" />
    <nd ref="5707678451" />
    <tag k="highway" v="residential" />
  </way>
  <way id="600131517" version="7" timestamp="2026-06-08T04:32:24Z" changeset="183807915" uid="23326231" user="Vmosnokia31">
    <nd ref="4955948034" />
    <nd ref="13919220142" />
    <nd ref="8265788883" />
    <nd ref="5707678455" />
    <nd ref="12337361521" />
    <nd ref="8265788943" />
    <nd ref="8265788888" />
    <nd ref="8265788942" />
    <nd ref="8265788893" />
    <nd ref="8265788889" />
    <nd ref="5704562311" />
    <tag k="highway" v="service" />
    <tag k="service" v="alley" />
  </way>
  <way id="600157775" version="8" timestamp="2026-02-08T05:15:47Z" changeset="178252551" uid="11141338" user="FanaticAir75626">
    <nd ref="4955947857" />
    <nd ref="10137756343" />
    <nd ref="8265789249" />
    <nd ref="12091427879" />
    <nd ref="5707821240" />
    <tag k="highway" v="residential" />
    <tag k="oneway" v="yes" />
    <tag k="surface" v="asphalt" />
  </way>
  <way id="600157782" version="3" timestamp="2019-07-31T21:12:57Z" changeset="72873292" uid="10028130" user="Solra">
    <nd ref="5707821238" />
    <nd ref="5707821237" />
    <tag k="highway" v="residential" />
    <tag k="surface" v="concrete" />
  </way>
  <way id="600157786" version="1" timestamp="2018-06-21T08:51:35Z" changeset="60035866" uid="7868172" user="poornima1">
    <nd ref="5707821246" />
    <nd ref="5707821245" />
    <tag k="highway" v="service" />
  </way>
  <way id="600157787" version="2" timestamp="2024-11-13T05:36:39Z" changeset="159076498" uid="3323343" user="phoenixsaigon1698">
    <nd ref="5707821246" />
    <nd ref="5707821249" />
    <nd ref="5707821248" />
    <nd ref="5707821245" />
    <nd ref="5707821247" />
    <tag k="highway" v="service" />
  </way>
  <way id="600157788" version="2" timestamp="2024-11-13T05:36:39Z" changeset="159076498" uid="3323343" user="phoenixsaigon1698">
    <nd ref="5707821246" />
    <nd ref="5707821250" />
    <tag k="highway" v="service" />
  </way>
  <way id="600157789" version="1" timestamp="2018-06-21T08:51:35Z" changeset="60035866" uid="7868172" user="poornima1">
    <nd ref="5707821256" />
    <nd ref="5707821255" />
    <nd ref="5707821250" />
    <nd ref="5707821247" />
    <nd ref="5707821252" />
    <tag k="highway" v="service" />
  </way>
  <way id="600157790" version="3" timestamp="2024-06-30T01:40:38Z" changeset="153352705" uid="3323343" user="phoenixsaigon1698">
    <nd ref="5707821253" />
    <nd ref="5707821256" />
    <tag k="highway" v="service" />
  </way>
  <way id="600157791" version="2" timestamp="2024-11-13T05:36:39Z" changeset="159076498" uid="3323343" user="phoenixsaigon1698">
    <nd ref="282889744" />
    <nd ref="5707821252" />
    <nd ref="5707821257" />
    <nd ref="5707821256" />
    <tag k="highway" v="service" />
  </way>
  <way id="600157792" version="5" timestamp="2026-05-10T08:56:38Z" changeset="182455948" uid="23326231" user="Vmosnokia31">
    <nd ref="8833066268" />
    <nd ref="5707821260" />
    <nd ref="8833066267" />
    <tag k="highway" v="service" />
    <tag k="name" v="536A Phố Minh Khai" />
  </way>
  <way id="600157795" version="5" timestamp="2024-07-12T06:05:36Z" changeset="153838834" uid="3323343" user="phoenixsaigon1698">
    <nd ref="5845486385" />
    <nd ref="12048754175" />
    <nd ref="5707821270" />
    <nd ref="5707821262" />
    <nd ref="5707821269" />
    <tag k="highway" v="residential" />
    <tag k="name" v="Ngõ 622 Phố Minh Khai" />
    <tag k="surface" v="asphalt" />
  </way>
  <way id="600162238" version="6" timestamp="2024-07-12T06:05:36Z" changeset="153838834" uid="3323343" user="phoenixsaigon1698">
    <nd ref="9055631299" />
    <nd ref="10139175318" />
    <nd ref="5707840051" />
    <nd ref="5707840050" />
    <nd ref="8265788862" />
    <nd ref="12048754174" />
    <nd ref="8265788861" />
    <tag k="highway" v="service" />
  </way>
  <way id="600485246" version="9" timestamp="2025-09-27T16:57:10Z" changeset="172535003" uid="22065819" user="Hung159">
    <nd ref="5709913431" />
    <nd ref="8265788982" />
    <nd ref="5709913430" />
    <nd ref="8265788981" />
    <nd ref="5709913429" />
    <nd ref="5709913428" />
    <tag k="highway" v="service" />
    <tag k="motorcar" v="destination" />
    <tag k="name" v="Ngõ 26 Phố Yên Lạc" />
    <tag k="service" v="alley" />
    <tag k="surface" v="asphalt" />
  </way>
  <way id="600485247" version="7" timestamp="2025-09-25T14:43:38Z" changeset="172444020" uid="22065819" user="Hung159">
    <nd ref="317910542" />
    <nd ref="5709913425" />
    <nd ref="5709913433" />
    <nd ref="5709913432" />
    <tag k="highway" v="service" />
    <tag k="motorcycle" v="yes" />
    <tag k="name" v="Ngõ 4B Phố Yên Lạc" />
    <tag k="narrow" v="yes" />
    <tag k="service" v="alley" />
    <tag k="surface" v="asphalt" />
  </way>
  <way id="600485248" version="2" timestamp="2025-02-25T14:14:19Z" changeset="162934157" uid="11196308" user="vietnam321">
    <nd ref="5709913437" />
    <nd ref="5709913436" />
    <tag k="highway" v="service" />
    <tag k="service" v="alley" />
  </way>
  <way id="600485249" version="4" timestamp="2025-02-25T14:14:19Z" changeset="162934157" uid="11196308" user="vietnam321">
    <nd ref="5709913439" />
    <nd ref="5709913438" />
    <nd ref="12618273878" />
    <nd ref="8265788858" />
    <nd ref="10137756341" />
    <nd ref="8265788857" />
    <tag k="highway" v="service" />
    <tag k="service" v="alley" />
  </way>
  <way id="600485254" version="8" timestamp="2025-09-27T16:57:10Z" changeset="172535003" uid="22065819" user="Hung159">
    <nd ref="11307003452" />
    <nd ref="8265788992" />
    <nd ref="5709913461" />
    <nd ref="5709913460" />
    <nd ref="5709913459" />
    <nd ref="317910538" />
    <tag k="highway" v="service" />
    <tag k="motorcar" v="destination" />
    <tag k="name" v="Ngõ 60 Phố Yên Lạc" />
    <tag k="service" v="alley" />
    <tag k="surface" v="concrete" />
  </way>
  <way id="600485255" version="7" timestamp="2025-02-25T14:14:19Z" changeset="162934157" uid="11196308" user="vietnam321">
    <nd ref="5709913440" />
    <nd ref="12618273900" />
    <nd ref="8265788974" />
    <nd ref="12618273879" />
    <nd ref="8715257022" />
    <nd ref="12618273880" />
    <nd ref="12618273899" />
    <tag k="highway" v="service" />
    <tag k="service" v="alley" />
    <tag k="surface" v="asphalt" />
  </way>
  <way id="600489138" version="7" timestamp="2025-07-09T15:46:07Z" changeset="168702841" uid="20910140" user="Hung Tran 9x0">
    <nd ref="5629422885" />
    <nd ref="5709913463" />
    <tag k="highway" v="primary_link" />
    <tag k="surface" v="asphalt" />
  </way>
  <way id="600496182" version="3" timestamp="2026-04-25T18:41:38Z" changeset="181819167" uid="23326231" user="Vmosnokia31">
    <nd ref="5709990986" />
    <nd ref="5709990985" />
    <nd ref="5709990984" />
    <tag k="highway" v="residential" />
    <tag k="name" v="Ngõ 87 Đường Tam Trinh" />
  </way>
  <way id="600496183" version="3" timestamp="2026-04-25T18:41:38Z" changeset="181819167" uid="23326231" user="Vmosnokia31">
    <nd ref="5709990988" />
    <nd ref="5709990984" />
    <nd ref="5709990987" />
    <tag k="highway" v="residential" />
  </way>
  <way id="600496185" version="4" timestamp="2024-06-30T01:40:38Z" changeset="153352705" uid="3323343" user="phoenixsaigon1698">
    <nd ref="5709990992" />
    <nd ref="5709990991" />
    <tag k="highway" v="service" />
  </way>
  <way id="600496186" version="6" timestamp="2026-04-25T18:41:38Z" changeset="181819167" uid="23326231" user="Vmosnokia31">
    <nd ref="5709990995" />
    <nd ref="13761406817" />
    <nd ref="5689955827" />
    <nd ref="5709990978" />
    <nd ref="11041513505" />
    <tag k="highway" v="residential" />
  </way>
  <way id="600496188" version="7" timestamp="2026-04-25T18:41:38Z" changeset="181819167" uid="23326231" user="Vmosnokia31">
    <nd ref="5710043983" />
    <nd ref="13761314892" />
    <nd ref="13761314896" />
    <nd ref="5709990982" />
    <nd ref="12944186095" />
    <nd ref="5709990996" />
    <nd ref="5710043981" />
    <nd ref="11921518179" />
    <nd ref="13761406804" />
    <nd ref="12556203771" />
    <nd ref="11921518180" />
    <nd ref="5709990998" />
    <nd ref="13761406823" />
    <tag k="highway" v="service" />
    <tag k="name" v="Ngõ 454 Phố Minh Khai" />
    <tag k="service" v="alley" />
  </way>
  <way id="600504032" version="8" timestamp="2026-07-18T10:16:30Z" changeset="185949488" uid="23326231" user="Vmosnokia31">
    <nd ref="8265778877" />
    <nd ref="14023849877" />
    <nd ref="5710043978" />
    <nd ref="5710043977" />
    <tag k="highway" v="service" />
    <tag k="name" v="Ngách 139/5 Đường Tam Trinh" />
    <tag k="service" v="alley" />
    <tag k="smoothness" v="good" />
    <tag k="surface" v="concrete" />
  </way>
  <way id="600504035" version="3" timestamp="2026-04-25T18:41:38Z" changeset="181819167" uid="23326231" user="Vmosnokia31">
    <nd ref="5710043983" />
    <nd ref="5710043982" />
    <tag k="highway" v="service" />
  </way>
  <way id="600509228" version="4" timestamp="2023-09-05T15:27:41Z" changeset="140856282" uid="11691953" user="ItsLouisAnderson">
    <nd ref="5710080967" />
    <nd ref="10284859780" />
    <nd ref="11169871356" />
    <nd ref="5710080966" />
    <tag k="highway" v="service" />
    <tag k="surface" v="asphalt" />
  </way>
  <way id="600509238" version="1" timestamp="2018-06-22T03:51:19Z" changeset="60061444" uid="7868172" user="poornima1">
    <nd ref="5710080991" />
    <nd ref="5710080990" />
    <tag k="highway" v="residential" />
  </way>
  <way id="600509240" version="4" timestamp="2026-05-04T10:20:51Z" changeset="182197444" uid="23326231" user="Vmosnokia31">
    <nd ref="6684871868" />
    <nd ref="6684871869" />
    <nd ref="5710080996" />
    <nd ref="5710080995" />
    <tag k="highway" v="residential" />
    <tag k="name" v="Lối vào sảnh tòa T11" />
    <tag k="surface" v="asphalt" />
  </way>
  <way id="600509241" version="1" timestamp="2018-06-22T03:51:19Z" changeset="60061444" uid="7868172" user="poornima1">
    <nd ref="5710080999" />
    <nd ref="5709990991" />
    <tag k="highway" v="service" />
  </way>
  <way id="600509242" version="4" timestamp="2024-06-30T01:40:38Z" changeset="153352705" uid="3323343" user="phoenixsaigon1698">
    <nd ref="5709990992" />
    <nd ref="5710081001" />
    <nd ref="12021450377" />
    <nd ref="12021450378" />
    <nd ref="12021450380" />
    <nd ref="12021450379" />
    <nd ref="5710080966" />
    <tag k="access" v="private" />
    <tag k="highway" v="service" />
  </way>
  <way id="600509243" version="7" timestamp="2026-02-12T14:54:40Z" changeset="178462032" uid="21825758" user="GrabVN_HHanh">
    <nd ref="5710080998" />
    <nd ref="5710080966" />
    <tag k="highway" v="service" />
    <tag k="surface" v="asphalt" />
  </way>
  <way id="600515210" version="5" timestamp="2026-05-14T14:12:52Z" changeset="182651704" uid="23326231" user="Vmosnokia31">
    <nd ref="5710114701" />
    <nd ref="6670724494" />
    <tag k="highway" v="residential" />
    <tag k="surface" v="concrete" />
  </way>
  <way id="600515212" version="4" timestamp="2026-06-04T02:45:48Z" changeset="183620123" uid="20910140" user="Hung Tran 9x0">
    <nd ref="5710114703" />
    <nd ref="5710114701" />
    <nd ref="5710114702" />
    <tag k="highway" v="residential" />
    <tag k="surface" v="asphalt" />
  </way>
  <way id="600515214" version="3" timestamp="2026-05-10T08:56:38Z" changeset="182455948" uid="23326231" user="Vmosnokia31">
    <nd ref="282890373" />
    <nd ref="5710114706" />
    <nd ref="13813225596" />
    <nd ref="5710114705" />
    <tag k="highway" v="residential" />
  </way>
  <way id="600515218" version="2" timestamp="2024-05-03T09:43:21Z" changeset="150827793" uid="3323343" user="phoenixsaigon1698">
    <nd ref="5710114709" />
    <nd ref="5710114708" />
    <tag k="highway" v="service" />
    <tag k="service" v="alley" />
  </way>
  <way id="600515221" version="8" timestamp="2026-05-10T08:56:38Z" changeset="182455948" uid="23326231" user="Vmosnokia31">
    <nd ref="8265788880" />
    <nd ref="13813225593" />
    <nd ref="5710114712" />
    <nd ref="5710114711" />
    <nd ref="5710149355" />
    <nd ref="5710114708" />
    <nd ref="5710139859" />
    <nd ref="5710114710" />
    <nd ref="13813225590" />
    <nd ref="13813225594" />
    <tag k="highway" v="residential" />
    <tag k="motorcar" v="no" />
    <tag k="motorcycle" v="yes" />
    <tag k="name" v="Ngách 622/107 Phố Minh Khai" />
  </way>
  <way id="600515223" version="2" timestamp="2024-03-06T03:00:53Z" changeset="148274177" uid="20636026" user="Vietnam Outdoor [VNO]">
    <nd ref="5710114714" />
    <nd ref="5710114713" />
    <tag k="highway" v="service" />
    <tag k="name" v="Hẻm 624/12/109 Phố Minh Khai" />
    <tag k="service" v="alley" />
  </way>
  <way id="600515225" version="2" timestamp="2018-06-22T04:48:56Z" changeset="60062144" uid="7868172" user="poornima1">
    <nd ref="5710114705" />
    <nd ref="5710114715" />
    <nd ref="282890376" />
    <tag k="highway" v="residential" />
  </way>
  <way id="600515227" version="12" timestamp="2026-06-08T04:32:24Z" changeset="183807915" uid="23326231" user="Vmosnokia31">
    <nd ref="4955948035" />
    <nd ref="13919220147" />
    <nd ref="5710139848" />
    <nd ref="5710114704" />
    <nd ref="5710139845" />
    <nd ref="13818490351" />
    <nd ref="12888238575" />
    <nd ref="5710114718" />
    <tag k="highway" v="residential" />
    <tag k="name" v="Ngõ 161 Phố Dương Văn Bé" />
    <tag k="surface" v="asphalt" />
  </way>
  <way id="600518700" version="3" timestamp="2025-06-05T07:52:55Z" changeset="167209569" uid="3323343" user="phoenixsaigon1698">
    <nd ref="5710139847" />
    <nd ref="5710139844" />
    <tag k="highway" v="service" />
    <tag k="surface" v="concrete" />
  </way>
  <way id="600518701" version="3" timestamp="2025-06-05T07:52:55Z" changeset="167209569" uid="3323343" user="phoenixsaigon1698">
    <nd ref="5710139848" />
    <nd ref="5710139847" />
    <nd ref="5710139846" />
    <nd ref="5710139845" />
    <tag k="highway" v="service" />
    <tag k="surface" v="concrete" />
  </way>
  <way id="600518706" version="7" timestamp="2026-06-08T14:29:01Z" changeset="183831919" uid="23326231" user="Vmosnokia31">
    <nd ref="5710139858" />
    <nd ref="13920371126" />
    <nd ref="5710139857" />
    <nd ref="13920371118" />
    <nd ref="13919220163" />
    <nd ref="5710139856" />
    <tag k="highway" v="service" />
    <tag k="motorcar" v="destination" />
    <tag k="motorcycle" v="yes" />
    <tag k="name" v="Ngõ 294 Phố Dương Văn Bé" />
    <tag k="narrow" v="yes" />
    <tag k="service" v="alley" />
    <tag k="surface" v="concrete" />
  </way>
  <way id="600518707" version="4" timestamp="2026-06-04T02:45:48Z" changeset="183620123" uid="20910140" user="Hung Tran 9x0">
    <nd ref="5707678451" />
    <nd ref="5710114703" />
    <tag k="highway" v="residential" />
    <tag k="surface" v="asphalt" />
  </way>
  <way id="600518708" version="4" timestamp="2026-06-04T02:45:47Z" changeset="183620123" uid="20910140" user="Hung Tran 9x0">
    <nd ref="5707645680" />
    <nd ref="5710114702" />
    <tag k="highway" v="residential" />
    <tag k="surface" v="asphalt" />
  </way>
  <way id="600520723" version="5" timestamp="2026-06-08T04:32:24Z" changeset="183807915" uid="23326231" user="Vmosnokia31">
    <nd ref="5710149359" />
    <nd ref="13919220159" />
    <nd ref="13818490331" />
    <nd ref="13818490332" />
    <nd ref="5710149358" />
    <nd ref="13818490345" />
    <nd ref="13818490340" />
    <nd ref="13818490338" />
    <nd ref="5710149357" />
    <nd ref="13818490333" />
    <nd ref="13818490334" />
    <nd ref="13818490335" />
    <nd ref="13818490336" />
    <tag k="highway" v="service" />
    <tag k="name" v="Ngõ 185 Phố Dương Văn Bé" />
    <tag k="service" v="alley" />
    <tag k="surface" v="concrete" />
  </way>
  <way id="602360149" version="2" timestamp="2024-01-04T03:00:42Z" changeset="145862055" uid="18820325" user="Grab_Cong">
    <nd ref="5721861414" />
    <nd ref="11484356940" />
    <tag k="highway" v="residential" />
  </way>
  <way id="602360150" version="3" timestamp="2026-02-08T05:15:47Z" changeset="178252551" uid="11141338" user="FanaticAir75626">
    <nd ref="5721861416" />
    <nd ref="5721861414" />
    <nd ref="5721861412" />
    <nd ref="8831237457" />
    <tag k="highway" v="residential" />
  </way>
  <way id="602360151" version="7" timestamp="2025-11-23T07:19:27Z" changeset="175014967" uid="20910140" user="Hung Tran 9x0">
    <nd ref="8265789306" />
    <nd ref="10137745300" />
    <nd ref="5721861417" />
    <nd ref="8265789304" />
    <nd ref="13325677381" />
    <nd ref="5721861418" />
    <tag k="highway" v="service" />
    <tag k="motorcar" v="destination" />
    <tag k="name" v="Ngõ 433 Phố Kim Ngưu" />
    <tag k="service" v="alley" />
  </way>
  <way id="602360152" version="5" timestamp="2025-11-23T07:19:27Z" changeset="175014967" uid="20910140" user="Hung Tran 9x0">
    <nd ref="5721861420" />
    <nd ref="8265789303" />
    <nd ref="5721861419" />
    <tag k="highway" v="service" />
    <tag k="name" v="Ngách 62 Ngõ 19 Phố Lạc Trung" />
    <tag k="service" v="alley" />
  </way>
  <way id="602360153" version="5" timestamp="2024-06-30T01:40:38Z" changeset="153352705" uid="3323343" user="phoenixsaigon1698">
    <nd ref="5721862022" />
    <nd ref="5721862023" />
    <nd ref="5686672066" />
    <tag k="highway" v="service" />
    <tag k="name" v="Ngõ 66 Phố Yên Lạc" />
    <tag k="service" v="alley" />
    <tag k="surface" v="asphalt" />
  </way>
  <way id="602360154" version="1" timestamp="2018-06-27T05:58:02Z" changeset="60201621" uid="7671560" user="udaykiran3">
    <nd ref="5721862026" />
    <nd ref="5721862025" />
    <nd ref="5721862024" />
    <tag k="highway" v="service" />
  </way>
  <way id="602404337" version="9" timestamp="2026-06-29T10:32:49Z" changeset="184787634" uid="23326231" user="Vmosnokia31">
    <nd ref="2218609340" />
    <nd ref="13974418357" />
    <nd ref="2218609337" />
    <nd ref="13974418387" />
    <nd ref="13974418374" />
    <nd ref="110376673" />
    <tag k="highway" v="primary" />
    <tag k="lanes" v="2" />
    <tag k="lit" v="yes" />
    <tag k="name" v="Phố Nguyễn Văn Viên" />
    <tag k="name:en" v="Nguyen Van Vien Street" />
    <tag k="old_name" v="Phố Vĩnh Tuy" />
    <tag k="oneway" v="yes" />
    <tag k="surface" v="asphalt" />
  </way>
  <way id="613222877" version="11" timestamp="2026-04-27T13:35:28Z" changeset="181891442" uid="23326231" user="Vmosnokia31">
    <nd ref="5629422913" />
    <nd ref="10284870948" />
    <nd ref="5709990993" />
    <nd ref="10284870945" />
    <nd ref="5689955835" />
    <nd ref="10284870942" />
    <nd ref="10284859765" />
    <nd ref="10284870856" />
    <nd ref="10284859768" />
    <nd ref="10284859767" />
    <nd ref="10284859766" />
    <nd ref="4022914510" />
    <nd ref="5629422887" />
    <tag k="highway" v="tertiary" />
    <tag k="name" v="Đường Số 3 Times City" />
    <tag k="name:en" v="Road Number 3 Times City" />
    <tag k="surface" v="asphalt" />
  </way>
  <way id="615273089" version="6" timestamp="2025-02-18T14:27:38Z" changeset="162663663" uid="20910140" user="Hung Tran 9x0">
    <nd ref="5818229809" />
    <nd ref="5818229822" />
    <nd ref="5818229828" />
    <nd ref="5818229836" />
    <nd ref="5818229842" />
    <nd ref="5818229811" />
    <nd ref="5818229816" />
    <nd ref="5818229823" />
    <nd ref="5818229830" />
    <nd ref="5818229838" />
    <nd ref="5818229844" />
    <nd ref="5818229813" />
    <nd ref="5818229819" />
    <nd ref="5818229825" />
    <nd ref="5818229833" />
    <nd ref="5818229840" />
    <nd ref="5818229809" />
    <tag k="addr:district" v="Quận Hai Bà Trưng" />
    <tag k="addr:province" v="Thành phố Hà Nội" />
    <tag k="addr:street" v="Đường Số 1 Times City - 458 Minh Khai" />
    <tag k="building" v="office" />
    <tag k="building:levels" v="5" />
    <tag k="name" v="Tower 2 Times City" />
  </way>
  <way id="615273091" version="5" timestamp="2025-02-18T14:27:38Z" changeset="162663663" uid="20910140" user="Hung Tran 9x0">
    <nd ref="5818229808" />
    <nd ref="5818229821" />
    <nd ref="5818229827" />
    <nd ref="5818229835" />
    <nd ref="5818229841" />
    <nd ref="5818229810" />
    <nd ref="5818229808" />
    <tag k="addr:district" v="Quận Hai Bà Trưng" />
    <tag k="addr:province" v="Thành phố Hà Nội" />
    <tag k="building" v="office" />
    <tag k="building:levels" v="5" />
    <tag k="name" v="Tower 1 Times City" />
  </way>
  <way id="618429968" version="4" timestamp="2022-10-29T13:21:50Z" changeset="128211214" uid="11691953" user="ItsLouisAnderson">
    <nd ref="5845485952" />
    <nd ref="5707821238" />
    <nd ref="10137756346" />
    <nd ref="2953971626" />
    <tag k="highway" v="residential" />
    <tag k="surface" v="asphalt" />
  </way>
  <way id="618429990" version="5" timestamp="2024-07-12T06:05:36Z" changeset="153838834" uid="3323343" user="phoenixsaigon1698">
    <nd ref="5845486393" />
    <nd ref="11876062140" />
    <nd ref="5845486391" />
    <nd ref="5845486390" />
    <nd ref="5845486389" />
    <nd ref="5845486388" />
    <nd ref="5845486387" />
    <nd ref="5707821269" />
    <tag k="highway" v="residential" />
    <tag k="name" v="Ngõ 622 Phố Minh Khai" />
    <tag k="surface" v="asphalt" />
  </way>
  <way id="618429992" version="6" timestamp="2026-05-04T10:20:51Z" changeset="182197444" uid="23326231" user="Vmosnokia31">
    <nd ref="282890366" />
    <nd ref="6684913287" />
    <nd ref="5845486396" />
    <nd ref="5707821269" />
    <nd ref="5845486395" />
    <nd ref="13793919785" />
    <nd ref="5845486394" />
    <nd ref="4022914506" />
    <tag k="highway" v="residential" />
    <tag k="surface" v="asphalt" />
  </way>
  <way id="632693307" version="3" timestamp="2025-05-26T01:14:41Z" changeset="166755929" uid="8538718" user="SymbollicA">
    <nd ref="5973650156" />
    <nd ref="5973650140" />
    <nd ref="5973650134" />
    <nd ref="5973650128" />
    <nd ref="5973650156" />
    <tag k="building" v="apartments" />
    <tag k="building:levels" v="17" />
    <tag k="height" v="65" />
    <tag k="name" v="Toà nhà 622 Minh Khai (Handico 5)" />
  </way>
  <way id="675212176" version="3" timestamp="2024-05-21T06:02:32Z" changeset="151610300" uid="3323343" user="phoenixsaigon1698">
    <nd ref="5689955836" />
    <nd ref="5689955831" />
    <nd ref="5709990995" />
    <tag k="highway" v="residential" />
  </way>
  <way id="675243984" version="2" timestamp="2022-04-22T07:38:38Z" changeset="120034225" uid="13749044" user="GrabVN_Ánh Linh Lê">
    <nd ref="5721861412" />
    <nd ref="9684708227" />
    <tag k="highway" v="residential" />
  </way>
  <way id="675243993" version="8" timestamp="2024-07-12T06:05:36Z" changeset="153838834" uid="3323343" user="phoenixsaigon1698">
    <nd ref="8265788921" />
    <nd ref="5707645713" />
    <tag k="highway" v="service" />
    <tag k="name" v="Ngách 624/12 Phố Minh Khai" />
    <tag k="service" v="alley" />
  </way>
  <way id="675244008" version="2" timestamp="2026-06-04T02:45:47Z" changeset="183620123" uid="20910140" user="Hung Tran 9x0">
    <nd ref="5707678452" />
    <nd ref="5707678451" />
    <tag k="highway" v="residential" />
    <tag k="surface" v="asphalt" />
  </way>
  <way id="675244009" version="2" timestamp="2026-06-04T02:45:47Z" changeset="183620123" uid="20910140" user="Hung Tran 9x0">
    <nd ref="5707645680" />
    <nd ref="5707678453" />
    <tag k="highway" v="residential" />
    <tag k="surface" v="asphalt" />
  </way>
  <way id="675244010" version="4" timestamp="2026-06-08T04:32:24Z" changeset="183807915" uid="23326231" user="Vmosnokia31">
    <nd ref="5707645681" />
    <nd ref="13919220146" />
    <nd ref="13827886459" />
    <nd ref="7488457596" />
    <tag k="highway" v="residential" />
    <tag k="name" v="Ngõ 119 Phố Dương Văn Bé" />
  </way>
  <way id="675244013" version="11" timestamp="2026-06-08T13:49:19Z" changeset="183830129" uid="23326231" user="Vmosnokia31">
    <nd ref="12434983736" />
    <nd ref="13920232185" />
    <nd ref="12434983733" />
    <nd ref="13920232183" />
    <nd ref="4955937919" />
    <nd ref="13920217553" />
    <nd ref="13920217559" />
    <nd ref="13814414933" />
    <nd ref="13814414938" />
    <nd ref="13814414941" />
    <nd ref="13814414942" />
    <nd ref="12459907872" />
    <nd ref="13814414944" />
    <nd ref="4955937917" />
    <nd ref="4955937916" />
    <nd ref="13814414948" />
    <nd ref="4955937915" />
    <nd ref="13919220156" />
    <nd ref="4955937914" />
    <tag k="highway" v="service" />
    <tag k="motorcar" v="destination" />
    <tag k="name" v="Ngõ 256 Phố Dương Văn Bé" />
    <tag k="service" v="alley" />
    <tag k="surface" v="concrete" />
  </way>
  <way id="684097848" version="5" timestamp="2024-10-28T07:17:57Z" changeset="158442125" uid="3323343" user="phoenixsaigon1698">
    <nd ref="5285071942" />
    <nd ref="11041983393" />
    <nd ref="2294389037" />
    <tag k="highway" v="service" />
    <tag k="name" v="Ngõ 58 Mạc Thị Bưởi" />
    <tag k="service" v="alley" />
  </way>
  <way id="684108769" version="21" timestamp="2026-06-08T13:25:54Z" changeset="183829132" uid="23326231" user="Vmosnokia31">
    <nd ref="4955948038" />
    <nd ref="9596713797" />
    <nd ref="6670724495" />
    <nd ref="5710139856" />
    <nd ref="13920206712" />
    <nd ref="13920206709" />
    <nd ref="13919220155" />
    <nd ref="4955937914" />
    <nd ref="13814414957" />
    <nd ref="4955948036" />
    <nd ref="5710149359" />
    <nd ref="13818490325" />
    <nd ref="13539339885" />
    <nd ref="4955948035" />
    <nd ref="4955947901" />
    <nd ref="13827886461" />
    <nd ref="13919232863" />
    <nd ref="13919232855" />
    <nd ref="13919232852" />
    <nd ref="5707645681" />
    <nd ref="13919232871" />
    <nd ref="8265788906" />
    <nd ref="8265788908" />
    <nd ref="5707661629" />
    <nd ref="13919232848" />
    <nd ref="5707645720" />
    <nd ref="13919232788" />
    <nd ref="13919232786" />
    <nd ref="4955948034" />
    <nd ref="13919232777" />
    <nd ref="13919232762" />
    <nd ref="13919232759" />
    <nd ref="5707661634" />
    <nd ref="13919232771" />
    <nd ref="8265788931" />
    <nd ref="13919232751" />
    <nd ref="4955948033" />
    <nd ref="6678035907" />
    <nd ref="4955948032" />
    <tag k="cycleway" v="shared_lane" />
    <tag k="highway" v="tertiary" />
    <tag k="horse" v="no" />
    <tag k="lanes" v="4" />
    <tag k="lanes:backward" v="2" />
    <tag k="lanes:forward" v="2" />
    <tag k="name" v="Phố Dương Văn Bé" />
    <tag k="name:en" v="Duong Van Be Street" />
    <tag k="surface" v="asphalt" />
    <tag k="turn:lanes:backward" v="left;through|through;right" />
  </way>
  <way id="684111621" version="5" timestamp="2026-04-25T18:41:38Z" changeset="181819167" uid="23326231" user="Vmosnokia31">
    <nd ref="13761406872" />
    <nd ref="13761406871" />
    <nd ref="13761406870" />
    <nd ref="13511235194" />
    <nd ref="6408776566" />
    <nd ref="13511235183" />
    <nd ref="6408776565" />
    <tag k="highway" v="service" />
    <tag k="moped" v="yes" />
    <tag k="motor_vehicle" v="no" />
    <tag k="motorcycle" v="yes" />
    <tag k="name" v="Ngõ 131 Đường Tam Trinh" />
    <tag k="service" v="alley" />
    <tag k="surface" v="asphalt" />
  </way>
  <way id="685980639" version="14" timestamp="2026-04-27T13:35:28Z" changeset="181891442" uid="23326231" user="Vmosnokia31">
    <nd ref="4955947860" />
    <nd ref="10139175542" />
    <nd ref="11289952331" />
    <nd ref="5707821236" />
    <nd ref="10139155862" />
    <nd ref="4955947858" />
    <tag k="highway" v="tertiary" />
    <tag k="lanes" v="2" />
    <tag k="maxspeed" v="30" />
    <tag k="name" v="Đường Số 1 Times City - 458 Minh Khai" />
    <tag k="name:en" v="Road Number 1 Times City - 458 Minh Khai" />
    <tag k="oneway" v="yes" />
    <tag k="surface" v="asphalt" />
  </way>
  <way id="702791124" version="10" timestamp="2026-06-29T10:32:49Z" changeset="184787634" uid="23326231" user="Vmosnokia31">
    <nd ref="2218609340" />
    <nd ref="6678070321" />
    <nd ref="3776050437" />
    <nd ref="6685241635" />
    <nd ref="6678070325" />
    <nd ref="6685241636" />
    <nd ref="6600046317" />
    <tag k="highway" v="primary_link" />
    <tag k="lanes" v="2" />
    <tag k="lit" v="yes" />
    <tag k="name" v="Phố Nguyễn Văn Viên" />
    <tag k="name:en" v="Nguyen Van Vien Street" />
    <tag k="oneway" v="yes" />
    <tag k="surface" v="asphalt" />
  </way>
  <way id="702791125" version="6" timestamp="2026-06-29T10:32:49Z" changeset="184787634" uid="23326231" user="Vmosnokia31">
    <nd ref="110376673" />
    <nd ref="13974418358" />
    <nd ref="5704543874" />
    <nd ref="6678070326" />
    <nd ref="6600046317" />
    <tag k="highway" v="primary_link" />
    <tag k="lanes" v="2" />
    <tag k="lit" v="yes" />
    <tag k="name" v="Phố Nguyễn Văn Viên" />
    <tag k="name:en" v="Nguyen Van Vien Street" />
    <tag k="oneway" v="yes" />
    <tag k="surface" v="asphalt" />
  </way>
  <way id="702791126" version="10" timestamp="2026-04-07T00:02:50Z" changeset="180973222" uid="16014056" user="Trần Thanh Tuấn">
    <nd ref="84806332" />
    <nd ref="12890253817" />
    <nd ref="12890253816" />
    <nd ref="8121001005" />
    <nd ref="8121001006" />
    <nd ref="84806330" />
    <nd ref="84806329" />
    <nd ref="10139175450" />
    <nd ref="10139175451" />
    <nd ref="12890253815" />
    <nd ref="995292009" />
    <tag k="embankment" v="yes" />
    <tag k="highway" v="primary" />
    <tag k="lanes" v="2" />
    <tag k="lit" v="yes" />
    <tag k="name" v="Đường Nguyễn Khoái" />
    <tag k="name:en" v="Nguyen Khoai Road" />
    <tag k="oneway" v="yes" />
    <tag k="surface" v="asphalt" />
  </way>
  <way id="702795321" version="11" timestamp="2025-10-01T10:04:17Z" changeset="172698335" uid="22065819" user="Hung159">
    <nd ref="317910213" />
    <nd ref="6678035908" />
    <nd ref="2218609331" />
    <nd ref="4955948032" />
    <nd ref="6678035906" />
    <nd ref="6678035905" />
    <tag k="highway" v="primary" />
    <tag k="lanes" v="2" />
    <tag k="lit" v="yes" />
    <tag k="name" v="Phố Nguyễn Văn Viên" />
    <tag k="name:en" v="Nguyen Van Vien Street" />
    <tag k="old_name" v="Phố Vĩnh Tuy" />
    <tag k="oneway" v="yes" />
    <tag k="surface" v="asphalt" />
  </way>
  <way id="702795322" version="13" timestamp="2025-10-01T10:04:17Z" changeset="172698335" uid="22065819" user="Hung159">
    <nd ref="2218609329" />
    <nd ref="2218609333" />
    <nd ref="2218609319" />
    <nd ref="5704543887" />
    <nd ref="6678070320" />
    <nd ref="6678070317" />
    <nd ref="6678070323" />
    <nd ref="6678070322" />
    <nd ref="6678035901" />
    <nd ref="6678035904" />
    <tag k="highway" v="primary" />
    <tag k="lanes" v="2" />
    <tag k="lit" v="yes" />
    <tag k="name" v="Phố Nguyễn Văn Viên" />
    <tag k="name:en" v="Nguyen Van Vien Street" />
    <tag k="old_name" v="Phố Vĩnh Tuy" />
    <tag k="oneway" v="yes" />
    <tag k="surface" v="asphalt" />
  </way>
  <way id="702798334" version="4" timestamp="2024-06-30T01:40:38Z" changeset="153352705" uid="3323343" user="phoenixsaigon1698">
    <nd ref="6600121757" />
    <nd ref="10139175449" />
    <nd ref="6600121756" />
    <tag k="highway" v="service" />
    <tag k="name" v="Ngõ 145 Nguyễn Văn Viên" />
    <tag k="service" v="alley" />
  </way>
  <way id="709359145" version="3" timestamp="2024-06-30T01:40:38Z" changeset="153352705" uid="3323343" user="phoenixsaigon1698">
    <nd ref="5704144794" />
    <nd ref="6668068893" />
    <tag k="fixme" v="name" />
    <tag k="highway" v="service" />
    <tag k="service" v="alley" />
    <tag k="surface" v="concrete" />
  </way>
  <way id="709359146" version="1" timestamp="2019-07-31T20:30:00Z" changeset="72872200" uid="10028130" user="Solra">
    <nd ref="6668068896" />
    <nd ref="6668068895" />
    <tag k="highway" v="service" />
    <tag k="surface" v="concrete" />
  </way>
  <way id="709707897" version="4" timestamp="2026-05-14T14:12:52Z" changeset="182651704" uid="23326231" user="Vmosnokia31">
    <nd ref="6670724494" />
    <nd ref="13827886451" />
    <tag k="bridge" v="yes" />
    <tag k="highway" v="residential" />
    <tag k="layer" v="1" />
    <tag k="surface" v="concrete" />
  </way>
  <way id="710374971" version="5" timestamp="2025-02-12T12:29:37Z" changeset="162427169" uid="16194143" user="Tewuzij">
    <nd ref="6678035901" />
    <nd ref="6685192086" />
    <nd ref="6678035900" />
    <nd ref="6678070315" />
    <nd ref="6678035899" />
    <nd ref="6685192087" />
    <nd ref="2218609322" />
    <tag k="highway" v="primary_link" />
    <tag k="lanes" v="1" />
    <tag k="lit" v="yes" />
    <tag k="oneway" v="yes" />
    <tag k="surface" v="asphalt" />
  </way>
  <way id="710374972" version="4" timestamp="2025-02-12T12:29:34Z" changeset="162427169" uid="16194143" user="Tewuzij">
    <nd ref="6678035905" />
    <nd ref="6685192089" />
    <nd ref="6678035902" />
    <nd ref="6678070316" />
    <nd ref="6678035903" />
    <nd ref="6685192088" />
    <nd ref="6678035904" />
    <tag k="highway" v="primary_link" />
    <tag k="lanes" v="1" />
    <tag k="lit" v="yes" />
    <tag k="oneway" v="yes" />
    <tag k="surface" v="asphalt" />
  </way>
  <way id="711042234" version="8" timestamp="2026-06-10T09:20:10Z" changeset="183912581" uid="11196308" user="vietnam321">
    <nd ref="6684638484" />
    <nd ref="12270506438" />
    <nd ref="6684756988" />
    <nd ref="6684646085" />
    <nd ref="5704144807" />
    <tag k="highway" v="secondary" />
    <tag k="lanes" v="2" />
    <tag k="lit" v="yes" />
    <tag k="name" v="Phố Minh Khai" />
    <tag k="name:en" v="Minh Khai Street" />
    <tag k="name:etymology:wikidata" v="Q7022971" />
    <tag k="surface" v="asphalt" />
  </way>
  <way id="711042235" version="7" timestamp="2026-06-10T09:20:10Z" changeset="183912581" uid="11196308" user="vietnam321">
    <nd ref="5704144806" />
    <nd ref="6684638482" />
    <nd ref="6684638484" />
    <tag k="highway" v="secondary" />
    <tag k="lanes" v="1" />
    <tag k="name" v="Phố Minh Khai" />
    <tag k="name:en" v="Minh Khai Street" />
    <tag k="name:etymology:wikidata" v="Q7022971" />
    <tag k="oneway" v="yes" />
    <tag k="surface" v="asphalt" />
  </way>
  <way id="711042236" version="7" timestamp="2026-06-10T09:20:10Z" changeset="183912581" uid="11196308" user="vietnam321">
    <nd ref="6684638484" />
    <nd ref="6684638481" />
    <nd ref="4955947899" />
    <tag k="highway" v="secondary" />
    <tag k="lanes" v="1" />
    <tag k="name" v="Phố Minh Khai" />
    <tag k="name:en" v="Minh Khai Street" />
    <tag k="name:etymology:wikidata" v="Q7022971" />
    <tag k="oneway" v="yes" />
    <tag k="surface" v="asphalt" />
  </way>
  <way id="711047896" version="6" timestamp="2026-08-28T03:14:31Z" changeset="188126379" uid="24403502" user="AndreePham">
    <nd ref="5704144809" />
    <nd ref="6684703784" />
    <nd ref="5704144818" />
    <nd ref="12022901709" />
    <nd ref="12022901716" />
    <nd ref="12022901723" />
    <nd ref="12022901719" />
    <nd ref="12022901714" />
    <nd ref="12022901715" />
    <nd ref="282889393" />
    <tag k="bus" v="no" />
    <tag k="hgv" v="no" />
    <tag k="highway" v="secondary" />
    <tag k="lanes" v="2" />
    <tag k="lit" v="yes" />
    <tag k="maxspeed" v="50" />
    <tag k="name" v="Phố Lạc Trung" />
    <tag k="surface" v="asphalt" />
  </way>
  <way id="711053406" version="4" timestamp="2024-06-30T14:45:22Z" changeset="153372687" uid="3323343" user="phoenixsaigon1698">
    <nd ref="6684756986" />
    <nd ref="10137756408" />
    <nd ref="6684756985" />
    <tag k="highway" v="service" />
    <tag k="motor_vehicle" v="no" />
    <tag k="motorcycle" v="yes" />
    <tag k="name" v="Ngõ 627 Minh Khai" />
    <tag k="service" v="alley" />
    <tag k="surface" v="concrete" />
  </way>
  <way id="711053407" version="2" timestamp="2022-10-29T13:21:50Z" changeset="128211214" uid="11691953" user="ItsLouisAnderson">
    <nd ref="6684756988" />
    <nd ref="10137756411" />
    <nd ref="6684756987" />
    <tag k="highway" v="service" />
    <tag k="surface" v="asphalt" />
  </way>
  <way id="711053409" version="5" timestamp="2026-06-10T09:20:10Z" changeset="183912581" uid="11196308" user="vietnam321">
    <nd ref="5704144809" />
    <nd ref="6684705587" />
    <tag k="highway" v="secondary" />
    <tag k="lanes" v="2" />
    <tag k="lit" v="yes" />
    <tag k="name" v="Phố Minh Khai" />
    <tag k="name:en" v="Minh Khai Street" />
    <tag k="name:etymology:wikidata" v="Q7022971" />
    <tag k="oneway" v="yes" />
    <tag k="surface" v="asphalt" />
  </way>
  <way id="711053410" version="5" timestamp="2026-06-10T09:20:10Z" changeset="183912581" uid="11196308" user="vietnam321">
    <nd ref="6684705589" />
    <nd ref="282889326" />
    <tag k="highway" v="secondary" />
    <tag k="lanes" v="2" />
    <tag k="lit" v="yes" />
    <tag k="name" v="Phố Minh Khai" />
    <tag k="name:en" v="Minh Khai Street" />
    <tag k="name:etymology:wikidata" v="Q7022971" />
    <tag k="oneway" v="yes" />
    <tag k="surface" v="asphalt" />
  </way>
  <way id="711053411" version="8" timestamp="2026-09-15T00:57:38Z" changeset="189037087" uid="3323343" user="phoenixsaigon1698">
    <nd ref="6684705587" />
    <nd ref="6684756986" />
    <nd ref="5704267784" />
    <nd ref="5704144799" />
    <nd ref="5704144808" />
    <nd ref="6684638479" />
    <nd ref="5704144807" />
    <tag k="highway" v="secondary" />
    <tag k="lanes" v="2" />
    <tag k="lit" v="yes" />
    <tag k="name" v="Phố Minh Khai" />
    <tag k="name:en" v="Minh Khai Street" />
    <tag k="name:etymology:wikidata" v="Q7022971" />
    <tag k="oneway" v="yes" />
    <tag k="surface" v="asphalt" />
  </way>
  <way id="711053412" version="13" timestamp="2026-09-15T00:57:38Z" changeset="189037087" uid="3323343" user="phoenixsaigon1698">
    <nd ref="5704144807" />
    <nd ref="317910218" />
    <nd ref="5704144798" />
    <nd ref="13176982734" />
    <nd ref="6684705589" />
    <tag k="highway" v="secondary" />
    <tag k="lanes" v="2" />
    <tag k="lit" v="yes" />
    <tag k="name" v="Phố Minh Khai" />
    <tag k="name:en" v="Minh Khai Street" />
    <tag k="name:etymology:wikidata" v="Q7022971" />
    <tag k="oneway" v="yes" />
    <tag k="surface" v="asphalt" />
  </way>
  <way id="711063460" version="10" timestamp="2026-04-27T13:35:28Z" changeset="181891442" uid="23326231" user="Vmosnokia31">
    <nd ref="4955947860" />
    <nd ref="10284870819" />
    <nd ref="5710080967" />
    <tag k="highway" v="tertiary" />
    <tag k="lanes" v="4" />
    <tag k="maxspeed" v="30" />
    <tag k="name" v="Đường Số 1 Times City - 458 Minh Khai" />
    <tag k="name:en" v="Road Number 1 Times City - 458 Minh Khai" />
    <tag k="surface" v="asphalt" />
    <tag k="turn:lanes:backward" v="left;through|through;right" />
    <tag k="turn:lanes:forward" v="through|through;right" />
  </way>
  <way id="711068408" version="3" timestamp="2026-05-04T10:20:51Z" changeset="182197444" uid="23326231" user="Vmosnokia31">
    <nd ref="6684871868" />
    <nd ref="6684896600" />
    <nd ref="6684896599" />
    <nd ref="6684896598" />
    <nd ref="6684896601" />
    <nd ref="6684896597" />
    <nd ref="6684896596" />
    <nd ref="6684896595" />
    <nd ref="6684896594" />
    <tag k="highway" v="residential" />
    <tag k="lane_markings" v="no" />
    <tag k="name" v="Đường Số 4 Times City" />
    <tag k="name:en" v="Road Number 4 Times City" />
    <tag k="oneway" v="yes" />
    <tag k="surface" v="paving_stones" />
  </way>
  <way id="711068409" version="7" timestamp="2026-04-27T13:35:28Z" changeset="181891442" uid="23326231" user="Vmosnokia31">
    <nd ref="5629422912" />
    <nd ref="5710080997" />
    <nd ref="5629422900" />
    <nd ref="5629422902" />
    <nd ref="12326955915" />
    <nd ref="8333774423" />
    <nd ref="8830921124" />
    <nd ref="5629422898" />
    <nd ref="13454798261" />
    <nd ref="11173421915" />
    <nd ref="5629422903" />
    <tag k="highway" v="residential" />
    <tag k="name" v="Đường Số 4 Times City" />
    <tag k="name:en" v="Road Number 4 Times City" />
    <tag k="surface" v="asphalt" />
  </way>
  <way id="711072218" version="3" timestamp="2026-05-10T08:56:38Z" changeset="182455948" uid="23326231" user="Vmosnokia31">
    <nd ref="6684929540" />
    <nd ref="6684929539" />
    <nd ref="13813225558" />
    <tag k="highway" v="service" />
    <tag k="name" v="Ngách 622/11 Phố Minh Khai" />
    <tag k="service" v="alley" />
    <tag k="surface" v="concrete" />
  </way>
  <way id="711076964" version="6" timestamp="2026-01-12T03:33:30Z" changeset="177120453" uid="15330182" user="GrabVN_Nguyen Thi Ngoc Tram">
    <nd ref="5845486393" />
    <nd ref="11876062139" />
    <nd ref="11876062129" />
    <nd ref="10131986951" />
    <nd ref="5710080990" />
    <nd ref="8333865840" />
    <nd ref="13449278284" />
    <nd ref="5973650122" />
    <tag k="highway" v="residential" />
    <tag k="lanes" v="2" />
    <tag k="name" v="Ngõ 622 Phố Minh Khai" />
    <tag k="surface" v="asphalt" />
  </way>
  <way id="711131256" version="7" timestamp="2026-02-08T05:15:47Z" changeset="178252551" uid="11141338" user="FanaticAir75626">
    <nd ref="5707820717" />
    <nd ref="12091427882" />
    <nd ref="12091427884" />
    <nd ref="10137756342" />
    <nd ref="6685532115" />
    <tag k="highway" v="residential" />
    <tag k="lanes" v="2" />
    <tag k="oneway" v="yes" />
    <tag k="surface" v="asphalt" />
  </way>
  <way id="711131258" version="6" timestamp="2026-04-25T18:41:38Z" changeset="181819167" uid="23326231" user="Vmosnokia31">
    <nd ref="4955947884" />
    <nd ref="10139155856" />
    <nd ref="5709990999" />
    <nd ref="13761314899" />
    <nd ref="5710043983" />
    <tag k="highway" v="service" />
    <tag k="name" v="Ngõ 454 Phố Minh Khai" />
    <tag k="service" v="alley" />
    <tag k="surface" v="asphalt" />
  </way>
  <way id="711131376" version="1" timestamp="2019-08-05T21:44:44Z" changeset="73041263" uid="6980194" user="mama_bear">
    <nd ref="6685536486" />
    <nd ref="6685536485" />
    <nd ref="6685509684" />
    <nd ref="6685509683" />
    <nd ref="6685536486" />
    <tag k="addr:street" v="Phố Minh Khai" />
    <tag k="building" v="yes" />
  </way>
  <way id="742426840" version="10" timestamp="2026-06-08T04:32:24Z" changeset="183807915" uid="23326231" user="Vmosnokia31">
    <nd ref="282890376" />
    <nd ref="13919232879" />
    <nd ref="8265788915" />
    <nd ref="13919232881" />
    <nd ref="13919220151" />
    <nd ref="4955947901" />
    <tag k="highway" v="residential" />
    <tag k="motorcar" v="no" />
    <tag k="motorcycle" v="yes" />
    <tag k="name" v="Ngõ 198 Phố Dương Văn Bé" />
    <tag k="old_name" v="Ngách 34/232 Phố Vĩnh Tuy" />
    <tag k="surface" v="concrete" />
  </way>
  <way id="747951911" version="9" timestamp="2025-09-21T06:16:56Z" changeset="172230786" uid="22065819" user="Hung159">
    <nd ref="829378640" />
    <nd ref="829378441" />
    <nd ref="829378884" />
    <nd ref="829378556" />
    <nd ref="829378470" />
    <nd ref="7604911962" />
    <nd ref="829378817" />
    <nd ref="3776045978" />
    <nd ref="829378755" />
    <nd ref="13159227219" />
    <nd ref="829378672" />
    <nd ref="13159227220" />
    <nd ref="3776045977" />
    <nd ref="829378567" />
    <nd ref="829378602" />
    <nd ref="13159227221" />
    <nd ref="829378503" />
    <nd ref="13159227222" />
    <nd ref="3776045975" />
    <nd ref="829378429" />
    <nd ref="829378873" />
    <nd ref="3776045974" />
    <nd ref="13159227223" />
    <nd ref="829378721" />
    <nd ref="3776045973" />
    <nd ref="829378606" />
    <nd ref="3776045972" />
    <nd ref="8310505397" />
    <nd ref="993196787" />
    <nd ref="829378642" />
    <tag k="bridge" v="yes" />
    <tag k="destination" v="Cầu Vĩnh Tuy" />
    <tag k="highway" v="trunk_link" />
    <tag k="lanes" v="2" />
    <tag k="layer" v="1" />
    <tag k="lit" v="yes" />
    <tag k="maxspeed" v="40" />
    <tag k="oneway" v="yes" />
    <tag k="surface" v="asphalt" />
    <tag k="width" v="7" />
  </way>
  <way id="755376839" version="3" timestamp="2023-09-05T15:27:41Z" changeset="140856282" uid="11691953" user="ItsLouisAnderson">
    <nd ref="7055963376" />
    <nd ref="7055963377" />
    <nd ref="7055963378" />
    <nd ref="7055963379" />
    <nd ref="7055963376" />
    <tag k="amenity" v="clinic" />
    <tag k="building" v="yes" />
    <tag k="building:levels" v="7" />
    <tag k="healthcare" v="clinic" />
    <tag k="name" v="Phòng khám Đa khoa Quốc tế Vinmec Times City" />
    <tag k="name:en" v="Vinmec Times City International Clinics" />
  </way>
  <way id="755376847" version="3" timestamp="2022-03-17T08:20:15Z" changeset="118580672" uid="13899044" user="GrabVN_Kien">
    <nd ref="7056058587" />
    <nd ref="7056058588" />
    <nd ref="7056058590" />
    <nd ref="7056058591" />
    <nd ref="7056058587" />
    <tag k="addr:street" v="Phố Minh Khai" />
    <tag k="building" v="apartments" />
    <tag k="building:levels" v="21" />
    <tag k="name" v="Toà A Chung Cư Green Pearl" />
    <tag k="name:en" v="Green Pearl A" />
  </way>
  <way id="755376848" version="3" timestamp="2022-03-17T08:20:15Z" changeset="118580672" uid="13899044" user="GrabVN_Kien">
    <nd ref="7056058592" />
    <nd ref="7056058593" />
    <nd ref="7056058594" />
    <nd ref="7056058595" />
    <nd ref="7056058592" />
    <tag k="addr:street" v="Phố Minh Khai" />
    <tag k="building" v="apartments" />
    <tag k="building:levels" v="21" />
    <tag k="name" v="Toà B Chung Cư Green Pearl" />
    <tag k="name:en" v="Green Pearl B" />
  </way>
  <way id="761177384" version="11" timestamp="2026-04-27T13:35:28Z" changeset="181891442" uid="23326231" user="Vmosnokia31">
    <nd ref="4955947878" />
    <nd ref="10139155861" />
    <nd ref="10139175526" />
    <nd ref="10139175541" />
    <nd ref="4955947860" />
    <tag k="highway" v="tertiary" />
    <tag k="lanes" v="2" />
    <tag k="maxspeed" v="30" />
    <tag k="name" v="Đường Số 1 Times City - 458 Minh Khai" />
    <tag k="name:en" v="Road Number 1 Times City - 458 Minh Khai" />
    <tag k="oneway" v="yes" />
    <tag k="surface" v="asphalt" />
  </way>
  <way id="761985293" version="30" timestamp="2026-02-07T16:56:42Z" changeset="178236579" uid="22065819" user="Hung159">
    <nd ref="7920620922" />
    <nd ref="7920620921" />
    <nd ref="13532420525" />
    <nd ref="13532420527" />
    <nd ref="7920620920" />
    <nd ref="13532420529" />
    <nd ref="13532420531" />
    <nd ref="8315856629" />
    <nd ref="13532420533" />
    <nd ref="13532420534" />
    <nd ref="8315856628" />
    <nd ref="12726065986" />
    <nd ref="13532420541" />
    <nd ref="12726065984" />
    <nd ref="13532420520" />
    <nd ref="13532420543" />
    <nd ref="12726065988" />
    <nd ref="13532420519" />
    <nd ref="8315856623" />
    <nd ref="12726065982" />
    <nd ref="13532420516" />
    <nd ref="8315856621" />
    <nd ref="13532420513" />
    <nd ref="13532420405" />
    <nd ref="13532420404" />
    <nd ref="13532420406" />
    <nd ref="8315856619" />
    <nd ref="13532420511" />
    <nd ref="12726065993" />
    <nd ref="13532420419" />
    <nd ref="8315856617" />
    <nd ref="13532420418" />
    <nd ref="12726065990" />
    <nd ref="13532420417" />
    <nd ref="8315715714" />
    <nd ref="13532420508" />
    <nd ref="8315715713" />
    <tag k="bicycle" v="no" />
    <tag k="bridge" v="yes" />
    <tag k="foot" v="no" />
    <tag k="highway" v="trunk" />
    <tag k="horse" v="no" />
    <tag k="lanes" v="2" />
    <tag k="layer" v="2" />
    <tag k="lit" v="yes" />
    <tag k="maxspeed" v="80" />
    <tag k="moped" v="no" />
    <tag k="motor_vehicle" v="yes" />
    <tag k="motorcar" v="yes" />
    <tag k="motorcycle" v="no" />
    <tag k="motorroad" v="yes" />
    <tag k="name" v="Đường Vành đai 2" />
    <tag k="name:en" v="Ring Road 2" />
    <tag k="oneway" v="yes" />
    <tag k="shoulder" v="no" />
    <tag k="sidewalk" v="no" />
    <tag k="surface" v="asphalt" />
  </way>
  <way id="774534246" version="6" timestamp="2025-12-16T02:52:57Z" changeset="175985749" uid="3323343" user="phoenixsaigon1698">
    <nd ref="4955947826" />
    <nd ref="12048754176" />
    <nd ref="9596673550" />
    <nd ref="4955947825" />
    <tag k="highway" v="service" />
    <tag k="name" v="Ngõ 198 Phố Dương Văn Bé" />
    <tag k="service" v="alley" />
  </way>
  <way id="776410852" version="4" timestamp="2024-11-07T15:22:54Z" changeset="158860536" uid="3323343" user="phoenixsaigon1698">
    <nd ref="5689955830" />
    <nd ref="10139155855" />
    <nd ref="5689955825" />
    <tag k="highway" v="residential" />
    <tag k="surface" v="asphalt" />
  </way>
  <way id="840421675" version="6" timestamp="2026-04-27T13:35:28Z" changeset="181891442" uid="23326231" user="Vmosnokia31">
    <nd ref="7842197879" />
    <nd ref="10284859788" />
    <nd ref="13546419876" />
    <nd ref="10284870844" />
    <nd ref="7842197880" />
    <nd ref="10284870845" />
    <nd ref="13766865530" />
    <nd ref="7842197882" />
    <nd ref="10284870846" />
    <nd ref="7842197883" />
    <nd ref="10284859787" />
    <nd ref="7842197884" />
    <tag k="highway" v="service" />
  </way>
  <way id="840421677" version="1" timestamp="2020-08-25T06:34:12Z" changeset="89893825" uid="11691953" user="ItsLouisAnderson">
    <nd ref="7842222589" />
    <nd ref="7842222590" />
    <nd ref="7842222591" />
    <nd ref="7842222592" />
    <nd ref="7842222589" />
    <tag k="building" v="school" />
  </way>
  <way id="840421678" version="1" timestamp="2020-08-25T06:34:12Z" changeset="89893825" uid="11691953" user="ItsLouisAnderson">
    <nd ref="7842222593" />
    <nd ref="7842222594" />
    <nd ref="7842222595" />
    <nd ref="7842222596" />
    <nd ref="7842222597" />
    <nd ref="7842222598" />
    <nd ref="7842222599" />
    <nd ref="7842222600" />
    <nd ref="7842222593" />
    <tag k="building" v="school" />
  </way>
  <way id="840421679" version="1" timestamp="2020-08-25T06:34:12Z" changeset="89893825" uid="11691953" user="ItsLouisAnderson">
    <nd ref="7842222601" />
    <nd ref="7842222602" />
    <nd ref="7842222603" />
    <nd ref="7842222604" />
    <nd ref="7842222605" />
    <nd ref="7842222606" />
    <nd ref="7842222607" />
    <nd ref="7842222608" />
    <nd ref="7842222601" />
    <tag k="building" v="school" />
  </way>
  <way id="840867182" version="1" timestamp="2020-08-26T10:25:49Z" changeset="89965449" uid="11196308" user="vietnam321">
    <nd ref="7846106193" />
    <nd ref="7846106194" />
    <nd ref="7846106195" />
    <nd ref="7846106196" />
    <nd ref="7846106197" />
    <nd ref="7846106198" />
    <nd ref="7846106193" />
    <tag k="building" v="warehouse" />
  </way>
  <way id="840867184" version="1" timestamp="2020-08-26T10:25:49Z" changeset="89965449" uid="11196308" user="vietnam321">
    <nd ref="7846106203" />
    <nd ref="7846106204" />
    <nd ref="7846106205" />
    <nd ref="7846106206" />
    <nd ref="7846106207" />
    <nd ref="7846106208" />
    <nd ref="7846106203" />
    <tag k="building" v="warehouse" />
  </way>
  <way id="843981671" version="2" timestamp="2022-03-17T08:20:15Z" changeset="118580672" uid="13899044" user="GrabVN_Kien">
    <nd ref="7872928694" />
    <nd ref="7872928695" />
    <nd ref="7872928696" />
    <nd ref="7872928697" />
    <nd ref="7872928698" />
    <nd ref="7872928699" />
    <nd ref="7872928700" />
    <nd ref="7872928701" />
    <nd ref="7872928702" />
    <nd ref="7872928703" />
    <nd ref="7872928704" />
    <nd ref="7872928705" />
    <nd ref="7872928706" />
    <nd ref="7872928707" />
    <nd ref="7872928708" />
    <nd ref="7872928709" />
    <nd ref="7872928710" />
    <nd ref="7872928711" />
    <nd ref="7872928712" />
    <nd ref="7872928713" />
    <nd ref="7872928694" />
    <tag k="addr:city" v="Hà Nội" />
    <tag k="addr:district" v="Hai Bà Trưng" />
    <tag k="addr:housenumber" v="75" />
    <tag k="addr:street" v="Đường Tam Trinh" />
    <tag k="building" v="apartments" />
    <tag k="building:levels" v="35" />
    <tag k="height" v="135" />
    <tag k="name" v="Toà Nhà Helios" />
    <tag k="name:en" v="Helios Tower" />
  </way>
  <way id="856460792" version="25" timestamp="2026-02-07T16:56:42Z" changeset="178236579" uid="22065819" user="Hung159">
    <nd ref="8315856649" />
    <nd ref="8315856648" />
    <nd ref="12726065991" />
    <nd ref="8315856644" />
    <nd ref="12726065994" />
    <nd ref="8315856642" />
    <nd ref="13532420512" />
    <nd ref="13532420514" />
    <nd ref="8315856640" />
    <nd ref="13532420515" />
    <nd ref="12726065983" />
    <nd ref="13532420517" />
    <nd ref="13532420518" />
    <nd ref="8315856637" />
    <nd ref="12726065989" />
    <nd ref="13532420542" />
    <nd ref="12726065985" />
    <nd ref="12726065987" />
    <nd ref="8315856634" />
    <nd ref="8315856631" />
    <nd ref="13532420532" />
    <nd ref="7920620923" />
    <nd ref="13532420526" />
    <nd ref="7920620924" />
    <nd ref="7920620925" />
    <tag k="bicycle" v="no" />
    <tag k="bridge" v="yes" />
    <tag k="foot" v="no" />
    <tag k="highway" v="trunk" />
    <tag k="horse" v="no" />
    <tag k="lanes" v="2" />
    <tag k="layer" v="2" />
    <tag k="lit" v="yes" />
    <tag k="maxspeed" v="80" />
    <tag k="moped" v="no" />
    <tag k="motor_vehicle" v="yes" />
    <tag k="motorcar" v="yes" />
    <tag k="motorcycle" v="no" />
    <tag k="motorroad" v="yes" />
    <tag k="name" v="Đường Vành đai 2" />
    <tag k="name:en" v="Ring Road 2" />
    <tag k="oneway" v="yes" />
    <tag k="shoulder" v="no" />
    <tag k="sidewalk" v="no" />
    <tag k="surface" v="asphalt" />
  </way>
  <way id="860575439" version="1" timestamp="2020-10-19T07:13:00Z" changeset="92686552" uid="11691953" user="ItsLouisAnderson">
    <nd ref="8021076059" />
    <nd ref="8021076060" />
    <nd ref="8021076061" />
    <nd ref="8021076062" />
    <nd ref="8021076063" />
    <nd ref="8021076064" />
    <nd ref="8021076065" />
    <nd ref="8021076066" />
    <nd ref="8021076067" />
    <nd ref="8021076068" />
    <nd ref="8021076069" />
    <nd ref="8021076075" />
    <nd ref="8021076078" />
    <nd ref="8021076070" />
    <nd ref="8021076071" />
    <nd ref="8021076072" />
    <nd ref="8021076073" />
    <nd ref="8021076074" />
    <nd ref="8021076059" />
    <tag k="building" v="apartments" />
    <tag k="building:levels" v="5" />
    <tag k="name" v="Hòa Bình Green City A" />
  </way>
  <way id="860575441" version="1" timestamp="2020-10-19T07:13:00Z" changeset="92686552" uid="11691953" user="ItsLouisAnderson">
    <nd ref="8021076079" />
    <nd ref="8021076080" />
    <nd ref="8021076081" />
    <nd ref="8021076082" />
    <nd ref="8021076083" />
    <nd ref="8021076084" />
    <nd ref="8021076085" />
    <nd ref="8021076086" />
    <nd ref="8021076087" />
    <nd ref="8021076088" />
    <nd ref="8021076089" />
    <nd ref="8021076090" />
    <nd ref="8021076079" />
    <tag k="building" v="apartments" />
    <tag k="building:levels" v="27" />
    <tag k="name" v="Hòa Bình Green City B" />
  </way>
  <way id="871186122" version="5" timestamp="2025-02-27T00:14:29Z" changeset="162992616" uid="20910140" user="Hung Tran 9x0">
    <nd ref="8115239842" />
    <nd ref="10907662277" />
    <nd ref="5689955825" />
    <tag k="highway" v="residential" />
    <tag k="lanes" v="2" />
    <tag k="surface" v="asphalt" />
  </way>
  <way id="872186231" version="3" timestamp="2026-02-08T05:15:47Z" changeset="178252551" uid="11141338" user="FanaticAir75626">
    <nd ref="8123523098" />
    <nd ref="8123523099" />
    <nd ref="13533539889" />
    <nd ref="8123523100" />
    <nd ref="8123523102" />
    <nd ref="8123523103" />
    <nd ref="8123523094" />
    <nd ref="8123523104" />
    <nd ref="8123523105" />
    <nd ref="8123523098" />
    <tag k="addr:city" v="Hà Nội" />
    <tag k="addr:district" v="Hai Bà Trưng" />
    <tag k="addr:housenumber" v="23" />
    <tag k="addr:province" v="Hà Nội" />
    <tag k="addr:street" v="Phố Lạc Trung" />
    <tag k="addr:subdistrict" v="Vĩnh Tuy" />
    <tag k="building" v="office" />
    <tag k="building:levels:underground" v="2" />
    <tag k="name" v="Tòa nhà VTC" />
  </way>
  <way id="872186232" version="1" timestamp="2020-11-16T08:02:44Z" changeset="94186948" uid="11691953" user="ItsLouisAnderson">
    <nd ref="8123523107" />
    <nd ref="8123523108" />
    <nd ref="8123523109" />
    <nd ref="8123523110" />
    <nd ref="8123523111" />
    <nd ref="8123523112" />
    <nd ref="8123523113" />
    <nd ref="8123523114" />
    <nd ref="8123523115" />
    <nd ref="8123523116" />
    <nd ref="8123531917" />
    <nd ref="8123531918" />
    <nd ref="8123523107" />
    <tag k="addr:city" v="Hà Nội" />
    <tag k="addr:district" v="Hai Bà Trưng" />
    <tag k="addr:housenumber" v="25" />
    <tag k="addr:province" v="Hà Nội" />
    <tag k="addr:street" v="Phố Lạc Trung" />
    <tag k="addr:subdistrict" v="Vĩnh Tuy" />
    <tag k="building" v="apartments" />
    <tag k="building:levels" v="19" />
    <tag k="name" v="Nhà N3" />
  </way>
  <way id="872186233" version="1" timestamp="2020-11-16T08:02:44Z" changeset="94186948" uid="11691953" user="ItsLouisAnderson">
    <nd ref="8123531919" />
    <nd ref="8123531920" />
    <nd ref="8123531921" />
    <nd ref="8123531922" />
    <nd ref="8123531919" />
    <tag k="addr:city" v="Hà Nội" />
    <tag k="addr:district" v="Hai Bà Trưng" />
    <tag k="addr:housenumber" v="25" />
    <tag k="addr:province" v="Hà Nội" />
    <tag k="addr:street" v="Phố Lạc Trung" />
    <tag k="addr:subdistrict" v="Vĩnh Tuy" />
    <tag k="building" v="apartments" />
    <tag k="building:levels" v="16" />
    <tag k="name" v="Nhà N2" />
  </way>
  <way id="872186235" version="1" timestamp="2020-11-16T08:02:44Z" changeset="94186948" uid="11691953" user="ItsLouisAnderson">
    <nd ref="8123531923" />
    <nd ref="8123531924" />
    <nd ref="8123531925" />
    <nd ref="8123531926" />
    <nd ref="8123531932" />
    <nd ref="8123531927" />
    <nd ref="8123531928" />
    <nd ref="8123531929" />
    <nd ref="8123531930" />
    <nd ref="8123531931" />
    <nd ref="8123531923" />
    <tag k="addr:city" v="Hà Nội" />
    <tag k="addr:district" v="Hai Bà Trưng" />
    <tag k="addr:housenumber" v="27" />
    <tag k="addr:province" v="Hà Nội" />
    <tag k="addr:street" v="Phố Lạc Trung" />
    <tag k="addr:subdistrict" v="Vĩnh Tuy" />
    <tag k="building" v="apartments" />
    <tag k="building:levels" v="12" />
    <tag k="name" v="Chung cư 27 Lạc Trung" />
  </way>
  <way id="872186236" version="2" timestamp="2026-05-23T05:17:22Z" changeset="183050569" uid="20910140" user="Hung Tran 9x0">
    <nd ref="8123531933" />
    <nd ref="13864777516" />
    <nd ref="13864777520" />
    <nd ref="8123531934" />
    <nd ref="8123531935" />
    <nd ref="8123531936" />
    <nd ref="13864777524" />
    <nd ref="8123531937" />
    <nd ref="8123531938" />
    <nd ref="8123531939" />
    <nd ref="8123531940" />
    <nd ref="13864777525" />
    <nd ref="8123531941" />
    <nd ref="13864777521" />
    <nd ref="8123531942" />
    <nd ref="13864777519" />
    <nd ref="8123531943" />
    <nd ref="8123531944" />
    <nd ref="8123531945" />
    <nd ref="8123531946" />
    <nd ref="8123531947" />
    <nd ref="8123531948" />
    <nd ref="13864777518" />
    <nd ref="8123531949" />
    <nd ref="13864777517" />
    <nd ref="8123531950" />
    <nd ref="13864777515" />
    <nd ref="8123531951" />
    <nd ref="8123531952" />
    <nd ref="8123531953" />
    <nd ref="8123531954" />
    <nd ref="8123531955" />
    <nd ref="8123531956" />
    <nd ref="13864777514" />
    <nd ref="8123531957" />
    <nd ref="8123531958" />
    <nd ref="8123531933" />
    <tag k="building" v="residential" />
    <tag k="building:levels" v="5" />
  </way>
  <way id="875229033" version="16" timestamp="2026-06-10T05:18:12Z" changeset="183904098" uid="23326231" user="Vmosnokia31">
    <nd ref="6997743920" />
    <nd ref="13925295990" />
    <nd ref="3776050423" />
    <nd ref="13159216759" />
    <nd ref="1887747764" />
    <nd ref="2218609345" />
    <nd ref="993196951" />
    <nd ref="1887747760" />
    <nd ref="1887747765" />
    <nd ref="8121001011" />
    <nd ref="1887747766" />
    <nd ref="9055631297" />
    <nd ref="1887747762" />
    <nd ref="13142039175" />
    <nd ref="1887747759" />
    <tag k="bridge" v="yes" />
    <tag k="foot" v="yes" />
    <tag k="highway" v="trunk" />
    <tag k="lanes" v="3" />
    <tag k="layer" v="1" />
    <tag k="lit" v="yes" />
    <tag k="maxspeed" v="60" />
    <tag k="name" v="Cầu Vĩnh Tuy" />
    <tag k="name:en" v="Vinh Tuy Bridge" />
    <tag k="name:ko" v="빈투이교" />
    <tag k="oneway" v="yes" />
    <tag k="sidewalk" v="no" />
    <tag k="surface" v="asphalt" />
  </way>
  <way id="889094998" version="8" timestamp="2026-04-25T18:41:38Z" changeset="181819167" uid="23326231" user="Vmosnokia31">
    <nd ref="8265778876" />
    <nd ref="13511235182" />
    <nd ref="8265778877" />
    <nd ref="11927988233" />
    <nd ref="11927988232" />
    <nd ref="11927988231" />
    <nd ref="11927988230" />
    <nd ref="11927988229" />
    <nd ref="11927988228" />
    <nd ref="11927988227" />
    <nd ref="11927988226" />
    <nd ref="11927988225" />
    <nd ref="11927988224" />
    <nd ref="11927988223" />
    <nd ref="11927988222" />
    <nd ref="11927988221" />
    <nd ref="11927988220" />
    <nd ref="11927988219" />
    <nd ref="11927988218" />
    <nd ref="11927988217" />
    <nd ref="13761406867" />
    <nd ref="11927988216" />
    <nd ref="11927988215" />
    <nd ref="13761406866" />
    <tag k="highway" v="service" />
    <tag k="motorcar" v="no" />
    <tag k="motorcycle" v="yes" />
    <tag k="name" v="Ngõ 119 Đường Tam Trinh" />
    <tag k="service" v="alley" />
  </way>
  <way id="889094999" version="5" timestamp="2026-07-18T10:16:30Z" changeset="185949488" uid="23326231" user="Vmosnokia31">
    <nd ref="13761406891" />
    <nd ref="13761406893" />
    <nd ref="8265778878" />
    <nd ref="13761406892" />
    <tag k="highway" v="service" />
    <tag k="motorcar" v="no" />
    <tag k="motorcycle" v="yes" />
    <tag k="name" v="Ngách 139/15 Đường Tam Trinh" />
    <tag k="service" v="alley" />
  </way>
  <way id="889095000" version="3" timestamp="2026-07-18T10:16:30Z" changeset="185949488" uid="23326231" user="Vmosnokia31">
    <nd ref="8265778881" />
    <nd ref="11921518184" />
    <nd ref="8265778880" />
    <tag k="highway" v="service" />
    <tag k="motorcar" v="no" />
    <tag k="motorcycle" v="yes" />
    <tag k="name" v="Ngách 139/47 Đường Tam Trinh" />
    <tag k="service" v="alley" />
  </way>
  <way id="889095001" version="4" timestamp="2026-04-25T18:41:38Z" changeset="181819167" uid="23326231" user="Vmosnokia31">
    <nd ref="8265778882" />
    <nd ref="13761406858" />
    <nd ref="13022250709" />
    <nd ref="13761406860" />
    <nd ref="13022250710" />
    <nd ref="13022250711" />
    <nd ref="13761406862" />
    <nd ref="13761406856" />
    <nd ref="13022250712" />
    <tag k="highway" v="service" />
    <tag k="motorcar" v="no" />
    <tag k="motorcycle" v="yes" />
    <tag k="name" v="Ngách 139/35 Đường Tam Trinh" />
    <tag k="service" v="alley" />
  </way>
  <way id="889095002" version="3" timestamp="2026-04-25T18:41:38Z" changeset="181819167" uid="23326231" user="Vmosnokia31">
    <nd ref="8265778889" />
    <nd ref="11921518178" />
    <nd ref="8265778888" />
    <nd ref="13761406874" />
    <tag k="highway" v="service" />
    <tag k="motorcar" v="no" />
    <tag k="motorcycle" v="yes" />
    <tag k="service" v="alley" />
  </way>
  <way id="889095003" version="3" timestamp="2026-04-25T18:41:38Z" changeset="181819167" uid="23326231" user="Vmosnokia31">
    <nd ref="13761406845" />
    <nd ref="8265778890" />
    <tag k="highway" v="service" />
    <tag k="motorcar" v="no" />
    <tag k="motorcycle" v="yes" />
    <tag k="service" v="alley" />
  </way>
  <way id="889095004" version="4" timestamp="2026-04-25T18:41:38Z" changeset="181819167" uid="23326231" user="Vmosnokia31">
    <nd ref="8265778893" />
    <nd ref="13761406845" />
    <nd ref="13761406844" />
    <nd ref="8265778892" />
    <nd ref="8265778891" />
    <tag k="highway" v="service" />
    <tag k="motorcar" v="no" />
    <tag k="motorcycle" v="yes" />
    <tag k="service" v="alley" />
  </way>
  <way id="889095005" version="5" timestamp="2026-04-25T18:41:38Z" changeset="181819167" uid="23326231" user="Vmosnokia31">
    <nd ref="8265778900" />
    <nd ref="13761406833" />
    <nd ref="13761406836" />
    <nd ref="13761406838" />
    <nd ref="8265778899" />
    <tag k="highway" v="service" />
    <tag k="motorcycle" v="yes" />
    <tag k="service" v="alley" />
  </way>
  <way id="889095046" version="2" timestamp="2024-07-12T06:05:36Z" changeset="153838834" uid="3323343" user="phoenixsaigon1698">
    <nd ref="8265788859" />
    <nd ref="8265788865" />
    <tag k="highway" v="service" />
    <tag k="motorcar" v="no" />
    <tag k="motorcycle" v="yes" />
  </way>
  <way id="889095047" version="2" timestamp="2024-07-12T06:05:36Z" changeset="153838834" uid="3323343" user="phoenixsaigon1698">
    <nd ref="8265788861" />
    <nd ref="8265788859" />
    <nd ref="8265788860" />
    <tag k="highway" v="service" />
    <tag k="motorcar" v="no" />
    <tag k="motorcycle" v="yes" />
  </way>
  <way id="889095048" version="2" timestamp="2025-12-16T03:36:58Z" changeset="175986506" uid="3323343" user="phoenixsaigon1698">
    <nd ref="8265788863" />
    <nd ref="8265788862" />
    <tag k="highway" v="service" />
    <tag k="motorcar" v="no" />
    <tag k="motorcycle" v="yes" />
  </way>
  <way id="889095049" version="3" timestamp="2024-07-12T06:05:36Z" changeset="153838834" uid="3323343" user="phoenixsaigon1698">
    <nd ref="8265788861" />
    <nd ref="8265788868" />
    <nd ref="8265788867" />
    <nd ref="8265788860" />
    <nd ref="8265788866" />
    <nd ref="8265788865" />
    <nd ref="8265788864" />
    <nd ref="8265788863" />
    <nd ref="5707840047" />
    <nd ref="5707840050" />
    <tag k="highway" v="service" />
    <tag k="motorcar" v="no" />
    <tag k="motorcycle" v="yes" />
  </way>
  <way id="889095050" version="2" timestamp="2024-05-03T09:43:21Z" changeset="150827793" uid="3323343" user="phoenixsaigon1698">
    <nd ref="8265788875" />
    <nd ref="8265788870" />
    <tag k="highway" v="service" />
    <tag k="motorcar" v="no" />
    <tag k="motorcycle" v="yes" />
    <tag k="service" v="alley" />
  </way>
  <way id="889095051" version="5" timestamp="2026-05-10T08:56:38Z" changeset="182455948" uid="23326231" user="Vmosnokia31">
    <nd ref="8265788877" />
    <nd ref="11876062132" />
    <nd ref="11876062133" />
    <nd ref="11876062131" />
    <nd ref="8265788876" />
    <nd ref="8265788875" />
    <nd ref="13813225565" />
    <nd ref="11876062134" />
    <nd ref="13813225564" />
    <nd ref="8265788878" />
    <nd ref="8333865842" />
    <tag k="highway" v="service" />
    <tag k="motorcar" v="no" />
    <tag k="motorcycle" v="yes" />
    <tag k="service" v="alley" />
  </way>
  <way id="889095052" version="3" timestamp="2026-05-10T08:56:38Z" changeset="182455948" uid="23326231" user="Vmosnokia31">
    <nd ref="8265788880" />
    <nd ref="13813225595" />
    <nd ref="8265788879" />
    <nd ref="8265788878" />
    <tag k="highway" v="residential" />
    <tag k="motorcar" v="no" />
    <tag k="motorcycle" v="yes" />
    <tag k="name" v="Ngõ 622 Phố Minh Khai" />
  </way>
  <way id="889095053" version="3" timestamp="2026-06-08T04:32:24Z" changeset="183807915" uid="23326231" user="Vmosnokia31">
    <nd ref="8265788885" />
    <nd ref="8265788884" />
    <nd ref="8265788883" />
    <tag k="highway" v="service" />
    <tag k="motorcar" v="no" />
    <tag k="motorcycle" v="yes" />
    <tag k="service" v="alley" />
  </way>
  <way id="889095054" version="4" timestamp="2026-06-08T04:32:24Z" changeset="183807915" uid="23326231" user="Vmosnokia31">
    <nd ref="8265788888" />
    <nd ref="8265788887" />
    <nd ref="12337361522" />
    <nd ref="8265788886" />
    <tag k="highway" v="service" />
    <tag k="motorcar" v="no" />
    <tag k="motorcycle" v="yes" />
    <tag k="service" v="alley" />
  </way>
  <way id="889095055" version="4" timestamp="2026-06-08T04:32:24Z" changeset="183807915" uid="23326231" user="Vmosnokia31">
    <nd ref="8265788893" />
    <nd ref="8265788892" />
    <nd ref="10732468429" />
    <nd ref="8265788891" />
    <nd ref="8265788890" />
    <nd ref="8265788889" />
    <tag k="highway" v="service" />
    <tag k="motorcar" v="no" />
    <tag k="motorcycle" v="yes" />
    <tag k="service" v="alley" />
  </way>
  <way id="889095056" version="3" timestamp="2026-06-08T04:32:24Z" changeset="183807915" uid="23326231" user="Vmosnokia31">
    <nd ref="8265788896" />
    <nd ref="13919232817" />
    <nd ref="8265788894" />
    <tag k="highway" v="service" />
    <tag k="motorcar" v="no" />
    <tag k="motorcycle" v="yes" />
    <tag k="service" v="alley" />
  </way>
  <way id="889095057" version="3" timestamp="2026-06-08T04:32:24Z" changeset="183807915" uid="23326231" user="Vmosnokia31">
    <nd ref="8265788898" />
    <nd ref="13919232825" />
    <nd ref="13919232813" />
    <nd ref="13919232827" />
    <nd ref="8265788897" />
    <tag k="highway" v="service" />
    <tag k="motorcar" v="no" />
    <tag k="motorcycle" v="yes" />
    <tag k="name" v="Ngách 120/25 Phố Dương Văn Bé" />
    <tag k="service" v="alley" />
  </way>
  <way id="889095058" version="3" timestamp="2026-06-08T04:32:24Z" changeset="183807915" uid="23326231" user="Vmosnokia31">
    <nd ref="8265788905" />
    <nd ref="8265788904" />
    <nd ref="8265788903" />
    <nd ref="8265788902" />
    <nd ref="8265788901" />
    <nd ref="8265788900" />
    <nd ref="8265788899" />
    <nd ref="13919232891" />
    <tag k="highway" v="service" />
    <tag k="motorcar" v="no" />
    <tag k="motorcycle" v="yes" />
    <tag k="name" v="Hẻm 624/12/93 Phố Minh Khai" />
    <tag k="service" v="alley" />
  </way>
  <way id="889095059" version="3" timestamp="2026-06-08T04:32:24Z" changeset="183807915" uid="23326231" user="Vmosnokia31">
    <nd ref="8265788907" />
    <nd ref="13919232840" />
    <nd ref="13919232842" />
    <nd ref="13919232838" />
    <nd ref="13919232865" />
    <nd ref="13919232837" />
    <nd ref="13919220150" />
    <nd ref="8265788906" />
    <tag k="highway" v="service" />
    <tag k="motorcar" v="no" />
    <tag k="motorcycle" v="yes" />
    <tag k="name" v="Ngõ 148 Phố Dương Văn Bé" />
    <tag k="service" v="alley" />
  </way>
  <way id="889095060" version="4" timestamp="2026-06-08T04:32:24Z" changeset="183807915" uid="23326231" user="Vmosnokia31">
    <nd ref="8265788909" />
    <nd ref="13686023227" />
    <nd ref="13919232834" />
    <nd ref="13919220149" />
    <nd ref="8265788908" />
    <tag k="highway" v="service" />
    <tag k="motorcar" v="no" />
    <tag k="motorcycle" v="yes" />
    <tag k="name" v="Ngõ 144 Phố Dương Văn Bé" />
    <tag k="service" v="alley" />
  </way>
  <way id="889095061" version="3" timestamp="2026-06-08T04:32:24Z" changeset="183807915" uid="23326231" user="Vmosnokia31">
    <nd ref="8265788911" />
    <nd ref="8265788912" />
    <nd ref="13919232877" />
    <nd ref="8265788910" />
    <nd ref="13919232839" />
    <tag k="highway" v="service" />
    <tag k="motorcar" v="no" />
    <tag k="motorcycle" v="yes" />
    <tag k="name" v="Ngách 18 Ngõ 198 Phố Dương Văn Bé" />
    <tag k="service" v="alley" />
  </way>
  <way id="889095062" version="3" timestamp="2026-06-08T04:32:24Z" changeset="183807915" uid="23326231" user="Vmosnokia31">
    <nd ref="8265788913" />
    <nd ref="8265788912" />
    <nd ref="13919232874" />
    <tag k="highway" v="service" />
    <tag k="motorcar" v="no" />
    <tag k="motorcycle" v="yes" />
    <tag k="name" v="Ngách 18 Ngõ 198 Phố Dương Văn Bé" />
    <tag k="service" v="alley" />
  </way>
  <way id="889095063" version="3" timestamp="2026-06-08T04:32:24Z" changeset="183807915" uid="23326231" user="Vmosnokia31">
    <nd ref="8265788915" />
    <nd ref="13919232886" />
    <nd ref="8265788913" />
    <nd ref="8265788914" />
    <tag k="highway" v="service" />
    <tag k="motorcar" v="no" />
    <tag k="motorcycle" v="yes" />
    <tag k="name" v="Ngách 18 Ngõ 198 Phố Dương Văn Bé" />
    <tag k="service" v="alley" />
  </way>
  <way id="889095064" version="5" timestamp="2026-08-04T05:21:17Z" changeset="186902862" uid="20910140" user="Hung Tran 9x0">
    <nd ref="8265788921" />
    <nd ref="8265788920" />
    <nd ref="13919232795" />
    <nd ref="13919232797" />
    <nd ref="8265788919" />
    <nd ref="8265788918" />
    <tag k="highway" v="service" />
    <tag k="motorcar" v="no" />
    <tag k="motorcycle" v="yes" />
    <tag k="name" v="Hẻm 624/12/75 Phố Minh Khai" />
    <tag k="service" v="alley" />
  </way>
  <way id="889095065" version="4" timestamp="2026-08-04T05:26:56Z" changeset="186902967" uid="20910140" user="Hung Tran 9x0">
    <nd ref="8265788930" />
    <nd ref="13919232716" />
    <nd ref="8265788929" />
    <nd ref="13919232715" />
    <nd ref="8265788928" />
    <nd ref="13919232717" />
    <nd ref="13919232722" />
    <nd ref="13919232724" />
    <nd ref="8265788927" />
    <nd ref="8265788926" />
    <nd ref="8265788925" />
    <nd ref="13919232727" />
    <nd ref="8265788924" />
    <nd ref="8265788923" />
    <nd ref="14072066148" />
    <nd ref="8265788922" />
    <tag k="highway" v="service" />
    <tag k="motorcar" v="no" />
    <tag k="motorcycle" v="yes" />
    <tag k="name" v="Ngách 624/16 Phố Minh Khai" />
    <tag k="service" v="alley" />
  </way>
  <way id="889095067" version="4" timestamp="2026-06-08T04:32:24Z" changeset="183807915" uid="23326231" user="Vmosnokia31">
    <nd ref="10139175321" />
    <nd ref="13919232901" />
    <nd ref="8265788930" />
    <nd ref="8265788934" />
    <nd ref="13919232702" />
    <nd ref="13919232703" />
    <nd ref="13919232756" />
    <nd ref="13919232752" />
    <nd ref="13919232754" />
    <nd ref="8265788933" />
    <nd ref="4955948033" />
    <tag k="highway" v="service" />
    <tag k="motorcar" v="no" />
    <tag k="motorcycle" v="yes" />
    <tag k="name" v="Ngõ 624 Phố Minh Khai" />
    <tag k="service" v="alley" />
  </way>
  <way id="889095068" version="3" timestamp="2023-07-06T08:15:59Z" changeset="138176774" uid="17344224" user="Arkskyle">
    <nd ref="5707645701" />
    <nd ref="8265788940" />
    <nd ref="8265788939" />
    <nd ref="8265788938" />
    <nd ref="8265788937" />
    <tag k="highway" v="service" />
    <tag k="service" v="alley" />
  </way>
  <way id="889095069" version="4" timestamp="2025-08-15T07:08:17Z" changeset="170466051" uid="20910140" user="Hung Tran 9x0">
    <nd ref="8265788948" />
    <nd ref="8265788947" />
    <nd ref="13072003067" />
    <nd ref="13072003066" />
    <nd ref="13072003065" />
    <nd ref="8265788946" />
    <tag k="highway" v="service" />
    <tag k="motorcycle" v="yes" />
    <tag k="name" v="Ngách 559/14 Phố Kim Ngưu" />
    <tag k="service" v="alley" />
  </way>
  <way id="889095070" version="3" timestamp="2024-05-03T09:43:21Z" changeset="150827793" uid="3323343" user="phoenixsaigon1698">
    <nd ref="8265788951" />
    <nd ref="8265788950" />
    <tag k="highway" v="service" />
    <tag k="motorcycle" v="yes" />
    <tag k="service" v="alley" />
  </way>
  <way id="889095071" version="3" timestamp="2024-06-30T01:40:38Z" changeset="153352705" uid="3323343" user="phoenixsaigon1698">
    <nd ref="8265788953" />
    <nd ref="8265788952" />
    <tag k="highway" v="service" />
    <tag k="motorcycle" v="yes" />
    <tag k="service" v="alley" />
  </way>
  <way id="889095072" version="2" timestamp="2024-06-30T01:40:38Z" changeset="153352705" uid="3323343" user="phoenixsaigon1698">
    <nd ref="8265788958" />
    <nd ref="8265788954" />
    <tag k="highway" v="service" />
    <tag k="motorcar" v="no" />
    <tag k="motorcycle" v="yes" />
    <tag k="service" v="alley" />
  </way>
  <way id="889095073" version="4" timestamp="2024-11-12T06:48:59Z" changeset="159037313" uid="21825913" user="map_newbie_206">
    <nd ref="8265788960" />
    <nd ref="8265788949" />
    <nd ref="8265788959" />
    <nd ref="8265788958" />
    <nd ref="8265788957" />
    <nd ref="8265788956" />
    <nd ref="8265788955" />
    <tag k="highway" v="service" />
    <tag k="motorcycle" v="yes" />
    <tag k="name" v="Ngách 349/30 Phố Minh Khai" />
    <tag k="service" v="alley" />
  </way>
  <way id="889095074" version="6" timestamp="2025-02-25T14:14:19Z" changeset="162934157" uid="11196308" user="vietnam321">
    <nd ref="8265788964" />
    <nd ref="8265788963" />
    <nd ref="8342452088" />
    <nd ref="8342452089" />
    <nd ref="8265788962" />
    <nd ref="5845486443" />
    <nd ref="5709913435" />
    <tag k="highway" v="service" />
    <tag k="motorcycle" v="yes" />
    <tag k="service" v="alley" />
  </way>
  <way id="889095076" version="7" timestamp="2025-08-15T07:08:17Z" changeset="170466051" uid="20910140" user="Hung Tran 9x0">
    <nd ref="13072003068" />
    <nd ref="8265788969" />
    <nd ref="8265788968" />
    <nd ref="8265788965" />
    <nd ref="8265788967" />
    <tag k="highway" v="service" />
    <tag k="motorcar" v="destination" />
    <tag k="service" v="alley" />
  </way>
  <way id="889095077" version="6" timestamp="2025-08-15T07:08:17Z" changeset="170466051" uid="20910140" user="Hung Tran 9x0">
    <nd ref="8265788970" />
    <nd ref="8265788971" />
    <tag k="highway" v="service" />
    <tag k="motorcycle" v="yes" />
    <tag k="name" v="Ngõ 349 Phố Minh Khai" />
    <tag k="service" v="alley" />
  </way>
  <way id="889095078" version="8" timestamp="2025-08-15T07:08:17Z" changeset="170466051" uid="20910140" user="Hung Tran 9x0">
    <nd ref="8265788978" />
    <nd ref="8265788953" />
    <nd ref="8265788951" />
    <nd ref="8265788959" />
    <tag k="highway" v="service" />
    <tag k="motorcar" v="destination" />
    <tag k="name" v="Ngách 559/86 Phố Kim Ngưu" />
    <tag k="service" v="alley" />
  </way>
  <way id="889095079" version="3" timestamp="2024-10-28T07:17:57Z" changeset="158442125" uid="3323343" user="phoenixsaigon1698">
    <nd ref="8265788979" />
    <nd ref="8265788983" />
    <tag k="highway" v="service" />
    <tag k="motorcycle" v="yes" />
    <tag k="service" v="alley" />
  </way>
  <way id="889095080" version="4" timestamp="2025-09-27T16:57:10Z" changeset="172535003" uid="22065819" user="Hung159">
    <nd ref="8265788981" />
    <nd ref="8265788979" />
    <nd ref="12021450381" />
    <nd ref="8265788980" />
    <tag k="highway" v="service" />
    <tag k="motorcycle" v="yes" />
    <tag k="name" v="Ngách 26/25 Phố Yên Lạc" />
    <tag k="service" v="alley" />
  </way>
  <way id="889095081" version="4" timestamp="2025-09-27T16:57:10Z" changeset="172535003" uid="22065819" user="Hung159">
    <nd ref="8265788985" />
    <nd ref="8265788983" />
    <nd ref="8265788982" />
    <tag k="highway" v="service" />
    <tag k="motorcycle" v="yes" />
    <tag k="name" v="Ngách 26/9 Phố Yên Lạc" />
    <tag k="service" v="alley" />
  </way>
  <way id="889095082" version="4" timestamp="2024-06-30T01:40:38Z" changeset="153352705" uid="3323343" user="phoenixsaigon1698">
    <nd ref="8265788986" />
    <nd ref="8265788980" />
    <nd ref="8342175845" />
    <nd ref="8265788985" />
    <nd ref="8265788984" />
    <tag k="highway" v="service" />
    <tag k="motorcycle" v="yes" />
    <tag k="service" v="alley" />
  </way>
  <way id="889095084" version="6" timestamp="2025-09-27T16:57:10Z" changeset="172535003" uid="22065819" user="Hung159">
    <nd ref="8265788988" />
    <nd ref="317910537" />
    <tag k="highway" v="service" />
    <tag k="motorcar" v="destination" />
    <tag k="name" v="Ngõ 64 Phố Yên Lạc" />
    <tag k="service" v="alley" />
  </way>
  <way id="889095085" version="2" timestamp="2025-06-05T07:34:57Z" changeset="167208923" uid="3323343" user="phoenixsaigon1698">
    <nd ref="8265788995" />
    <nd ref="8265788994" />
    <tag k="highway" v="service" />
    <tag k="motorcar" v="no" />
    <tag k="motorcycle" v="yes" />
    <tag k="service" v="alley" />
  </way>
  <way id="889095086" version="3" timestamp="2025-06-05T07:34:57Z" changeset="167208923" uid="3323343" user="phoenixsaigon1698">
    <nd ref="8265789001" />
    <nd ref="8265788997" />
    <nd ref="8265788993" />
    <nd ref="8265788995" />
    <nd ref="8265788996" />
    <tag k="highway" v="service" />
    <tag k="motorcycle" v="yes" />
    <tag k="service" v="alley" />
  </way>
  <way id="889095087" version="4" timestamp="2026-02-08T05:15:47Z" changeset="178252551" uid="11141338" user="FanaticAir75626">
    <nd ref="8265789002" />
    <nd ref="8265789001" />
    <nd ref="8265788994" />
    <nd ref="8265789000" />
    <nd ref="8265788998" />
    <nd ref="13533539894" />
    <tag k="highway" v="service" />
    <tag k="motorcycle" v="yes" />
    <tag k="service" v="alley" />
  </way>
  <way id="889095159" version="4" timestamp="2025-08-02T05:33:19Z" changeset="169845514" uid="20910140" user="Hung Tran 9x0">
    <nd ref="8265789279" />
    <nd ref="13042463435" />
    <nd ref="11484347391" />
    <nd ref="8265789250" />
    <nd ref="8715257020" />
    <tag k="highway" v="service" />
    <tag k="motorcar" v="destination" />
    <tag k="service" v="alley" />
  </way>
  <way id="889095160" version="2" timestamp="2024-01-04T03:00:42Z" changeset="145862055" uid="18820325" user="Grab_Cong">
    <nd ref="11484356939" />
    <nd ref="8265789254" />
    <nd ref="8265789253" />
    <nd ref="8265789252" />
    <nd ref="8265789251" />
    <nd ref="8265789273" />
    <tag k="highway" v="service" />
    <tag k="motorcar" v="destination" />
    <tag k="service" v="alley" />
  </way>
  <way id="889095161" version="7" timestamp="2026-03-15T06:11:58Z" changeset="179884342" uid="20910140" user="Hung Tran 9x0">
    <nd ref="8265789263" />
    <nd ref="9684708228" />
    <nd ref="8265789259" />
    <nd ref="9684708229" />
    <nd ref="13649015838" />
    <nd ref="8265789258" />
    <nd ref="8265789257" />
    <nd ref="9684708231" />
    <nd ref="9684708230" />
    <nd ref="13042463434" />
    <tag k="highway" v="service" />
    <tag k="motorcar" v="destination" />
    <tag k="name" v="Ngõ 359 Phố Minh Khai" />
    <tag k="old_name" v="Ngõ 461 Phố Minh Khai" />
    <tag k="service" v="alley" />
  </way>
  <way id="889095162" version="3" timestamp="2025-08-02T05:33:19Z" changeset="169845514" uid="20910140" user="Hung Tran 9x0">
    <nd ref="8265789264" />
    <nd ref="8265789263" />
    <tag k="highway" v="service" />
    <tag k="motorcar" v="destination" />
    <tag k="name" v="Ngõ 359 Phố Minh Khai" />
    <tag k="old_name" v="Ngõ 461 Phố Minh Khai" />
    <tag k="service" v="alley" />
  </way>
  <way id="889095163" version="3" timestamp="2024-01-04T02:52:58Z" changeset="145861908" uid="18820325" user="Grab_Cong">
    <nd ref="11484347399" />
    <nd ref="11484347398" />
    <nd ref="11484347397" />
    <nd ref="11484347396" />
    <nd ref="11484347395" />
    <nd ref="8265789268" />
    <nd ref="8265789267" />
    <nd ref="8265789266" />
    <nd ref="11484347394" />
    <nd ref="8265789265" />
    <nd ref="11484347400" />
    <tag k="highway" v="service" />
    <tag k="motorcar" v="destination" />
    <tag k="service" v="alley" />
  </way>
  <way id="889095165" version="5" timestamp="2025-08-02T05:33:19Z" changeset="169845514" uid="20910140" user="Hung Tran 9x0">
    <nd ref="8265789280" />
    <nd ref="10137756344" />
    <nd ref="8341987621" />
    <nd ref="8265789279" />
    <nd ref="8265789270" />
    <nd ref="8265789278" />
    <nd ref="8265789277" />
    <nd ref="8341987625" />
    <nd ref="8341987624" />
    <nd ref="8265789269" />
    <nd ref="11484347399" />
    <nd ref="8265789276" />
    <nd ref="8341987627" />
    <nd ref="8341987628" />
    <nd ref="8341987629" />
    <nd ref="8341987630" />
    <nd ref="8265789275" />
    <nd ref="8341987631" />
    <nd ref="8341987632" />
    <nd ref="8341987633" />
    <nd ref="8265789274" />
    <nd ref="8341987634" />
    <nd ref="8341987635" />
    <nd ref="8341987636" />
    <nd ref="8265789273" />
    <nd ref="8265789264" />
    <tag k="highway" v="service" />
    <tag k="motorcar" v="destination" />
    <tag k="name" v="Ngõ 359 Phố Minh Khai" />
    <tag k="old_name" v="Ngõ 461 Phố Minh Khai" />
    <tag k="service" v="alley" />
  </way>
  <way id="889095166" version="5" timestamp="2025-09-27T16:57:10Z" changeset="172535003" uid="22065819" user="Hung159">
    <nd ref="8265789283" />
    <nd ref="10137756323" />
    <nd ref="8265789282" />
    <nd ref="8265789281" />
    <tag k="highway" v="service" />
    <tag k="motorcar" v="destination" />
    <tag k="motorcycle" v="destination" />
    <tag k="name" v="Ngõ 7 Phố Mạc Thị Bưởi" />
    <tag k="service" v="alley" />
  </way>
  <way id="889095170" version="4" timestamp="2025-05-09T06:50:39Z" changeset="166013180" uid="20910140" user="Hung Tran 9x0">
    <nd ref="5709934325" />
    <nd ref="8265789292" />
    <nd ref="11876062148" />
    <nd ref="5709934324" />
    <nd ref="8265789296" />
    <nd ref="8265789291" />
    <tag k="highway" v="service" />
    <tag k="motorcar" v="destination" />
    <tag k="service" v="alley" />
    <tag k="surface" v="concrete" />
  </way>
  <way id="889095172" version="2" timestamp="2024-05-03T09:43:21Z" changeset="150827793" uid="3323343" user="phoenixsaigon1698">
    <nd ref="8265789301" />
    <nd ref="8265789300" />
    <nd ref="8265789299" />
    <tag k="highway" v="service" />
    <tag k="motorcar" v="no" />
    <tag k="motorcycle" v="yes" />
    <tag k="service" v="alley" />
  </way>
  <way id="889095174" version="3" timestamp="2025-11-23T07:19:27Z" changeset="175014967" uid="20910140" user="Hung Tran 9x0">
    <nd ref="5721861417" />
    <nd ref="8265789305" />
    <nd ref="13325677380" />
    <nd ref="13325677379" />
    <nd ref="13325677382" />
    <tag k="highway" v="service" />
    <tag k="motorcar" v="no" />
    <tag k="motorcycle" v="yes" />
    <tag k="name" v="Ngách 433/8 Phố Kim Ngưu" />
    <tag k="service" v="alley" />
  </way>
  <way id="889095175" version="4" timestamp="2024-06-30T01:40:38Z" changeset="153352705" uid="3323343" user="phoenixsaigon1698">
    <nd ref="8265789308" />
    <nd ref="8265789307" />
    <nd ref="5686672058" />
    <tag k="highway" v="service" />
    <tag k="motorcycle" v="yes" />
    <tag k="name" v="Ngõ 90 Phố Yên Lạc" />
    <tag k="service" v="alley" />
  </way>
  <way id="889095183" version="2" timestamp="2024-05-03T09:43:21Z" changeset="150827793" uid="3323343" user="phoenixsaigon1698">
    <nd ref="8265789336" />
    <nd ref="8265789335" />
    <nd ref="8265789334" />
    <tag k="highway" v="service" />
    <tag k="motorcar" v="no" />
    <tag k="motorcycle" v="yes" />
    <tag k="service" v="alley" />
  </way>
  <way id="889095187" version="3" timestamp="2024-06-30T14:45:22Z" changeset="153372687" uid="3323343" user="phoenixsaigon1698">
    <nd ref="12022901704" />
    <nd ref="8265789370" />
    <tag k="highway" v="service" />
    <tag k="motorcar" v="no" />
    <tag k="motorcycle" v="yes" />
    <tag k="service" v="alley" />
  </way>
  <way id="889095188" version="3" timestamp="2025-09-27T16:57:10Z" changeset="172535003" uid="22065819" user="Hung159">
    <nd ref="8265789346" />
    <nd ref="8265789345" />
    <nd ref="8265789344" />
    <nd ref="8265789343" />
    <tag k="highway" v="service" />
    <tag k="motorcar" v="no" />
    <tag k="motorcycle" v="yes" />
    <tag k="name" v="Ngõ 17 Phố Mạc Thị Bưởi" />
    <tag k="service" v="alley" />
  </way>
  <way id="889095189" version="6" timestamp="2024-06-30T14:45:22Z" changeset="153372687" uid="3323343" user="phoenixsaigon1698">
    <nd ref="11038732725" />
    <nd ref="5704543885" />
    <tag k="highway" v="service" />
    <tag k="motorcar" v="no" />
    <tag k="motorcycle" v="yes" />
  </way>
  <way id="889095195" version="10" timestamp="2026-04-07T00:02:56Z" changeset="180973222" uid="16014056" user="Trần Thanh Tuấn">
    <nd ref="8265789378" />
    <nd ref="12022901708" />
    <nd ref="8265789377" />
    <nd ref="8265789366" />
    <nd ref="8265789376" />
    <nd ref="8265789362" />
    <nd ref="8265789375" />
    <nd ref="8265789360" />
    <nd ref="8265789374" />
    <nd ref="8265789358" />
    <nd ref="8265789373" />
    <nd ref="8265789338" />
    <nd ref="8265789372" />
    <nd ref="8265789334" />
    <nd ref="8265789370" />
    <nd ref="8265789369" />
    <nd ref="10139175447" />
    <nd ref="8265789368" />
    <tag k="highway" v="service" />
    <tag k="motorcar" v="no" />
    <tag k="motorcycle" v="yes" />
    <tag k="name" v="Ngõ 292 Đường Nguyễn Khoái" />
    <tag k="service" v="alley" />
  </way>
  <way id="889141587" version="3" timestamp="2026-06-08T04:32:24Z" changeset="183807915" uid="23326231" user="Vmosnokia31">
    <nd ref="8266224887" />
    <nd ref="8266224888" />
    <nd ref="8266224886" />
    <nd ref="8266224885" />
    <tag k="highway" v="service" />
    <tag k="motorcar" v="no" />
    <tag k="motorcycle" v="yes" />
    <tag k="service" v="alley" />
  </way>
  <way id="889141588" version="4" timestamp="2026-06-08T04:32:24Z" changeset="183807915" uid="23326231" user="Vmosnokia31">
    <nd ref="5707645679" />
    <nd ref="8266224889" />
    <nd ref="8266224888" />
    <tag k="highway" v="service" />
    <tag k="motorcar" v="no" />
    <tag k="motorcycle" v="yes" />
    <tag k="service" v="alley" />
  </way>
  <way id="889141589" version="2" timestamp="2023-07-07T07:48:32Z" changeset="138217258" uid="17344224" user="Arkskyle">
    <nd ref="8266224894" />
    <nd ref="8266224895" />
    <nd ref="8266224893" />
    <nd ref="8266224892" />
    <nd ref="8266224891" />
    <tag k="highway" v="service" />
    <tag k="motorcar" v="no" />
    <tag k="motorcycle" v="yes" />
    <tag k="service" v="alley" />
  </way>
  <way id="889141590" version="2" timestamp="2023-07-07T07:48:32Z" changeset="138217258" uid="17344224" user="Arkskyle">
    <nd ref="8266224896" />
    <nd ref="8266224895" />
    <tag k="highway" v="service" />
    <tag k="motorcar" v="no" />
    <tag k="motorcycle" v="yes" />
    <tag k="service" v="alley" />
  </way>
  <way id="889141591" version="2" timestamp="2023-07-07T07:48:32Z" changeset="138217258" uid="17344224" user="Arkskyle">
    <nd ref="5707645708" />
    <nd ref="8266224894" />
    <nd ref="8266224897" />
    <tag k="highway" v="service" />
    <tag k="motorcar" v="no" />
    <tag k="motorcycle" v="yes" />
    <tag k="service" v="alley" />
  </way>
  <way id="895497302" version="2" timestamp="2023-10-24T02:15:30Z" changeset="143043954" uid="10998284" user="FlashNL">
    <nd ref="5703895545" />
    <nd ref="8324036437" />
    <tag k="highway" v="service" />
  </way>
  <way id="896522462" version="3" timestamp="2026-05-10T08:56:38Z" changeset="182455948" uid="23326231" user="Vmosnokia31">
    <nd ref="8333865842" />
    <nd ref="13813225578" />
    <nd ref="8333865840" />
    <tag k="highway" v="service" />
  </way>
  <way id="896525394" version="9" timestamp="2026-06-08T13:49:19Z" changeset="183830129" uid="23326231" user="Vmosnokia31">
    <nd ref="7327264286" />
    <nd ref="12459907880" />
    <nd ref="12459907881" />
    <nd ref="8333862994" />
    <nd ref="8333862987" />
    <nd ref="8333862993" />
    <nd ref="13920217557" />
    <nd ref="8333862992" />
    <tag k="highway" v="service" />
    <tag k="motorcar" v="no" />
    <tag k="name" v="Ngõ 256 Phố Dương Văn Bé" />
    <tag k="service" v="alley" />
    <tag k="surface" v="concrete" />
  </way>
  <way id="897550865" version="3" timestamp="2025-09-27T16:57:10Z" changeset="172535003" uid="22065819" user="Hung159">
    <nd ref="8342022369" />
    <nd ref="8342022368" />
    <nd ref="8342022362" />
    <nd ref="8342022363" />
    <nd ref="8342022364" />
    <nd ref="8342022367" />
    <nd ref="8342022366" />
    <tag k="highway" v="service" />
    <tag k="motorcar" v="destination" />
    <tag k="name" v="Ngõ 54 Phố Mạc Thị Bưởi" />
    <tag k="service" v="alley" />
  </way>
  <way id="897562245" version="3" timestamp="2025-08-17T04:12:20Z" changeset="170547962" uid="22065819" user="Hung159">
    <nd ref="8342080854" />
    <nd ref="8342126391" />
    <tag k="highway" v="service" />
    <tag k="name" v="Ngõ 57 Phố Vĩnh Tuy" />
    <tag k="service" v="alley" />
  </way>
  <way id="897565701" version="2" timestamp="2024-06-30T14:45:22Z" changeset="153372687" uid="3323343" user="phoenixsaigon1698">
    <nd ref="5704144797" />
    <nd ref="8342153073" />
    <nd ref="8342153072" />
    <nd ref="8342153071" />
    <nd ref="8342153070" />
    <nd ref="8342153069" />
    <tag k="highway" v="service" />
  </way>
  <way id="897589273" version="7" timestamp="2025-09-27T16:57:10Z" changeset="172535003" uid="22065819" user="Hung159">
    <nd ref="1497971299" />
    <nd ref="8342289274" />
    <nd ref="10137756358" />
    <nd ref="8342179670" />
    <tag k="highway" v="residential" />
    <tag k="name" v="Ngõ 156 Phố Lạc Trung" />
  </way>
  <way id="897612683" version="2" timestamp="2025-02-25T14:14:19Z" changeset="162934157" uid="11196308" user="vietnam321">
    <nd ref="5709913440" />
    <nd ref="8342488298" />
    <nd ref="8342488297" />
    <nd ref="8342488296" />
    <nd ref="8342488295" />
    <tag k="highway" v="residential" />
  </way>
  <way id="924724292" version="3" timestamp="2023-09-05T17:28:19Z" changeset="140861161" uid="11691953" user="ItsLouisAnderson">
    <nd ref="8582191782" />
    <nd ref="8582191781" />
    <nd ref="8582191780" />
    <nd ref="8582191779" />
    <nd ref="8582191794" />
    <nd ref="8582191795" />
    <nd ref="8582191796" />
    <nd ref="8582191797" />
    <nd ref="8582191798" />
    <nd ref="8582191799" />
    <nd ref="8582191800" />
    <nd ref="8582191782" />
    <tag k="building" v="yes" />
    <tag k="name" v="Century Tower" />
  </way>
  <way id="944100709" version="7" timestamp="2026-06-10T09:20:10Z" changeset="183912581" uid="11196308" user="vietnam321">
    <nd ref="5709913463" />
    <nd ref="10137756461" />
    <nd ref="11046698475" />
    <nd ref="5689955856" />
    <nd ref="7920620913" />
    <tag k="highway" v="primary" />
    <tag k="lanes" v="2" />
    <tag k="lit" v="yes" />
    <tag k="name" v="Phố Minh Khai" />
    <tag k="name:en" v="Minh Khai Street" />
    <tag k="name:etymology:wikidata" v="Q7022971" />
    <tag k="oneway" v="yes" />
    <tag k="surface" v="asphalt" />
  </way>
  <way id="944300309" version="2" timestamp="2024-04-29T04:02:04Z" changeset="150643334" uid="11196308" user="vietnam321">
    <nd ref="8742818655" />
    <nd ref="8742818466" />
    <nd ref="11865303187" />
    <nd ref="8742818630" />
    <nd ref="8742818595" />
    <nd ref="8742818441" />
    <nd ref="8742818603" />
    <nd ref="8742818569" />
    <nd ref="8742818417" />
    <nd ref="11865303184" />
    <nd ref="11865303186" />
    <nd ref="11865303185" />
    <nd ref="11865303183" />
    <nd ref="8742808382" />
    <nd ref="8742818547" />
    <nd ref="8742818655" />
    <tag k="building" v="school" />
  </way>
  <way id="944300327" version="2" timestamp="2024-04-29T05:43:01Z" changeset="150645278" uid="11196308" user="vietnam321">
    <nd ref="8742818572" />
    <nd ref="8742808384" />
    <nd ref="8742818549" />
    <nd ref="8742818513" />
    <nd ref="8742808360" />
    <nd ref="11865416904" />
    <nd ref="11865416903" />
    <nd ref="8742818643" />
    <nd ref="8742818572" />
    <tag k="building" v="kindergarten" />
    <tag k="layer" v="0" />
  </way>
  <way id="944300344" version="3" timestamp="2024-04-29T04:02:04Z" changeset="150643334" uid="11196308" user="vietnam321">
    <nd ref="8742818660" />
    <nd ref="8742818475" />
    <nd ref="11865303170" />
    <nd ref="11865303169" />
    <nd ref="8742818438" />
    <nd ref="8742818600" />
    <nd ref="11865303176" />
    <nd ref="11865303178" />
    <nd ref="11865303177" />
    <nd ref="11865303175" />
    <nd ref="8742818449" />
    <nd ref="8742808414" />
    <nd ref="11865303172" />
    <nd ref="11865303174" />
    <nd ref="11865303173" />
    <nd ref="11865303171" />
    <nd ref="8742818578" />
    <nd ref="8742818424" />
    <nd ref="8742818660" />
    <tag k="building" v="school" />
  </way>
  <way id="944300349" version="2" timestamp="2024-04-29T04:02:04Z" changeset="150643334" uid="11196308" user="vietnam321">
    <nd ref="8742818521" />
    <nd ref="8742808368" />
    <nd ref="8742818647" />
    <nd ref="11865303182" />
    <nd ref="8742818521" />
    <tag k="building" v="school" />
  </way>
  <way id="949262764" version="3" timestamp="2025-08-17T04:12:20Z" changeset="170547962" uid="22065819" user="Hung159">
    <nd ref="4955948031" />
    <nd ref="10139175322" />
    <nd ref="5704543889" />
    <tag k="fixme" v="maxweight" />
    <tag k="highway" v="residential" />
    <tag k="name" v="Ngõ 34 Phố Vĩnh Tuy" />
    <tag k="surface" v="asphalt" />
  </way>
  <way id="951487943" version="5" timestamp="2026-06-10T09:20:10Z" changeset="183912581" uid="11196308" user="vietnam321">
    <nd ref="4955947858" />
    <nd ref="5629422884" />
    <tag k="highway" v="primary" />
    <tag k="lanes" v="2" />
    <tag k="lit" v="yes" />
    <tag k="name" v="Phố Minh Khai" />
    <tag k="name:en" v="Minh Khai Street" />
    <tag k="name:etymology:wikidata" v="Q7022971" />
    <tag k="oneway" v="yes" />
    <tag k="surface" v="asphalt" />
  </way>
  <way id="951487944" version="5" timestamp="2026-06-10T09:20:10Z" changeset="183912581" uid="11196308" user="vietnam321">
    <nd ref="4955947881" />
    <nd ref="8265789283" />
    <nd ref="9885522674" />
    <nd ref="8265789280" />
    <nd ref="4955947857" />
    <tag k="highway" v="primary" />
    <tag k="lanes" v="2" />
    <tag k="lit" v="yes" />
    <tag k="name" v="Phố Minh Khai" />
    <tag k="name:en" v="Minh Khai Street" />
    <tag k="name:etymology:wikidata" v="Q7022971" />
    <tag k="oneway" v="yes" />
    <tag k="surface" v="asphalt" />
  </way>
  <way id="952866892" version="6" timestamp="2026-04-27T13:35:28Z" changeset="181891442" uid="23326231" user="Vmosnokia31">
    <nd ref="8819653568" />
    <nd ref="10284870848" />
    <nd ref="5629422872" />
    <tag k="highway" v="tertiary" />
    <tag k="lanes" v="4" />
    <tag k="maxspeed" v="30" />
    <tag k="name" v="Đường Số 1 Times City - 458 Minh Khai" />
    <tag k="name:en" v="Road Number 1 Times City - 458 Minh Khai" />
    <tag k="surface" v="asphalt" />
  </way>
  <way id="954158323" version="1" timestamp="2021-06-14T07:09:24Z" changeset="106315071" uid="11519196" user="span_1">
    <nd ref="8831186319" />
    <nd ref="8831186317" />
    <nd ref="8831153316" />
    <nd ref="8831153313" />
    <nd ref="8831153314" />
    <nd ref="8831153315" />
    <nd ref="8831186318" />
    <tag k="highway" v="service" />
  </way>
  <way id="954166999" version="1" timestamp="2021-06-14T07:46:21Z" changeset="106317564" uid="11519196" user="span_1">
    <nd ref="5704144789" />
    <nd ref="8831277538" />
    <nd ref="8831277537" />
    <nd ref="2294389046" />
    <tag k="highway" v="service" />
  </way>
  <way id="954167171" version="2" timestamp="2024-06-30T01:40:38Z" changeset="153352705" uid="3323343" user="phoenixsaigon1698">
    <nd ref="8831281020" />
    <nd ref="8831281019" />
    <nd ref="8831281018" />
    <nd ref="8831281017" />
    <nd ref="8831269716" />
    <nd ref="8831269715" />
    <tag k="highway" v="service" />
    <tag k="service" v="parking_aisle" />
  </way>
  <way id="954362662" version="2" timestamp="2026-05-10T08:56:38Z" changeset="182455948" uid="23326231" user="Vmosnokia31">
    <nd ref="8833066255" />
    <nd ref="8833066256" />
    <nd ref="8833066257" />
    <nd ref="8833066258" />
    <nd ref="8833066259" />
    <nd ref="8833066260" />
    <nd ref="8833066255" />
    <tag k="addr:housenumber" v="CT2" />
    <tag k="building" v="apartments" />
    <tag k="building:levels" v="21" />
    <tag k="name" v="CT2" />
  </way>
  <way id="954362663" version="2" timestamp="2026-05-10T08:56:38Z" changeset="182455948" uid="23326231" user="Vmosnokia31">
    <nd ref="8833066261" />
    <nd ref="8833066262" />
    <nd ref="8833066263" />
    <nd ref="8833066264" />
    <nd ref="8833066265" />
    <nd ref="8833066266" />
    <nd ref="8833066261" />
    <tag k="addr:housenumber" v="CT1" />
    <tag k="building" v="apartments" />
    <tag k="building:levels" v="19" />
    <tag k="name" v="CT1" />
  </way>
  <way id="954362665" version="2" timestamp="2026-05-10T08:56:38Z" changeset="182455948" uid="23326231" user="Vmosnokia31">
    <nd ref="8833066268" />
    <nd ref="8833066269" />
    <nd ref="8833066270" />
    <nd ref="8833066271" />
    <nd ref="8833066272" />
    <nd ref="8833066267" />
    <nd ref="8833066273" />
    <nd ref="8833066274" />
    <tag k="highway" v="residential" />
    <tag k="name" v="Ngõ 536 Phố Minh Khai" />
  </way>
  <way id="954362666" version="3" timestamp="2026-05-10T08:56:38Z" changeset="182455948" uid="23326231" user="Vmosnokia31">
    <nd ref="8833066275" />
    <nd ref="8833066276" />
    <nd ref="8833066277" />
    <nd ref="8833066278" />
    <nd ref="8833066279" />
    <nd ref="13050147688" />
    <nd ref="13050147689" />
    <nd ref="8833066280" />
    <nd ref="8833066281" />
    <nd ref="8833066282" />
    <nd ref="8833066275" />
    <tag k="addr:street" v="Ngõ 622 Phố Minh Khai" />
    <tag k="building" v="apartments" />
    <tag k="building:levels" v="20" />
    <tag k="name" v="Amber Riverside" />
  </way>
  <way id="954542124" version="5" timestamp="2026-06-10T09:20:10Z" changeset="183912581" uid="11196308" user="vietnam321">
    <nd ref="4955947897" />
    <nd ref="5704144804" />
    <nd ref="4955947918" />
    <tag k="highway" v="secondary" />
    <tag k="lanes" v="1" />
    <tag k="name" v="Phố Minh Khai" />
    <tag k="name:en" v="Minh Khai Street" />
    <tag k="name:etymology:wikidata" v="Q7022971" />
    <tag k="oneway" v="yes" />
    <tag k="surface" v="asphalt" />
  </way>
  <way id="954542125" version="4" timestamp="2026-06-10T09:20:10Z" changeset="183912581" uid="11196308" user="vietnam321">
    <nd ref="4955947906" />
    <nd ref="2953971627" />
    <tag k="cycleway:right" v="shared_lane" />
    <tag k="highway" v="primary" />
    <tag k="lanes" v="2" />
    <tag k="lit" v="yes" />
    <tag k="name" v="Phố Minh Khai" />
    <tag k="name:en" v="Minh Khai Street" />
    <tag k="name:etymology:wikidata" v="Q7022971" />
    <tag k="oneway" v="yes" />
    <tag k="surface" v="asphalt" />
  </way>
  <way id="954542128" version="3" timestamp="2025-02-12T12:29:03Z" changeset="162427169" uid="16194143" user="Tewuzij">
    <nd ref="4955947906" />
    <nd ref="4955947917" />
    <nd ref="4955947916" />
    <nd ref="5845486479" />
    <nd ref="4955947915" />
    <nd ref="5845486474" />
    <nd ref="4955947914" />
    <nd ref="4955947913" />
    <tag k="highway" v="primary" />
    <tag k="junction" v="roundabout" />
    <tag k="lanes" v="1" />
    <tag k="lit" v="yes" />
    <tag k="oneway" v="yes" />
    <tag k="surface" v="asphalt" />
  </way>
  <way id="963557963" version="4" timestamp="2026-08-14T01:02:05Z" changeset="187417564" uid="11196308" user="vietnam321">
    <nd ref="8912947990" />
    <nd ref="8912930374" />
    <nd ref="8912947960" />
    <nd ref="8912930396" />
    <nd ref="8912947953" />
    <nd ref="8912930382" />
    <nd ref="8912930387" />
    <nd ref="8912947990" />
    <tag k="addr:housenumber" v="460" />
    <tag k="addr:street" v="Phố Minh Khai" />
    <tag k="building" v="yes" />
    <tag k="email" v="banbientap.cddm@gmail.com" />
    <tag k="fax" v="+84 24 3862 5547" />
    <tag k="name" v="Công đoàn Dệt may Việt Nam" />
    <tag k="office" v="union" />
    <tag k="phone" v="+84 24 3633 9839" />
    <tag k="website" v="http://www.congdoandetmay.vn/" />
  </way>
  <way id="963557964" version="1" timestamp="2021-07-12T06:44:46Z" changeset="107814813" uid="11196308" user="vietnam321">
    <nd ref="8912948005" />
    <nd ref="8912930369" />
    <nd ref="8912930365" />
    <nd ref="8912930361" />
    <nd ref="8912947920" />
    <nd ref="8912948025" />
    <nd ref="8912948005" />
    <tag k="building" v="university" />
    <tag k="name" v="H.A2" />
  </way>
  <way id="963557965" version="2" timestamp="2025-06-22T06:51:12Z" changeset="167939729" uid="20910140" user="Hung Tran 9x0">
    <nd ref="8912947977" />
    <nd ref="8912947966" />
    <nd ref="8912930405" />
    <nd ref="8912947956" />
    <nd ref="8912930390" />
    <nd ref="8912947951" />
    <nd ref="8912930376" />
    <nd ref="8912947982" />
    <nd ref="8912930367" />
    <nd ref="8912947971" />
    <nd ref="8912930415" />
    <nd ref="8912947962" />
    <nd ref="8912930399" />
    <nd ref="8912947954" />
    <nd ref="8912930384" />
    <nd ref="8912947992" />
    <nd ref="8912930371" />
    <nd ref="8912947977" />
    <tag k="addr:street" v="Phố Minh Khai" />
    <tag k="building" v="university" />
    <tag k="name" v="Văn phòng Trường Đại học Kinh tế - Kỹ thuật Công nghiệp" />
  </way>
  <way id="963557969" version="2" timestamp="2026-02-26T03:26:39Z" changeset="179065371" uid="23326231" user="Vmosnokia31">
    <nd ref="8912947944" />
    <nd ref="8912947974" />
    <nd ref="8912930360" />
    <nd ref="8912947965" />
    <nd ref="8912948024" />
    <nd ref="8912947955" />
    <nd ref="8912930387" />
    <nd ref="8912947990" />
    <nd ref="8912930374" />
    <nd ref="8912947980" />
    <nd ref="8912947944" />
    <tag k="building" v="university" />
    <tag k="name" v="H.H1" />
  </way>
  <way id="963557971" version="1" timestamp="2021-07-12T06:44:46Z" changeset="107814813" uid="11196308" user="vietnam321">
    <nd ref="8912947948" />
    <nd ref="8912947964" />
    <nd ref="8912930364" />
    <nd ref="8912947968" />
    <nd ref="8912948028" />
    <nd ref="8912948008" />
    <nd ref="8912947948" />
    <tag k="building" v="university" />
    <tag k="name" v="H.A7" />
  </way>
  <way id="963557973" version="1" timestamp="2021-07-12T06:44:46Z" changeset="107814813" uid="11196308" user="vietnam321">
    <nd ref="8912948010" />
    <nd ref="8912947961" />
    <nd ref="8912930375" />
    <nd ref="8912947938" />
    <nd ref="8912930366" />
    <nd ref="8912948010" />
    <tag k="building" v="university" />
    <tag k="name" v="H.A3" />
  </way>
  <way id="963557978" version="1" timestamp="2021-07-12T06:44:46Z" changeset="107814813" uid="11196308" user="vietnam321">
    <nd ref="8912947961" />
    <nd ref="8912948025" />
    <nd ref="8912948005" />
    <nd ref="8912930368" />
    <nd ref="8912947941" />
    <nd ref="8912930378" />
    <nd ref="8912930370" />
    <nd ref="8912947950" />
    <nd ref="8912930375" />
    <nd ref="8912947961" />
    <tag k="building" v="university" />
    <tag k="name" v="H.A5" />
  </way>
  <way id="963557979" version="1" timestamp="2021-07-12T06:44:46Z" changeset="107814813" uid="11196308" user="vietnam321">
    <nd ref="8912930365" />
    <nd ref="8912930369" />
    <nd ref="8912930358" />
    <nd ref="8912930410" />
    <nd ref="8912947965" />
    <nd ref="8912930360" />
    <nd ref="8912948017" />
    <nd ref="8912930365" />
    <tag k="building" v="university" />
    <tag k="name" v="H.A1" />
  </way>
  <way id="963557981" version="1" timestamp="2021-07-12T06:44:46Z" changeset="107814813" uid="11196308" user="vietnam321">
    <nd ref="8912930378" />
    <nd ref="8912948027" />
    <nd ref="8912947957" />
    <nd ref="8912948013" />
    <nd ref="8912930378" />
    <tag k="building" v="university" />
    <tag k="name" v="H.A4" />
  </way>
  <way id="963557983" version="1" timestamp="2021-07-12T06:44:46Z" changeset="107814813" uid="11196308" user="vietnam321">
    <nd ref="8912930378" />
    <nd ref="8912930370" />
    <nd ref="8912947948" />
    <nd ref="8912947964" />
    <nd ref="8912948021" />
    <nd ref="8912948013" />
    <nd ref="8912930378" />
    <tag k="building" v="university" />
    <tag k="name" v="H.A6" />
  </way>
  <way id="971898940" version="7" timestamp="2026-04-07T00:02:56Z" changeset="180973222" uid="16014056" user="Trần Thanh Tuấn">
    <nd ref="995292009" />
    <nd ref="12890253823" />
    <nd ref="12890253814" />
    <nd ref="3776050434" />
    <nd ref="2218590770" />
    <nd ref="829378851" />
    <tag k="highway" v="primary" />
    <tag k="lanes" v="2" />
    <tag k="lit" v="yes" />
    <tag k="name" v="Đường Nguyễn Khoái" />
    <tag k="name:en" v="Nguyen Khoai Road" />
    <tag k="oneway" v="yes" />
    <tag k="surface" v="asphalt" />
  </way>
  <way id="1021041165" version="2" timestamp="2024-06-30T01:40:38Z" changeset="153352705" uid="3323343" user="phoenixsaigon1698">
    <nd ref="9417211700" />
    <nd ref="9417211701" />
    <nd ref="9417211702" />
    <nd ref="9417211703" />
    <tag k="highway" v="service" />
    <tag k="name" v="Ngõ 27 Phố Vĩnh Tuy" />
    <tag k="service" v="alley" />
  </way>
  <way id="1042519575" version="4" timestamp="2026-06-10T09:20:10Z" changeset="183912581" uid="11196308" user="vietnam321">
    <nd ref="4955947878" />
    <nd ref="4955947858" />
    <tag k="highway" v="primary" />
    <tag k="lanes" v="2" />
    <tag k="lit" v="yes" />
    <tag k="name" v="Phố Minh Khai" />
    <tag k="name:en" v="Minh Khai Street" />
    <tag k="name:etymology:wikidata" v="Q7022971" />
    <tag k="oneway" v="yes" />
    <tag k="surface" v="asphalt" />
  </way>
  <way id="1042519576" version="4" timestamp="2025-02-12T12:29:10Z" changeset="162427169" uid="16194143" user="Tewuzij">
    <nd ref="5704144803" />
    <nd ref="10137756396" />
    <nd ref="4955947919" />
    <nd ref="5845486476" />
    <nd ref="4955947918" />
    <nd ref="4955947906" />
    <tag k="highway" v="primary" />
    <tag k="junction" v="roundabout" />
    <tag k="lanes" v="1" />
    <tag k="lit" v="yes" />
    <tag k="oneway" v="yes" />
    <tag k="surface" v="asphalt" />
  </way>
  <way id="1042551144" version="6" timestamp="2026-06-08T13:49:19Z" changeset="183830129" uid="23326231" user="Vmosnokia31">
    <nd ref="4955937919" />
    <nd ref="13920217554" />
    <nd ref="13920217555" />
    <nd ref="13920217556" />
    <nd ref="13920217558" />
    <nd ref="8333862992" />
    <tag k="highway" v="service" />
    <tag k="motorcar" v="no" />
    <tag k="motorcycle" v="yes" />
    <tag k="name" v="Ngõ 256 Phố Dương Văn Bé" />
    <tag k="service" v="alley" />
  </way>
  <way id="1042599551" version="5" timestamp="2024-10-28T07:17:57Z" changeset="158442125" uid="3323343" user="phoenixsaigon1698">
    <nd ref="317910535" />
    <nd ref="9596983955" />
    <nd ref="9596983954" />
    <nd ref="9596983953" />
    <nd ref="9596983952" />
    <tag k="highway" v="service" />
    <tag k="motorcycle" v="yes" />
    <tag k="service" v="alley" />
  </way>
  <way id="1046060137" version="1" timestamp="2022-03-29T04:49:59Z" changeset="119048763" uid="14366156" user="kura_1">
    <nd ref="9619931649" />
    <nd ref="9619931646" />
    <nd ref="9619931647" />
    <nd ref="9619931648" />
    <nd ref="9619931649" />
    <tag k="building" v="yes" />
  </way>
  <way id="1046060139" version="1" timestamp="2022-03-29T04:49:59Z" changeset="119048763" uid="14366156" user="kura_1">
    <nd ref="9619931657" />
    <nd ref="9619931656" />
    <nd ref="9619931655" />
    <nd ref="9619931654" />
    <nd ref="9619931657" />
    <tag k="building" v="yes" />
  </way>
  <way id="1046060140" version="1" timestamp="2022-03-29T04:49:59Z" changeset="119048763" uid="14366156" user="kura_1">
    <nd ref="9619931661" />
    <nd ref="9619931658" />
    <nd ref="9619931659" />
    <nd ref="9619931660" />
    <nd ref="9619931661" />
    <tag k="building" v="yes" />
  </way>
  <way id="1046060141" version="1" timestamp="2022-03-29T04:49:59Z" changeset="119048763" uid="14366156" user="kura_1">
    <nd ref="9619931665" />
    <nd ref="9619931664" />
    <nd ref="9619931663" />
    <nd ref="9619931662" />
    <nd ref="9619931665" />
    <tag k="building" v="yes" />
  </way>
  <way id="1046060142" version="1" timestamp="2022-03-29T04:49:59Z" changeset="119048763" uid="14366156" user="kura_1">
    <nd ref="9619931669" />
    <nd ref="9619931666" />
    <nd ref="9619931667" />
    <nd ref="9619931668" />
    <nd ref="9619931669" />
    <tag k="building" v="yes" />
  </way>
  <way id="1046060143" version="1" timestamp="2022-03-29T04:49:59Z" changeset="119048763" uid="14366156" user="kura_1">
    <nd ref="9619931673" />
    <nd ref="9619931672" />
    <nd ref="9619931671" />
    <nd ref="9619931670" />
    <nd ref="9619931673" />
    <tag k="building" v="yes" />
  </way>
  <way id="1046060144" version="1" timestamp="2022-03-29T04:49:59Z" changeset="119048763" uid="14366156" user="kura_1">
    <nd ref="9619931677" />
    <nd ref="9619931676" />
    <nd ref="9619931675" />
    <nd ref="9619931674" />
    <nd ref="9619931677" />
    <tag k="building" v="yes" />
  </way>
  <way id="1046060145" version="1" timestamp="2022-03-29T04:49:59Z" changeset="119048763" uid="14366156" user="kura_1">
    <nd ref="9619931681" />
    <nd ref="9619931680" />
    <nd ref="9619931679" />
    <nd ref="9619931678" />
    <nd ref="9619931681" />
    <tag k="building" v="yes" />
  </way>
  <way id="1046060147" version="1" timestamp="2022-03-29T04:49:59Z" changeset="119048763" uid="14366156" user="kura_1">
    <nd ref="9619931689" />
    <nd ref="9619931688" />
    <nd ref="9619931687" />
    <nd ref="9619931686" />
    <nd ref="9619931689" />
    <tag k="building" v="yes" />
  </way>
  <way id="1046060148" version="1" timestamp="2022-03-29T04:49:59Z" changeset="119048763" uid="14366156" user="kura_1">
    <nd ref="9619931693" />
    <nd ref="9619931690" />
    <nd ref="9619931691" />
    <nd ref="9619931692" />
    <nd ref="9619931693" />
    <tag k="building" v="yes" />
  </way>
  <way id="1046060833" version="1" timestamp="2022-03-29T04:52:57Z" changeset="119048840" uid="14366156" user="kura_1">
    <nd ref="9619921700" />
    <nd ref="9619921697" />
    <nd ref="9619921698" />
    <nd ref="9619921699" />
    <nd ref="9619921700" />
    <tag k="building" v="yes" />
  </way>
  <way id="1046060834" version="1" timestamp="2022-03-29T04:52:57Z" changeset="119048840" uid="14366156" user="kura_1">
    <nd ref="9619921705" />
    <nd ref="9619921704" />
    <nd ref="9619921703" />
    <nd ref="9619921701" />
    <nd ref="9619921702" />
    <nd ref="9619921705" />
    <tag k="building" v="yes" />
  </way>
  <way id="1046060835" version="1" timestamp="2022-03-29T04:52:57Z" changeset="119048840" uid="14366156" user="kura_1">
    <nd ref="9619921708" />
    <nd ref="9619921707" />
    <nd ref="9619921702" />
    <nd ref="9619921701" />
    <nd ref="9619921706" />
    <nd ref="9619921708" />
    <tag k="building" v="yes" />
  </way>
  <way id="1046060836" version="1" timestamp="2022-03-29T04:52:57Z" changeset="119048840" uid="14366156" user="kura_1">
    <nd ref="9619921714" />
    <nd ref="9619921713" />
    <nd ref="9619921712" />
    <nd ref="9619921709" />
    <nd ref="9619921710" />
    <nd ref="9619921711" />
    <nd ref="9619921714" />
    <tag k="building" v="yes" />
  </way>
  <way id="1046060842" version="1" timestamp="2022-03-29T04:52:57Z" changeset="119048840" uid="14366156" user="kura_1">
    <nd ref="9619977841" />
    <nd ref="9619977840" />
    <nd ref="9619977835" />
    <nd ref="9619977839" />
    <nd ref="9619977837" />
    <nd ref="9619977836" />
    <nd ref="9619977838" />
    <nd ref="9619977841" />
    <tag k="building" v="yes" />
  </way>
  <way id="1046060843" version="1" timestamp="2022-03-29T04:52:57Z" changeset="119048840" uid="14366156" user="kura_1">
    <nd ref="9619977845" />
    <nd ref="9619977844" />
    <nd ref="9619977843" />
    <nd ref="9619977842" />
    <nd ref="9619977845" />
    <tag k="building" v="yes" />
  </way>
  <way id="1046060844" version="1" timestamp="2022-03-29T04:52:57Z" changeset="119048840" uid="14366156" user="kura_1">
    <nd ref="9619977849" />
    <nd ref="9619977848" />
    <nd ref="9619977847" />
    <nd ref="9619977846" />
    <nd ref="9619977849" />
    <tag k="building" v="yes" />
  </way>
  <way id="1046483358" version="1" timestamp="2022-03-30T11:22:26Z" changeset="119111703" uid="14936291" user="vammu_22">
    <nd ref="9623596676" />
    <nd ref="9623596675" />
    <nd ref="9623596674" />
    <nd ref="9623596673" />
    <nd ref="9623596676" />
    <tag k="building" v="yes" />
  </way>
  <way id="1046483359" version="1" timestamp="2022-03-30T11:22:26Z" changeset="119111703" uid="14936291" user="vammu_22">
    <nd ref="9623596680" />
    <nd ref="9623596677" />
    <nd ref="9623596678" />
    <nd ref="9623596679" />
    <nd ref="9623596680" />
    <tag k="building" v="yes" />
  </way>
  <way id="1046483360" version="1" timestamp="2022-03-30T11:22:26Z" changeset="119111703" uid="14936291" user="vammu_22">
    <nd ref="9623596684" />
    <nd ref="9623596683" />
    <nd ref="9623596682" />
    <nd ref="9623596681" />
    <nd ref="9623596684" />
    <tag k="building" v="yes" />
  </way>
  <way id="1046484261" version="1" timestamp="2022-03-30T11:25:50Z" changeset="119111857" uid="14936291" user="vammu_22">
    <nd ref="9623626944" />
    <nd ref="9623626941" />
    <nd ref="9623626942" />
    <nd ref="9623626943" />
    <nd ref="9623626944" />
    <tag k="building" v="yes" />
  </way>
  <way id="1046484262" version="1" timestamp="2022-03-30T11:25:50Z" changeset="119111857" uid="14936291" user="vammu_22">
    <nd ref="9623626950" />
    <nd ref="9623626949" />
    <nd ref="9623626945" />
    <nd ref="9623626948" />
    <nd ref="9623626947" />
    <nd ref="9623626946" />
    <nd ref="9623626950" />
    <tag k="building" v="yes" />
  </way>
  <way id="1046484263" version="1" timestamp="2022-03-30T11:25:50Z" changeset="119111857" uid="14936291" user="vammu_22">
    <nd ref="9623626954" />
    <nd ref="9623626953" />
    <nd ref="9623626952" />
    <nd ref="9623626951" />
    <nd ref="9623626954" />
    <tag k="building" v="yes" />
  </way>
  <way id="1046484264" version="1" timestamp="2022-03-30T11:25:50Z" changeset="119111857" uid="14936291" user="vammu_22">
    <nd ref="9623626956" />
    <nd ref="9623626959" />
    <nd ref="9623626962" />
    <nd ref="9623626961" />
    <nd ref="9623626960" />
    <nd ref="9623626955" />
    <nd ref="9623626957" />
    <nd ref="9623626958" />
    <nd ref="9623626956" />
    <tag k="building" v="yes" />
  </way>
  <way id="1046484265" version="1" timestamp="2022-03-30T11:25:50Z" changeset="119111857" uid="14936291" user="vammu_22">
    <nd ref="9623626966" />
    <nd ref="9623626965" />
    <nd ref="9623626964" />
    <nd ref="9623626963" />
    <nd ref="9623626966" />
    <tag k="building" v="yes" />
  </way>
  <way id="1046484266" version="1" timestamp="2022-03-30T11:25:50Z" changeset="119111857" uid="14936291" user="vammu_22">
    <nd ref="9623626972" />
    <nd ref="9623626971" />
    <nd ref="9623626967" />
    <nd ref="9623626969" />
    <nd ref="9623626968" />
    <nd ref="9623626970" />
    <nd ref="9623626972" />
    <tag k="building" v="yes" />
  </way>
  <way id="1046497639" version="1" timestamp="2022-03-30T12:05:35Z" changeset="119113705" uid="14936291" user="vammu_22">
    <nd ref="9623748461" />
    <nd ref="9623748465" />
    <nd ref="9623748464" />
    <nd ref="9623748467" />
    <nd ref="9623748466" />
    <nd ref="9623748460" />
    <nd ref="9623748462" />
    <nd ref="9623748463" />
    <nd ref="9623748461" />
    <tag k="building" v="yes" />
  </way>
  <way id="1046497640" version="1" timestamp="2022-03-30T12:05:35Z" changeset="119113705" uid="14936291" user="vammu_22">
    <nd ref="9623748471" />
    <nd ref="9623748470" />
    <nd ref="9623748469" />
    <nd ref="9623748468" />
    <nd ref="9623748471" />
    <tag k="building" v="yes" />
  </way>
  <way id="1046497641" version="1" timestamp="2022-03-30T12:05:35Z" changeset="119113705" uid="14936291" user="vammu_22">
    <nd ref="9623748475" />
    <nd ref="9623748474" />
    <nd ref="9623748473" />
    <nd ref="9623748472" />
    <nd ref="9623748475" />
    <tag k="building" v="yes" />
  </way>
  <way id="1046497642" version="1" timestamp="2022-03-30T12:05:35Z" changeset="119113705" uid="14936291" user="vammu_22">
    <nd ref="9623748479" />
    <nd ref="9623748478" />
    <nd ref="9623748477" />
    <nd ref="9623748476" />
    <nd ref="9623748479" />
    <tag k="building" v="yes" />
  </way>
  <way id="1046497643" version="1" timestamp="2022-03-30T12:05:35Z" changeset="119113705" uid="14936291" user="vammu_22">
    <nd ref="9623748483" />
    <nd ref="9623748482" />
    <nd ref="9623748481" />
    <nd ref="9623748480" />
    <nd ref="9623748483" />
    <tag k="building" v="yes" />
  </way>
  <way id="1046497644" version="1" timestamp="2022-03-30T12:05:35Z" changeset="119113705" uid="14936291" user="vammu_22">
    <nd ref="9623748487" />
    <nd ref="9623748486" />
    <nd ref="9623748485" />
    <nd ref="9623748484" />
    <nd ref="9623748487" />
    <tag k="building" v="yes" />
  </way>
  <way id="1046497645" version="1" timestamp="2022-03-30T12:05:35Z" changeset="119113705" uid="14936291" user="vammu_22">
    <nd ref="9623748491" />
    <nd ref="9623748490" />
    <nd ref="9623748489" />
    <nd ref="9623748488" />
    <nd ref="9623748491" />
    <tag k="building" v="yes" />
  </way>
  <way id="1046497646" version="2" timestamp="2025-05-26T01:11:32Z" changeset="166755889" uid="8538718" user="SymbollicA">
    <nd ref="9623748495" />
    <nd ref="9623748494" />
    <nd ref="9623748493" />
    <nd ref="9623748492" />
    <nd ref="9623748495" />
    <tag k="addr:city" v="Hà Nội" />
    <tag k="addr:district" v="Quận Hai Bà Trưng" />
    <tag k="addr:housenumber" v="33-35" />
    <tag k="addr:postcode" v="100000" />
    <tag k="addr:province" v="Thành phố Hà Nội" />
    <tag k="addr:street" v="ngách 622/14, ngõ 622, phố Minh Khai" />
    <tag k="addr:subdistrict" v="Vĩnh Tuy" />
    <tag k="building" v="yes" />
    <tag k="building:levels" v="4" />
    <tag k="ele" v="18" />
    <tag k="height" v="15" />
    <tag k="name" v="Nhà riêng" />
  </way>
  <way id="1046497647" version="1" timestamp="2022-03-30T12:05:35Z" changeset="119113705" uid="14936291" user="vammu_22">
    <nd ref="9623748499" />
    <nd ref="9623748498" />
    <nd ref="9623748497" />
    <nd ref="9623748496" />
    <nd ref="9623748499" />
    <tag k="building" v="yes" />
  </way>
  <way id="1046497648" version="1" timestamp="2022-03-30T12:05:35Z" changeset="119113705" uid="14936291" user="vammu_22">
    <nd ref="9623748503" />
    <nd ref="9623748502" />
    <nd ref="9623748501" />
    <nd ref="9623748500" />
    <nd ref="9623748503" />
    <tag k="building" v="yes" />
  </way>
  <way id="1046498833" version="1" timestamp="2022-03-30T12:10:17Z" changeset="119113910" uid="14936291" user="vammu_22">
    <nd ref="9623756196" />
    <nd ref="9623756193" />
    <nd ref="9623756194" />
    <nd ref="9623756195" />
    <nd ref="9623756196" />
    <tag k="building" v="yes" />
  </way>
  <way id="1046498834" version="1" timestamp="2022-03-30T12:10:17Z" changeset="119113910" uid="14936291" user="vammu_22">
    <nd ref="9623756200" />
    <nd ref="9623756199" />
    <nd ref="9623756198" />
    <nd ref="9623756197" />
    <nd ref="9623756200" />
    <tag k="building" v="yes" />
  </way>
  <way id="1046498835" version="2" timestamp="2026-06-08T04:32:24Z" changeset="183807915" uid="23326231" user="Vmosnokia31">
    <nd ref="9623756204" />
    <nd ref="9623756203" />
    <nd ref="9623756202" />
    <nd ref="9623756201" />
    <nd ref="9623756204" />
    <tag k="building" v="house" />
  </way>
  <way id="1046498836" version="1" timestamp="2022-03-30T12:10:17Z" changeset="119113910" uid="14936291" user="vammu_22">
    <nd ref="9623756208" />
    <nd ref="9623756205" />
    <nd ref="9623756206" />
    <nd ref="9623756207" />
    <nd ref="9623756208" />
    <tag k="building" v="yes" />
  </way>
  <way id="1046498837" version="1" timestamp="2022-03-30T12:10:17Z" changeset="119113910" uid="14936291" user="vammu_22">
    <nd ref="9623756212" />
    <nd ref="9623756209" />
    <nd ref="9623756210" />
    <nd ref="9623756211" />
    <nd ref="9623756212" />
    <tag k="building" v="yes" />
  </way>
  <way id="1046498838" version="1" timestamp="2022-03-30T12:10:17Z" changeset="119113910" uid="14936291" user="vammu_22">
    <nd ref="9623756216" />
    <nd ref="9623756215" />
    <nd ref="9623756214" />
    <nd ref="9623756213" />
    <nd ref="9623756216" />
    <tag k="building" v="yes" />
  </way>
  <way id="1046498839" version="1" timestamp="2022-03-30T12:10:17Z" changeset="119113910" uid="14936291" user="vammu_22">
    <nd ref="9623760920" />
    <nd ref="9623760919" />
    <nd ref="9623760918" />
    <nd ref="9623760917" />
    <nd ref="9623760920" />
    <tag k="building" v="yes" />
  </way>
  <way id="1046498840" version="1" timestamp="2022-03-30T12:10:17Z" changeset="119113910" uid="14936291" user="vammu_22">
    <nd ref="9623760924" />
    <nd ref="9623760921" />
    <nd ref="9623760922" />
    <nd ref="9623760923" />
    <nd ref="9623760924" />
    <tag k="building" v="yes" />
  </way>
  <way id="1046498841" version="1" timestamp="2022-03-30T12:10:17Z" changeset="119113910" uid="14936291" user="vammu_22">
    <nd ref="9623760928" />
    <nd ref="9623760927" />
    <nd ref="9623760926" />
    <nd ref="9623760925" />
    <nd ref="9623760928" />
    <tag k="building" v="yes" />
  </way>
  <way id="1046498842" version="1" timestamp="2022-03-30T12:10:17Z" changeset="119113910" uid="14936291" user="vammu_22">
    <nd ref="9623760930" />
    <nd ref="9623760935" />
    <nd ref="9623760934" />
    <nd ref="9623760933" />
    <nd ref="9623760936" />
    <nd ref="9623760929" />
    <nd ref="9623760932" />
    <nd ref="9623760931" />
    <nd ref="9623760930" />
    <tag k="building" v="yes" />
  </way>
  <way id="1046727419" version="1" timestamp="2022-03-31T03:13:16Z" changeset="119138807" uid="14936252" user="pinnam_22">
    <nd ref="9625418111" />
    <nd ref="9625418108" />
    <nd ref="9625418109" />
    <nd ref="9625418110" />
    <nd ref="9625418111" />
    <tag k="building" v="yes" />
  </way>
  <way id="1046730519" version="1" timestamp="2022-03-31T03:28:40Z" changeset="119138995" uid="14936252" user="pinnam_22">
    <nd ref="9625386415" />
    <nd ref="9625386414" />
    <nd ref="9625386413" />
    <nd ref="9625386412" />
    <nd ref="9625386415" />
    <tag k="building" v="yes" />
  </way>
  <way id="1046730520" version="1" timestamp="2022-03-31T03:28:40Z" changeset="119138995" uid="14936252" user="pinnam_22">
    <nd ref="9625459819" />
    <nd ref="9625386416" />
    <nd ref="9625459817" />
    <nd ref="9625459818" />
    <nd ref="9625459819" />
    <tag k="building" v="yes" />
  </way>
  <way id="1046733825" version="1" timestamp="2022-03-31T03:59:51Z" changeset="119139530" uid="11659599" user="panchamarti">
    <nd ref="9625457409" />
    <nd ref="9625457406" />
    <nd ref="9625457407" />
    <nd ref="9625457408" />
    <nd ref="9625457409" />
    <tag k="building" v="yes" />
  </way>
  <way id="1046733826" version="1" timestamp="2022-03-31T03:59:51Z" changeset="119139530" uid="11659599" user="panchamarti">
    <nd ref="9625457413" />
    <nd ref="9625457412" />
    <nd ref="9625457411" />
    <nd ref="9625457410" />
    <nd ref="9625457413" />
    <tag k="building" v="yes" />
  </way>
  <way id="1046733827" version="1" timestamp="2022-03-31T03:59:51Z" changeset="119139530" uid="11659599" user="panchamarti">
    <nd ref="9625487917" />
    <nd ref="9625457416" />
    <nd ref="9625457415" />
    <nd ref="9625457414" />
    <nd ref="9625487917" />
    <tag k="building" v="yes" />
  </way>
  <way id="1046733828" version="1" timestamp="2022-03-31T03:59:51Z" changeset="119139530" uid="11659599" user="panchamarti">
    <nd ref="9625487921" />
    <nd ref="9625487920" />
    <nd ref="9625487919" />
    <nd ref="9625487918" />
    <nd ref="9625487921" />
    <tag k="building" v="yes" />
  </way>
  <way id="1046733829" version="1" timestamp="2022-03-31T03:59:51Z" changeset="119139530" uid="11659599" user="panchamarti">
    <nd ref="9625487925" />
    <nd ref="9625487922" />
    <nd ref="9625487923" />
    <nd ref="9625487924" />
    <nd ref="9625487925" />
    <tag k="building" v="yes" />
  </way>
  <way id="1061302087" version="5" timestamp="2026-06-18T05:28:51Z" changeset="184254505" uid="15330182" user="GrabVN_Nguyen Thi Ngoc Tram">
    <nd ref="5707820717" />
    <nd ref="11259015854" />
    <nd ref="13949039559" />
    <tag k="alt_name" v="Dự án Kết nối đường qua Công ty xe bus vớI Dự án 423 Minh Khai" />
    <tag k="highway" v="residential" />
    <tag k="lanes" v="2" />
    <tag k="surface" v="asphalt" />
  </way>
  <way id="1061302088" version="2" timestamp="2023-10-13T04:23:50Z" changeset="142504071" uid="18820325" user="Grab_Cong">
    <nd ref="5707821240" />
    <nd ref="11259015853" />
    <nd ref="5707820718" />
    <tag k="highway" v="residential" />
  </way>
  <way id="1078268269" version="6" timestamp="2025-02-12T12:28:46Z" changeset="162427169" uid="16194143" user="Tewuzij">
    <nd ref="1887747759" />
    <nd ref="9885522675" />
    <tag k="highway" v="trunk" />
    <tag k="lanes" v="2" />
    <tag k="lit" v="yes" />
    <tag k="motorcycle" v="no" />
    <tag k="oneway" v="yes" />
    <tag k="surface" v="asphalt" />
  </way>
  <way id="1078268270" version="6" timestamp="2025-02-12T12:28:44Z" changeset="162427169" uid="16194143" user="Tewuzij">
    <nd ref="9885522673" />
    <nd ref="1887747768" />
    <tag k="highway" v="trunk" />
    <tag k="lanes" v="2" />
    <tag k="lit" v="yes" />
    <tag k="motorcycle" v="no" />
    <tag k="oneway" v="yes" />
    <tag k="surface" v="asphalt" />
  </way>
  <way id="1078268271" version="6" timestamp="2025-02-12T12:28:43Z" changeset="162427169" uid="16194143" user="Tewuzij">
    <nd ref="9885522673" />
    <nd ref="5629422884" />
    <tag k="bicycle" v="no" />
    <tag k="foot" v="no" />
    <tag k="highway" v="trunk_link" />
    <tag k="horse" v="no" />
    <tag k="lit" v="yes" />
    <tag k="moped" v="no" />
    <tag k="motor_vehicle" v="yes" />
    <tag k="motorcar" v="yes" />
    <tag k="motorcycle" v="no" />
    <tag k="oneway" v="yes" />
  </way>
  <way id="1078268272" version="6" timestamp="2025-02-12T12:28:41Z" changeset="162427169" uid="16194143" user="Tewuzij">
    <nd ref="9885522674" />
    <nd ref="9885522675" />
    <tag k="bicycle" v="no" />
    <tag k="foot" v="no" />
    <tag k="highway" v="trunk_link" />
    <tag k="horse" v="no" />
    <tag k="lit" v="yes" />
    <tag k="moped" v="no" />
    <tag k="motor_vehicle" v="yes" />
    <tag k="motorcar" v="yes" />
    <tag k="motorcycle" v="no" />
    <tag k="oneway" v="yes" />
  </way>
  <way id="1079658371" version="1" timestamp="2022-07-19T03:46:18Z" changeset="123785652" uid="16388127" user="Quwack Jones">
    <nd ref="9896550301" />
    <nd ref="9896550302" />
    <nd ref="9896550303" />
    <nd ref="9896550304" />
    <nd ref="9896550301" />
    <tag k="building" v="yes" />
  </way>
  <way id="1079658377" version="1" timestamp="2022-07-19T03:46:18Z" changeset="123785652" uid="16388127" user="Quwack Jones">
    <nd ref="9896550327" />
    <nd ref="9896550328" />
    <nd ref="9896550329" />
    <nd ref="9896550330" />
    <nd ref="9896550327" />
    <tag k="building" v="yes" />
  </way>
  <way id="1079658379" version="1" timestamp="2022-07-19T03:46:18Z" changeset="123785652" uid="16388127" user="Quwack Jones">
    <nd ref="9896550335" />
    <nd ref="9896550336" />
    <nd ref="9896550337" />
    <nd ref="9896550338" />
    <nd ref="9896550335" />
    <tag k="building" v="yes" />
  </way>
  <way id="1079658380" version="1" timestamp="2022-07-19T03:46:18Z" changeset="123785652" uid="16388127" user="Quwack Jones">
    <nd ref="9896550339" />
    <nd ref="9896550340" />
    <nd ref="9896550341" />
    <nd ref="9896550342" />
    <nd ref="9896550339" />
    <tag k="building" v="yes" />
  </way>
  <way id="1098808288" version="2" timestamp="2023-10-04T14:11:33Z" changeset="142147519" uid="13514970" user="AndreiaCadar">
    <nd ref="5973650122" />
    <nd ref="8265788880" />
    <tag k="highway" v="residential" />
    <tag k="name" v="Ngõ 622 Phố Minh Khai" />
  </way>
  <way id="1100979255" version="4" timestamp="2024-07-12T06:05:36Z" changeset="153838834" uid="3323343" user="phoenixsaigon1698">
    <nd ref="5707645699" />
    <nd ref="12048754177" />
    <nd ref="8265788921" />
    <tag k="highway" v="service" />
    <tag k="name" v="Ngách 624/12 Phố Minh Khai" />
    <tag k="service" v="alley" />
  </way>
  <way id="1105712687" version="3" timestamp="2025-02-12T12:29:23Z" changeset="162427169" uid="16194143" user="Tewuzij">
    <nd ref="4955947907" />
    <nd ref="5704144803" />
    <tag k="highway" v="primary" />
    <tag k="junction" v="roundabout" />
    <tag k="lanes" v="1" />
    <tag k="lit" v="yes" />
    <tag k="oneway" v="yes" />
    <tag k="surface" v="asphalt" />
  </way>
  <way id="1105753213" version="7" timestamp="2026-05-02T07:52:56Z" changeset="182104342" uid="23326231" user="Vmosnokia31">
    <nd ref="4955947913" />
    <nd ref="4955947912" />
    <nd ref="13786292741" />
    <nd ref="5845486472" />
    <nd ref="4955947911" />
    <nd ref="317910213" />
    <tag k="highway" v="primary" />
    <tag k="junction" v="roundabout" />
    <tag k="lanes" v="1" />
    <tag k="lit" v="yes" />
    <tag k="oneway" v="yes" />
    <tag k="surface" v="asphalt" />
  </way>
  <way id="1105753214" version="4" timestamp="2026-06-29T10:32:49Z" changeset="184787634" uid="23326231" user="Vmosnokia31">
    <nd ref="6600046317" />
    <nd ref="13974418364" />
    <nd ref="6600046319" />
    <nd ref="13974418363" />
    <nd ref="6600046318" />
    <nd ref="6600046315" />
    <nd ref="2218609329" />
    <tag k="highway" v="primary_link" />
    <tag k="lanes" v="2" />
    <tag k="lit" v="yes" />
    <tag k="name" v="Phố Nguyễn Văn Viên" />
    <tag k="name:en" v="Nguyen Van Vien Street" />
    <tag k="oneway" v="yes" />
    <tag k="surface" v="asphalt" />
  </way>
  <way id="1105753215" version="16" timestamp="2026-06-29T10:32:49Z" changeset="184787634" uid="23326231" user="Vmosnokia31">
    <nd ref="995292009" />
    <nd ref="12890253822" />
    <nd ref="8265789368" />
    <nd ref="2218609335" />
    <nd ref="6600121757" />
    <nd ref="8332966770" />
    <nd ref="10139175324" />
    <nd ref="2218609342" />
    <nd ref="2218609332" />
    <nd ref="2218609334" />
    <nd ref="8332966771" />
    <nd ref="8332966772" />
    <nd ref="10139155884" />
    <nd ref="6600046316" />
    <nd ref="2218609329" />
    <tag k="highway" v="primary" />
    <tag k="lanes" v="2" />
    <tag k="lit" v="yes" />
    <tag k="name" v="Phố Nguyễn Văn Viên" />
    <tag k="name:en" v="Nguyen Van Vien Street" />
    <tag k="old_name" v="Phố Vĩnh Tuy" />
    <tag k="oneway" v="no" />
    <tag k="surface" v="asphalt" />
  </way>
  <way id="1105753216" version="5" timestamp="2025-10-01T10:04:17Z" changeset="172698335" uid="22065819" user="Hung159">
    <nd ref="4955947893" />
    <nd ref="4955947907" />
    <tag k="highway" v="primary" />
    <tag k="lanes" v="2" />
    <tag k="lit" v="yes" />
    <tag k="name" v="Phố Nguyễn Văn Viên" />
    <tag k="name:en" v="Nguyen Van Vien Street" />
    <tag k="old_name" v="Phố Vĩnh Tuy" />
    <tag k="oneway" v="yes" />
    <tag k="surface" v="asphalt" />
  </way>
  <way id="1105753217" version="4" timestamp="2026-06-10T09:20:10Z" changeset="183912581" uid="11196308" user="vietnam321">
    <nd ref="5704144803" />
    <nd ref="4955947900" />
    <nd ref="4955947891" />
    <tag k="highway" v="secondary" />
    <tag k="lanes" v="1" />
    <tag k="name" v="Phố Minh Khai" />
    <tag k="name:en" v="Minh Khai Street" />
    <tag k="name:etymology:wikidata" v="Q7022971" />
    <tag k="oneway" v="yes" />
    <tag k="surface" v="asphalt" />
  </way>
  <way id="1107307994" version="1" timestamp="2022-10-27T07:12:39Z" changeset="128114058" uid="17344224" user="Arkskyle">
    <nd ref="10131986951" />
    <nd ref="10131986952" />
    <tag k="highway" v="service" />
    <tag k="name" v="Ngách 37 Ngõ 622 Phố Minh Khai" />
    <tag k="service" v="alley" />
  </way>
  <way id="1114922835" version="1" timestamp="2022-11-17T14:29:45Z" changeset="129045106" uid="349964" user="jmbangate">
    <nd ref="10197232332" />
    <nd ref="10197232331" />
    <nd ref="10197232330" />
    <nd ref="10197232329" />
    <nd ref="10197232332" />
    <tag k="building" v="yes" />
  </way>
  <way id="1114922836" version="1" timestamp="2022-11-17T14:29:45Z" changeset="129045106" uid="349964" user="jmbangate">
    <nd ref="10197232336" />
    <nd ref="10197232333" />
    <nd ref="10197232334" />
    <nd ref="10197232335" />
    <nd ref="10197232336" />
    <tag k="building" v="yes" />
  </way>
  <way id="1114922851" version="1" timestamp="2022-11-17T14:29:45Z" changeset="129045106" uid="349964" user="jmbangate">
    <nd ref="10197232398" />
    <nd ref="10197232397" />
    <nd ref="10197232396" />
    <nd ref="10197232395" />
    <nd ref="10197232398" />
    <tag k="building" v="yes" />
  </way>
  <way id="1116858552" version="4" timestamp="2025-02-12T12:28:55Z" changeset="162427169" uid="16194143" user="Tewuzij">
    <nd ref="4955947880" />
    <nd ref="1887747768" />
    <tag k="highway" v="trunk_link" />
    <tag k="lanes" v="2" />
    <tag k="lit" v="yes" />
    <tag k="maxspeed" v="50" />
    <tag k="oneway" v="yes" />
    <tag k="surface" v="asphalt" />
  </way>
  <way id="1116858553" version="4" timestamp="2025-02-12T12:28:54Z" changeset="162427169" uid="16194143" user="Tewuzij">
    <nd ref="1887747759" />
    <nd ref="4955947881" />
    <tag k="highway" v="trunk_link" />
    <tag k="lanes" v="2" />
    <tag k="lit" v="yes" />
    <tag k="oneway" v="yes" />
    <tag k="surface" v="asphalt" />
  </way>
  <way id="1121139805" version="1" timestamp="2022-12-12T04:59:44Z" changeset="129984031" uid="17344224" user="Arkskyle">
    <nd ref="5686672058" />
    <nd ref="10254851152" />
    <tag k="highway" v="service" />
  </way>
  <way id="1121139903" version="2" timestamp="2023-09-13T05:27:23Z" changeset="141189944" uid="19153593" user="Oksana18_18">
    <nd ref="5721862022" />
    <nd ref="8265789308" />
    <tag k="highway" v="residential" />
    <tag k="motorcycle" v="yes" />
  </way>
  <way id="1130846080" version="9" timestamp="2026-05-24T21:20:50Z" changeset="183127868" uid="3323343" user="phoenixsaigon1698">
    <nd ref="9885522675" />
    <nd ref="13532420523" />
    <nd ref="12777639277" />
    <nd ref="7920620922" />
    <tag k="bicycle" v="no" />
    <tag k="foot" v="no" />
    <tag k="highway" v="trunk" />
    <tag k="horse" v="no" />
    <tag k="lanes" v="2" />
    <tag k="lit" v="yes" />
    <tag k="maxspeed" v="60" />
    <tag k="moped" v="no" />
    <tag k="motor_vehicle" v="yes" />
    <tag k="motorcar" v="yes" />
    <tag k="motorcycle" v="no" />
    <tag k="name" v="Cầu lên Đường Vành đai 2 trên cao" />
    <tag k="name:en" v="Ring Road 2" />
    <tag k="oneway" v="yes" />
    <tag k="shoulder" v="no" />
    <tag k="surface" v="asphalt" />
  </way>
  <way id="1130846081" version="7" timestamp="2025-04-03T15:50:14Z" changeset="164471656" uid="13799024" user="ZioDragon">
    <nd ref="7920620925" />
    <nd ref="9885522673" />
    <tag k="bicycle" v="no" />
    <tag k="foot" v="no" />
    <tag k="highway" v="trunk" />
    <tag k="horse" v="no" />
    <tag k="lanes" v="2" />
    <tag k="lit" v="yes" />
    <tag k="maxspeed" v="60" />
    <tag k="moped" v="no" />
    <tag k="motor_vehicle" v="yes" />
    <tag k="motorcar" v="yes" />
    <tag k="motorcycle" v="no" />
    <tag k="name" v="Đường Vành đai 2" />
    <tag k="name:en" v="Ring Road 2" />
    <tag k="oneway" v="yes" />
    <tag k="shoulder" v="no" />
    <tag k="surface" v="asphalt" />
  </way>
  <way id="1187622180" version="9" timestamp="2026-06-10T05:18:12Z" changeset="183904098" uid="23326231" user="Vmosnokia31">
    <nd ref="10948689547" />
    <nd ref="2218590787" />
    <nd ref="10948689548" />
    <nd ref="10948689549" />
    <nd ref="2218590768" />
    <nd ref="10948689551" />
    <nd ref="10948689550" />
    <nd ref="6997743917" />
    <nd ref="10948689554" />
    <nd ref="10948689553" />
    <nd ref="13159216730" />
    <nd ref="2218590772" />
    <nd ref="13159216731" />
    <nd ref="2218590782" />
    <nd ref="2218590778" />
    <nd ref="13159216729" />
    <nd ref="11153606265" />
    <tag k="bridge" v="yes" />
    <tag k="destination" v="Cầu Vĩnh Tuy" />
    <tag k="highway" v="trunk_link" />
    <tag k="lanes" v="2" />
    <tag k="layer" v="2" />
    <tag k="lit" v="yes" />
    <tag k="maxspeed" v="30" />
    <tag k="oneway" v="yes" />
    <tag k="surface" v="asphalt" />
    <tag k="width" v="6" />
  </way>
  <way id="1189117281" version="3" timestamp="2024-10-28T07:17:57Z" changeset="158442125" uid="3323343" user="phoenixsaigon1698">
    <nd ref="11041983391" />
    <nd ref="12293322783" />
    <nd ref="5285071942" />
    <tag k="highway" v="service" />
    <tag k="name" v="Ngõ 58 Mạc Thị Bưởi" />
    <tag k="service" v="alley" />
  </way>
  <way id="1189117282" version="2" timestamp="2024-06-30T01:40:38Z" changeset="153352705" uid="3323343" user="phoenixsaigon1698">
    <nd ref="5285071942" />
    <nd ref="11041983392" />
    <tag k="highway" v="service" />
    <tag k="name" v="Ngõ 58 Mạc Thị Bưởi" />
    <tag k="service" v="alley" />
  </way>
  <way id="1189117283" version="4" timestamp="2025-09-27T16:57:10Z" changeset="172535003" uid="22065819" user="Hung159">
    <nd ref="11041983393" />
    <nd ref="12320800699" />
    <nd ref="11041983394" />
    <tag k="highway" v="service" />
    <tag k="motorcar" v="no" />
    <tag k="name" v="Ngõ 58 Phố Mạc Thị Bưởi" />
    <tag k="service" v="alley" />
  </way>
  <way id="1189684407" version="1" timestamp="2023-07-14T14:13:04Z" changeset="138510042" uid="11691953" user="ItsLouisAnderson">
    <nd ref="11046698472" />
    <nd ref="11046698473" />
    <tag k="highway" v="primary_link" />
    <tag k="oneway" v="yes" />
  </way>
  <way id="1197027175" version="2" timestamp="2024-06-30T01:40:38Z" changeset="153352705" uid="3323343" user="phoenixsaigon1698">
    <nd ref="6600121756" />
    <nd ref="11107293671" />
    <nd ref="11107293664" />
    <tag k="highway" v="service" />
    <tag k="service" v="alley" />
  </way>
  <way id="1197027176" version="5" timestamp="2025-07-17T03:58:33Z" changeset="169040815" uid="21825913" user="map_newbie_206">
    <nd ref="6600121756" />
    <nd ref="13005742563" />
    <nd ref="11107293666" />
    <nd ref="11107293667" />
    <nd ref="11107293668" />
    <nd ref="11107293669" />
    <tag k="highway" v="service" />
    <tag k="motorcar" v="destination" />
    <tag k="name" v="Ngõ 145 Nguyễn Văn Viên" />
    <tag k="service" v="alley" />
  </way>
  <way id="1197027177" version="2" timestamp="2024-06-30T14:45:22Z" changeset="153372687" uid="3323343" user="phoenixsaigon1698">
    <nd ref="11107293670" />
    <nd ref="11107293668" />
    <tag k="highway" v="service" />
    <tag k="name" v="Ngõ 145 Nguyễn Văn Viên" />
    <tag k="service" v="alley" />
  </way>
  <way id="1205147990" version="6" timestamp="2026-06-10T05:18:12Z" changeset="183904098" uid="23326231" user="Vmosnokia31">
    <nd ref="829378642" />
    <nd ref="13925295992" />
    <nd ref="11153606265" />
    <tag k="bridge" v="yes" />
    <tag k="highway" v="trunk" />
    <tag k="lanes" v="4" />
    <tag k="layer" v="2" />
    <tag k="lit" v="yes" />
    <tag k="maxspeed" v="60" />
    <tag k="name" v="Cầu Vĩnh Tuy" />
    <tag k="name:en" v="Vinh Tuy Bridge" />
    <tag k="name:ko" v="빈투이교" />
    <tag k="oneway" v="yes" />
    <tag k="surface" v="asphalt" />
  </way>
  <way id="1205244303" version="1" timestamp="2023-09-05T15:27:41Z" changeset="140856282" uid="11691953" user="ItsLouisAnderson">
    <nd ref="4955947875" />
    <nd ref="10284859782" />
    <nd ref="11169871357" />
    <nd ref="5710080998" />
    <tag k="highway" v="service" />
    <tag k="surface" v="asphalt" />
  </way>
  <way id="1205244305" version="2" timestamp="2026-07-17T06:22:52Z" changeset="185886222" uid="17344224" user="Arkskyle">
    <nd ref="11169871364" />
    <nd ref="14021589197" />
    <nd ref="14021589200" />
    <nd ref="11169871365" />
    <nd ref="11169871366" />
    <nd ref="11169871367" />
    <nd ref="11169871364" />
    <tag k="building" v="hospital" />
  </way>
  <way id="1205244306" version="1" timestamp="2023-09-05T15:27:41Z" changeset="140856282" uid="11691953" user="ItsLouisAnderson">
    <nd ref="11169871368" />
    <nd ref="11169871369" />
    <nd ref="11169871370" />
    <nd ref="11169871371" />
    <nd ref="11169871368" />
    <tag k="building" v="hospital" />
  </way>
  <way id="1205244307" version="1" timestamp="2023-09-05T15:27:41Z" changeset="140856282" uid="11691953" user="ItsLouisAnderson">
    <nd ref="11169871372" />
    <nd ref="11169871373" />
    <nd ref="11169871374" />
    <nd ref="11169871375" />
    <nd ref="11169871376" />
    <nd ref="11169871377" />
    <nd ref="11169871378" />
    <nd ref="11169871379" />
    <nd ref="11169871372" />
    <tag k="building" v="hospital" />
  </way>
  <way id="1205244308" version="1" timestamp="2023-09-05T15:27:41Z" changeset="140856282" uid="11691953" user="ItsLouisAnderson">
    <nd ref="5710080998" />
    <nd ref="11169871380" />
    <nd ref="11169871381" />
    <tag k="highway" v="service" />
  </way>
  <way id="1205265959" version="1" timestamp="2023-09-05T17:28:19Z" changeset="140861161" uid="11691953" user="ItsLouisAnderson">
    <nd ref="11170051918" />
    <nd ref="11170051919" />
    <nd ref="11170051920" />
    <nd ref="11170051921" />
    <nd ref="11170051922" />
    <nd ref="11170051923" />
    <nd ref="11170051924" />
    <nd ref="11170051918" />
    <tag k="addr:city" v="Hà Nội" />
    <tag k="addr:district" v="Hai Bà Trưng" />
    <tag k="addr:housenumber" v="684" />
    <tag k="addr:province" v="Hà Nội" />
    <tag k="addr:street" v="Phố Minh Khai" />
    <tag k="addr:subdistrict" v="Vĩnh Tuy" />
    <tag k="building" v="yes" />
    <tag k="building:levels" v="18" />
    <tag k="email" v="info@a25hotel.com" />
    <tag k="name" v="A25 Hotel &amp; Spa" />
    <tag k="phone" v="+84 24 3987 4720" />
    <tag k="rooms" v="189" />
    <tag k="stars" v="4" />
    <tag k="tourism" v="hotel" />
    <tag k="website" v="https://a25hotel.com/" />
  </way>
  <way id="1205688100" version="3" timestamp="2026-04-27T13:35:28Z" changeset="181891442" uid="23326231" user="Vmosnokia31">
    <nd ref="11173421915" />
    <nd ref="12098983477" />
    <nd ref="11173421916" />
    <tag k="highway" v="service" />
    <tag k="service" v="parking_aisle" />
  </way>
  <way id="1216161914" version="5" timestamp="2026-06-10T09:20:10Z" changeset="183912581" uid="11196308" user="vietnam321">
    <nd ref="110375590" />
    <nd ref="6684959385" />
    <nd ref="12543711241" />
    <nd ref="4955947913" />
    <tag k="cycleway:right" v="shared_lane" />
    <tag k="highway" v="primary" />
    <tag k="lanes" v="2" />
    <tag k="lit" v="yes" />
    <tag k="name" v="Phố Minh Khai" />
    <tag k="name:en" v="Minh Khai Street" />
    <tag k="name:etymology:wikidata" v="Q7022971" />
    <tag k="oneway" v="yes" />
    <tag k="surface" v="asphalt" />
  </way>
  <way id="1218405727" version="4" timestamp="2026-07-17T06:22:52Z" changeset="185886222" uid="17344224" user="Arkskyle">
    <nd ref="11289952329" />
    <nd ref="12413812161" />
    <nd ref="11289952330" />
    <nd ref="14021655404" />
    <nd ref="14021655401" />
    <nd ref="12413812160" />
    <nd ref="11289952331" />
    <tag k="highway" v="service" />
    <tag k="service" v="parking_aisle" />
  </way>
  <way id="1220246624" version="2" timestamp="2024-06-30T01:40:38Z" changeset="153352705" uid="3323343" user="phoenixsaigon1698">
    <nd ref="8265788992" />
    <nd ref="8265788991" />
    <nd ref="8265788990" />
    <nd ref="12021450382" />
    <nd ref="5686672066" />
    <tag k="highway" v="service" />
    <tag k="motorcar" v="destination" />
    <tag k="service" v="alley" />
  </way>
  <way id="1228207855" version="4" timestamp="2026-01-03T15:11:20Z" changeset="176785806" uid="20910140" user="Hung Tran 9x0">
    <nd ref="6678035905" />
    <nd ref="8265788936" />
    <nd ref="2218609322" />
    <nd ref="2218609330" />
    <nd ref="13428677923" />
    <nd ref="5704543868" />
    <nd ref="2218609340" />
    <tag k="highway" v="primary" />
    <tag k="lanes" v="2" />
    <tag k="lit" v="yes" />
    <tag k="name" v="Phố Nguyễn Văn Viên" />
    <tag k="name:en" v="Nguyen Van Vien Street" />
    <tag k="old_name" v="Phố Vĩnh Tuy" />
    <tag k="oneway" v="yes" />
    <tag k="surface" v="asphalt" />
  </way>
  <way id="1228207856" version="3" timestamp="2025-10-01T10:04:17Z" changeset="172698335" uid="22065819" user="Hung159">
    <nd ref="6678035904" />
    <nd ref="2218609338" />
    <nd ref="4955948031" />
    <nd ref="2218609328" />
    <nd ref="11025855344" />
    <nd ref="6684441108" />
    <nd ref="4955947893" />
    <tag k="highway" v="primary" />
    <tag k="lanes" v="2" />
    <tag k="lit" v="yes" />
    <tag k="name" v="Phố Nguyễn Văn Viên" />
    <tag k="name:en" v="Nguyen Van Vien Street" />
    <tag k="old_name" v="Phố Vĩnh Tuy" />
    <tag k="oneway" v="yes" />
    <tag k="surface" v="asphalt" />
  </way>
  <way id="1230069750" version="1" timestamp="2023-12-10T10:40:05Z" changeset="144960022" uid="11196308" user="vietnam321">
    <nd ref="11407140167" />
    <nd ref="11407140168" />
    <nd ref="11407187569" />
    <nd ref="11407187570" />
    <nd ref="11407187571" />
    <nd ref="11407187572" />
    <nd ref="11407187573" />
    <nd ref="11407187574" />
    <nd ref="11407187575" />
    <nd ref="11407187576" />
    <nd ref="11407187577" />
    <nd ref="11407187578" />
    <nd ref="11407187579" />
    <nd ref="11407187580" />
    <nd ref="11407187581" />
    <nd ref="11407187582" />
    <nd ref="11407187583" />
    <nd ref="11407187584" />
    <nd ref="11407187585" />
    <nd ref="11407187586" />
    <nd ref="11407187587" />
    <nd ref="11407187588" />
    <nd ref="11407187589" />
    <nd ref="11407187590" />
    <nd ref="11407140167" />
    <tag k="building" v="yes" />
  </way>
  <way id="1230069751" version="1" timestamp="2023-12-10T10:40:05Z" changeset="144960022" uid="11196308" user="vietnam321">
    <nd ref="11407187591" />
    <nd ref="11407187592" />
    <nd ref="11407187593" />
    <nd ref="11407187594" />
    <nd ref="11407187595" />
    <nd ref="11407187596" />
    <nd ref="11407187597" />
    <nd ref="11407187598" />
    <nd ref="11407187599" />
    <nd ref="11407187600" />
    <nd ref="11407187591" />
    <tag k="building" v="yes" />
  </way>
  <way id="1230069753" version="1" timestamp="2023-12-10T10:40:05Z" changeset="144960022" uid="11196308" user="vietnam321">
    <nd ref="11407187605" />
    <nd ref="11407187606" />
    <nd ref="11407187607" />
    <nd ref="11407187608" />
    <nd ref="11407187605" />
    <tag k="building" v="yes" />
  </way>
  <way id="1230069754" version="1" timestamp="2023-12-10T10:40:05Z" changeset="144960022" uid="11196308" user="vietnam321">
    <nd ref="11407187609" />
    <nd ref="11407187610" />
    <nd ref="11407187611" />
    <nd ref="11407187612" />
    <nd ref="11407187609" />
    <tag k="building" v="yes" />
  </way>
  <way id="1233217359" version="4" timestamp="2026-04-25T18:41:38Z" changeset="181819167" uid="23326231" user="Vmosnokia31">
    <nd ref="11442636948" />
    <nd ref="11921518186" />
    <nd ref="13761314842" />
    <nd ref="11442636949" />
    <nd ref="13761314843" />
    <nd ref="11442636951" />
    <nd ref="13761314866" />
    <nd ref="11442636952" />
    <nd ref="13761314864" />
    <nd ref="13761314857" />
    <nd ref="13761314859" />
    <nd ref="13761314849" />
    <nd ref="11442636953" />
    <nd ref="13761314845" />
    <tag k="highway" v="service" />
    <tag k="name" v="Ngõ 364 Phố Minh Khai" />
    <tag k="service" v="alley" />
  </way>
  <way id="1236749989" version="1" timestamp="2024-01-04T02:52:58Z" changeset="145861908" uid="18820325" user="Grab_Cong">
    <nd ref="8265789248" />
    <nd ref="11484347393" />
    <nd ref="8715257020" />
    <nd ref="11484347392" />
    <tag k="highway" v="service" />
    <tag k="motorcar" v="destination" />
    <tag k="service" v="alley" />
  </way>
  <way id="1236749990" version="1" timestamp="2024-01-04T02:52:58Z" changeset="145861908" uid="18820325" user="Grab_Cong">
    <nd ref="8265789270" />
    <nd ref="8265789268" />
    <tag k="highway" v="service" />
    <tag k="motorcar" v="destination" />
    <tag k="service" v="alley" />
  </way>
  <way id="1240365579" version="5" timestamp="2026-04-07T00:02:56Z" changeset="180973222" uid="16014056" user="Trần Thanh Tuấn">
    <nd ref="829378851" />
    <nd ref="11027904006" />
    <tag k="highway" v="primary" />
    <tag k="lanes" v="2" />
    <tag k="lit" v="yes" />
    <tag k="maxheight" v="4.75" />
    <tag k="name" v="Đường Nguyễn Khoái" />
    <tag k="name:en" v="Nguyen Khoai Road" />
    <tag k="oneway" v="yes" />
    <tag k="surface" v="asphalt" />
  </way>
  <way id="1240455072" version="4" timestamp="2026-06-10T09:20:10Z" changeset="183912581" uid="11196308" user="vietnam321">
    <nd ref="11046698472" />
    <nd ref="8486580924" />
    <nd ref="5709913463" />
    <tag k="highway" v="primary" />
    <tag k="lanes" v="2" />
    <tag k="lit" v="yes" />
    <tag k="name" v="Phố Minh Khai" />
    <tag k="name:en" v="Minh Khai Street" />
    <tag k="name:etymology:wikidata" v="Q7022971" />
    <tag k="oneway" v="yes" />
    <tag k="surface" v="asphalt" />
  </way>
  <way id="1240455073" version="4" timestamp="2026-06-10T09:20:10Z" changeset="183912581" uid="11196308" user="vietnam321">
    <nd ref="5629422885" />
    <nd ref="10137756459" />
    <nd ref="11046698473" />
    <tag k="highway" v="primary" />
    <tag k="lanes" v="2" />
    <tag k="lit" v="yes" />
    <tag k="name" v="Phố Minh Khai" />
    <tag k="name:en" v="Minh Khai Street" />
    <tag k="name:etymology:wikidata" v="Q7022971" />
    <tag k="oneway" v="yes" />
    <tag k="surface" v="asphalt" />
  </way>
  <way id="1243235570" version="3" timestamp="2026-04-27T13:35:28Z" changeset="181891442" uid="23326231" user="Vmosnokia31">
    <nd ref="5629422912" />
    <nd ref="6684896594" />
    <nd ref="6684896593" />
    <nd ref="5710080994" />
    <nd ref="13766755600" />
    <nd ref="5629422886" />
    <tag k="highway" v="residential" />
    <tag k="lanes" v="2" />
    <tag k="name" v="Đường Số 7 Times City" />
    <tag k="name:en" v="Road Number 7 Times City" />
    <tag k="surface" v="asphalt" />
  </way>
  <way id="1243235571" version="7" timestamp="2026-04-27T13:35:28Z" changeset="181891442" uid="23326231" user="Vmosnokia31">
    <nd ref="5629422903" />
    <nd ref="13766865521" />
    <nd ref="4022914506" />
    <tag k="highway" v="residential" />
    <tag k="lanes" v="2" />
    <tag k="name" v="Đường Số 2 Times City" />
    <tag k="name:en" v="Road Number 2 Times City" />
    <tag k="surface" v="asphalt" />
  </way>
  <way id="1253123056" version="3" timestamp="2025-05-09T06:50:39Z" changeset="166013180" uid="20910140" user="Hung Tran 9x0">
    <nd ref="8265789291" />
    <nd ref="8265789295" />
    <nd ref="11876062149" />
    <nd ref="8265789293" />
    <nd ref="11647727662" />
    <nd ref="11647727661" />
    <nd ref="11647727663" />
    <nd ref="11876062150" />
    <nd ref="8265789294" />
    <tag k="highway" v="service" />
    <tag k="motorcar" v="destination" />
    <tag k="service" v="alley" />
    <tag k="surface" v="concrete" />
  </way>
  <way id="1253152470" version="1" timestamp="2024-02-21T04:25:51Z" changeset="147716430" uid="16294132" user="Takeshi Nagayama">
    <nd ref="11648222514" />
    <nd ref="11648222515" />
    <nd ref="11648222516" />
    <nd ref="11648222517" />
    <nd ref="11648222514" />
    <tag k="addr:city" v="Hà Nội" />
    <tag k="addr:district" v="Hai Bà Trưng" />
    <tag k="addr:housenumber" v="37" />
    <tag k="addr:postcode" v="11622" />
    <tag k="addr:province" v="Hà Nội" />
    <tag k="addr:street" v="Phố Vĩnh Tuy" />
    <tag k="addr:subdistrict" v="Vĩnh Tuy" />
    <tag k="building" v="pavilion" />
    <tag k="name" v="Đình Vĩnh Tuy" />
  </way>
  <way id="1253197753" version="2" timestamp="2025-06-28T14:12:18Z" changeset="168228932" uid="11196308" user="vietnam321">
    <nd ref="11648637185" />
    <nd ref="11648637186" />
    <nd ref="11648637187" />
    <nd ref="11648637188" />
    <nd ref="11648637185" />
    <tag k="addr:city" v="Hà Nội" />
    <tag k="addr:housenumber" v="35" />
    <tag k="addr:province" v="Hà Nội" />
    <tag k="addr:street" v="Phố Vĩnh Tuy" />
    <tag k="amenity" v="townhall" />
    <tag k="building" v="yes" />
    <tag k="name" v="HĐND - UBND phường Vĩnh Tuy" />
    <tag k="townhall:type" v="ward" />
  </way>
  <way id="1253565814" version="2" timestamp="2026-04-27T14:45:36Z" changeset="181895023" uid="11196308" user="vietnam321">
    <nd ref="11652499393" />
    <nd ref="11652499394" />
    <nd ref="11652499395" />
    <nd ref="11652499396" />
    <nd ref="11652499393" />
    <tag k="addr:city" v="Hà Nội" />
    <tag k="addr:province" v="Hà Nội" />
    <tag k="addr:street" v="Phố Vĩnh Tuy" />
    <tag k="amenity" v="marketplace" />
    <tag k="building" v="commercial" />
    <tag k="name" v="Chợ Vĩnh Tuy" />
    <tag k="opening_hours" v="Mo-Su 05:00-18:00" />
  </way>
  <way id="1253595073" version="1" timestamp="2024-02-22T12:17:57Z" changeset="147770981" uid="16294132" user="Takeshi Nagayama">
    <nd ref="11652678097" />
    <nd ref="11652678098" />
    <nd ref="11652678099" />
    <nd ref="11652678100" />
    <nd ref="11652678097" />
    <tag k="addr:city" v="Hà Nội" />
    <tag k="addr:district" v="Hai Bà Trưng" />
    <tag k="addr:housenumber" v="70" />
    <tag k="addr:postcode" v="11622" />
    <tag k="addr:province" v="Hà Nội" />
    <tag k="addr:street" v="Ngõ 100 Nguyễn Văn Viên" />
    <tag k="addr:subdistrict" v="Phường Vĩnh Tuy" />
    <tag k="amenity" v="clinic" />
    <tag k="building" v="yes" />
    <tag k="healthcare" v="clinic" />
    <tag k="name" v="Trạm Y tế phường Vĩnh Tuy" />
    <tag k="opening_hours" v="24/7" />
  </way>
  <way id="1253675869" version="2" timestamp="2026-05-11T15:12:35Z" changeset="182516413" uid="23326231" user="Vmosnokia31">
    <nd ref="11653339953" />
    <nd ref="11653339954" />
    <nd ref="11653339955" />
    <nd ref="11653339956" />
    <nd ref="11653339957" />
    <nd ref="11653339958" />
    <nd ref="11653339959" />
    <nd ref="11653339960" />
    <nd ref="11653339961" />
    <nd ref="11653339962" />
    <nd ref="11653339963" />
    <nd ref="11653339964" />
    <nd ref="11653339965" />
    <nd ref="11653339966" />
    <nd ref="11653339967" />
    <nd ref="11653339968" />
    <nd ref="11653375469" />
    <nd ref="11653375470" />
    <nd ref="11653375471" />
    <nd ref="11653375472" />
    <nd ref="11653339953" />
    <tag k="addr:street" v="Ngõ 122 Phố Vĩnh Tuy" />
    <tag k="building" v="yes" />
    <tag k="name" v="Viện Công nghệ Xi măng Vicem" />
    <tag k="office" v="educational_institution" />
    <tag k="website" v="https://www.facebook.com/vcti.vicem/" />
  </way>
  <way id="1253840803" version="1" timestamp="2024-02-23T04:40:44Z" changeset="147796851" uid="16294132" user="Takeshi Nagayama">
    <nd ref="11655258241" />
    <nd ref="11655258242" />
    <nd ref="11655258243" />
    <nd ref="11655258244" />
    <nd ref="11655258245" />
    <nd ref="11655258246" />
    <nd ref="11655258241" />
    <tag k="building" v="shed" />
  </way>
  <way id="1255860937" version="2" timestamp="2024-05-03T09:43:21Z" changeset="150827793" uid="3323343" user="phoenixsaigon1698">
    <nd ref="282890366" />
    <nd ref="5845486393" />
    <tag k="highway" v="residential" />
    <tag k="lanes" v="2" />
    <tag k="name" v="Ngõ 622 Minh Khai" />
    <tag k="surface" v="asphalt" />
  </way>
  <way id="1255860938" version="1" timestamp="2024-02-29T03:00:47Z" changeset="148034708" uid="20636026" user="Vietnam Outdoor [VNO]">
    <nd ref="11674976952" />
    <nd ref="11674976953" />
    <nd ref="11674976954" />
    <nd ref="11674976955" />
    <nd ref="11674976956" />
    <nd ref="11674976957" />
    <nd ref="11674976958" />
    <nd ref="11674976959" />
    <nd ref="11674976960" />
    <nd ref="11674976961" />
    <nd ref="11674976952" />
    <tag k="building" v="school" />
  </way>
  <way id="1258058879" version="1" timestamp="2024-03-06T03:00:53Z" changeset="148274177" uid="20636026" user="Vietnam Outdoor [VNO]">
    <nd ref="5707645714" />
    <nd ref="5707645690" />
    <tag k="highway" v="service" />
    <tag k="name" v="Hẻm 624/12/105 Phố Minh Khai" />
    <tag k="service" v="alley" />
  </way>
  <way id="1271711424" version="1" timestamp="2024-04-11T11:37:29Z" changeset="149860686" uid="11196308" user="vietnam321">
    <nd ref="11809437634" />
    <nd ref="11809437635" />
    <nd ref="11809437636" />
    <nd ref="11809437637" />
    <nd ref="11809437638" />
    <nd ref="11809437639" />
    <nd ref="11809437640" />
    <nd ref="11809437641" />
    <nd ref="11809437642" />
    <nd ref="11809437634" />
    <tag k="addr:housenumber" v="11" />
    <tag k="addr:street" v="Phố Vĩnh Tuy" />
    <tag k="amenity" v="police" />
    <tag k="building" v="yes" />
    <tag k="name" v="Công an phường Vĩnh Tuy" />
  </way>
  <way id="1272217656" version="5" timestamp="2026-04-07T00:02:56Z" changeset="180973222" uid="16014056" user="Trần Thanh Tuấn">
    <nd ref="2499074959" />
    <nd ref="11813799463" />
    <nd ref="10829931679" />
    <nd ref="11813799465" />
    <nd ref="10829931678" />
    <nd ref="5704543867" />
    <nd ref="11813799462" />
    <nd ref="5704543866" />
    <tag k="highway" v="residential" />
    <tag k="maxheight" v="5" />
    <tag k="name" v="Đường Nguyễn Khoái" />
    <tag k="name:en" v="Nguyen Khoai Road" />
  </way>
  <way id="1272217657" version="4" timestamp="2026-04-07T00:02:56Z" changeset="180973222" uid="16014056" user="Trần Thanh Tuấn">
    <nd ref="2218590769" />
    <nd ref="3776050436" />
    <nd ref="2218590773" />
    <nd ref="3776050435" />
    <nd ref="829378391" />
    <tag k="highway" v="primary" />
    <tag k="lanes" v="2" />
    <tag k="lit" v="yes" />
    <tag k="name" v="Đường Nguyễn Khoái" />
    <tag k="name:en" v="Nguyen Khoai Road" />
    <tag k="oneway" v="yes" />
    <tag k="surface" v="asphalt" />
  </way>
  <way id="1272217658" version="4" timestamp="2026-04-07T00:02:56Z" changeset="180973222" uid="16014056" user="Trần Thanh Tuấn">
    <nd ref="2218609347" />
    <nd ref="2218590769" />
    <tag k="highway" v="primary" />
    <tag k="lanes" v="2" />
    <tag k="lit" v="yes" />
    <tag k="maxheight" v="4.75" />
    <tag k="name" v="Đường Nguyễn Khoái" />
    <tag k="name:en" v="Nguyen Khoai Road" />
    <tag k="oneway" v="yes" />
    <tag k="surface" v="asphalt" />
  </way>
  <way id="1278051301" version="1" timestamp="2024-04-29T05:43:01Z" changeset="150645278" uid="11196308" user="vietnam321">
    <nd ref="11865416917" />
    <nd ref="11865416918" />
    <nd ref="11865416919" />
    <nd ref="11865416920" />
    <nd ref="11865416921" />
    <nd ref="11865416922" />
    <nd ref="11865416923" />
    <nd ref="11865416924" />
    <nd ref="11865416925" />
    <nd ref="11865416926" />
    <nd ref="11865416927" />
    <nd ref="11865416928" />
    <nd ref="11865416929" />
    <nd ref="11865416930" />
    <nd ref="11865416931" />
    <nd ref="11865416932" />
    <nd ref="11865416933" />
    <nd ref="11865416934" />
    <nd ref="11865416935" />
    <nd ref="11865416936" />
    <nd ref="11865416917" />
    <tag k="building" v="kindergarten" />
  </way>
  <way id="1279292449" version="1" timestamp="2024-05-03T09:43:21Z" changeset="150827793" uid="3323343" user="phoenixsaigon1698">
    <nd ref="11876062131" />
    <nd ref="11876062135" />
    <nd ref="11876062136" />
    <nd ref="11876062137" />
    <nd ref="11876062138" />
    <tag k="highway" v="service" />
    <tag k="service" v="alley" />
  </way>
  <way id="1285078164" version="3" timestamp="2026-04-25T18:41:38Z" changeset="181819167" uid="23326231" user="Vmosnokia31">
    <nd ref="8265778895" />
    <nd ref="13761406876" />
    <nd ref="13761406873" />
    <nd ref="13761406848" />
    <nd ref="8265778889" />
    <nd ref="8265778893" />
    <tag k="highway" v="service" />
    <tag k="motorcar" v="no" />
    <tag k="motorcycle" v="yes" />
    <tag k="name" v="Ngách 139/49 Đường Tam Trinh" />
    <tag k="service" v="alley" />
  </way>
  <way id="1285078165" version="3" timestamp="2026-04-25T18:41:38Z" changeset="181819167" uid="23326231" user="Vmosnokia31">
    <nd ref="8265778899" />
    <nd ref="11921518177" />
    <tag k="highway" v="service" />
    <tag k="service" v="alley" />
  </way>
  <way id="1285078166" version="2" timestamp="2026-04-25T18:41:38Z" changeset="181819167" uid="23326231" user="Vmosnokia31">
    <nd ref="11921518180" />
    <nd ref="11921518181" />
    <nd ref="13761406821" />
    <nd ref="13761406819" />
    <tag k="highway" v="service" />
    <tag k="service" v="alley" />
  </way>
  <way id="1296290678" version="2" timestamp="2026-04-27T13:35:28Z" changeset="181891442" uid="23326231" user="Vmosnokia31">
    <nd ref="5718937272" />
    <nd ref="5629423529" />
    <nd ref="10139155834" />
    <nd ref="10139155835" />
    <nd ref="10139155836" />
    <nd ref="5629422913" />
    <tag k="highway" v="residential" />
    <tag k="name" v="Đường Số 3 Times City" />
    <tag k="name:en" v="Road Number 3 Times City" />
    <tag k="surface" v="asphalt" />
  </way>
  <way id="1297512871" version="2" timestamp="2024-09-06T08:03:39Z" changeset="156261242" uid="3323343" user="phoenixsaigon1698">
    <nd ref="5710080966" />
    <nd ref="11500379299" />
    <nd ref="11500379300" />
    <nd ref="11500379301" />
    <nd ref="11500379302" />
    <nd ref="12159495202" />
    <nd ref="11500379303" />
    <nd ref="12159495203" />
    <nd ref="12159495204" />
    <nd ref="12159495205" />
    <nd ref="12159495207" />
    <nd ref="12159495206" />
    <nd ref="5710080966" />
    <tag k="highway" v="service" />
    <tag k="oneway" v="yes" />
  </way>
  <way id="1297512872" version="1" timestamp="2024-06-30T01:40:38Z" changeset="153352705" uid="3323343" user="phoenixsaigon1698">
    <nd ref="4022914510" />
    <nd ref="10284870885" />
    <nd ref="5709990992" />
    <tag k="highway" v="service" />
  </way>
  <way id="1297512873" version="1" timestamp="2024-06-30T01:40:38Z" changeset="153352705" uid="3323343" user="phoenixsaigon1698">
    <nd ref="282889735" />
    <nd ref="282889736" />
    <nd ref="282889737" />
    <nd ref="282889739" />
    <nd ref="282889740" />
    <nd ref="2294389052" />
    <tag k="cycleway:both" v="shared_lane" />
    <tag k="highway" v="service" />
    <tag k="maxspeed:type" v="VN:urban" />
    <tag k="name" v="Kho 20 Mạc Thị Bưởi" />
    <tag k="surface" v="asphalt" />
  </way>
  <way id="1297512874" version="2" timestamp="2025-09-27T16:57:10Z" changeset="172535003" uid="22065819" user="Hung159">
    <nd ref="2294389060" />
    <nd ref="6668068896" />
    <nd ref="5704144794" />
    <nd ref="5704144786" />
    <tag k="highway" v="residential" />
    <tag k="name" v="Ngách 61/33 Phố Lạc Trung" />
    <tag k="surface" v="concrete" />
  </way>
  <way id="1297512875" version="2" timestamp="2024-10-28T07:17:57Z" changeset="158442125" uid="3323343" user="phoenixsaigon1698">
    <nd ref="5704144786" />
    <nd ref="2294389037" />
    <tag k="highway" v="residential" />
    <tag k="name" v="Ngách 61/33 Lạc Trung" />
    <tag k="surface" v="concrete" />
  </way>
  <way id="1297512876" version="3" timestamp="2026-06-10T09:19:09Z" changeset="183912581" uid="11196308" user="vietnam321">
    <nd ref="2294389052" />
    <nd ref="282889741" />
    <tag k="cycleway:both" v="shared_lane" />
    <tag k="highway" v="residential" />
    <tag k="maxspeed:type" v="VN:urban" />
    <tag k="name" v="Phố Mạc Thị Bưởi" />
    <tag k="name:en" v="Mac Thi Buoi Street" />
    <tag k="name:etymology:wikidata" v="Q10796468" />
    <tag k="surface" v="asphalt" />
  </way>
  <way id="1297512877" version="2" timestamp="2025-09-27T16:57:10Z" changeset="172535003" uid="22065819" user="Hung159">
    <nd ref="282889741" />
    <nd ref="5845485952" />
    <nd ref="5704144811" />
    <tag k="highway" v="service" />
    <tag k="name" v="Ngõ 2 Phố Mạc Thị Bưởi" />
    <tag k="service" v="alley" />
    <tag k="surface" v="concrete" />
  </way>
  <way id="1297512878" version="1" timestamp="2024-06-30T01:40:38Z" changeset="153352705" uid="3323343" user="phoenixsaigon1698">
    <nd ref="12021450386" />
    <nd ref="12021450387" />
    <tag k="highway" v="service" />
    <tag k="service" v="alley" />
  </way>
  <way id="1297690238" version="2" timestamp="2025-09-27T16:57:10Z" changeset="172535003" uid="22065819" user="Hung159">
    <nd ref="12022901709" />
    <nd ref="10137756374" />
    <nd ref="12022901710" />
    <nd ref="12022901711" />
    <nd ref="12022901717" />
    <nd ref="12022901712" />
    <tag k="highway" v="service" />
    <tag k="motorcar" v="no" />
    <tag k="motorcycle" v="yes" />
    <tag k="name" v="Ngõ 77 Phố Lạc Trung" />
    <tag k="service" v="alley" />
  </way>
  <way id="1297690240" version="2" timestamp="2025-09-27T16:57:10Z" changeset="172535003" uid="22065819" user="Hung159">
    <nd ref="12022901716" />
    <nd ref="12022901718" />
    <nd ref="12022901717" />
    <tag k="highway" v="service" />
    <tag k="motorcar" v="no" />
    <tag k="motorcycle" v="yes" />
    <tag k="name" v="Ngõ 69 Phố Lạc Trung" />
    <tag k="service" v="alley" />
  </way>
  <way id="1297690241" version="2" timestamp="2025-09-27T16:57:10Z" changeset="172535003" uid="22065819" user="Hung159">
    <nd ref="12022901719" />
    <nd ref="12022901721" />
    <nd ref="12022901720" />
    <tag k="highway" v="service" />
    <tag k="motorcar" v="no" />
    <tag k="motorcycle" v="yes" />
    <tag k="name" v="Ngõ 65 Phố Lạc Trung" />
    <tag k="service" v="alley" />
  </way>
  <way id="1297690242" version="2" timestamp="2025-09-27T16:57:10Z" changeset="172535003" uid="22065819" user="Hung159">
    <nd ref="12022901723" />
    <nd ref="12022901726" />
    <nd ref="12022901724" />
    <nd ref="12022901725" />
    <tag k="highway" v="service" />
    <tag k="motorcar" v="destination" />
    <tag k="name" v="Ngõ 69B Phố Lạc Trung" />
    <tag k="service" v="alley" />
  </way>
  <way id="1300837896" version="3" timestamp="2025-12-16T02:52:57Z" changeset="175985749" uid="3323343" user="phoenixsaigon1698">
    <nd ref="5973650122" />
    <nd ref="282890371" />
    <nd ref="282890372" />
    <nd ref="4955947825" />
    <tag k="highway" v="residential" />
    <tag k="name" v="Ngõ 198 Phố Dương Văn Bé" />
    <tag k="old_name" v="Ngách 34/232 Vĩnh Tuy" />
    <tag k="surface" v="concrete" />
  </way>
  <way id="1305508469" version="1" timestamp="2024-08-04T07:05:34Z" changeset="154798272" uid="20910140" user="Hung Tran 9x0">
    <nd ref="12091395938" />
    <nd ref="12091395939" />
    <nd ref="12091395940" />
    <nd ref="12091427874" />
    <nd ref="12091395941" />
    <nd ref="12091395942" />
    <nd ref="12091395943" />
    <nd ref="12091395944" />
    <nd ref="12091395945" />
    <nd ref="12091395946" />
    <nd ref="12091395947" />
    <nd ref="12091395948" />
    <nd ref="12091395949" />
    <nd ref="12091427875" />
    <nd ref="12091395950" />
    <nd ref="12091395951" />
    <nd ref="12091395952" />
    <nd ref="12091395953" />
    <nd ref="12091395954" />
    <nd ref="12091395955" />
    <nd ref="12091395938" />
    <tag k="building" v="apartments" />
  </way>
  <way id="1305508470" version="1" timestamp="2024-08-04T07:05:34Z" changeset="154798272" uid="20910140" user="Hung Tran 9x0">
    <nd ref="12091395956" />
    <nd ref="12091395957" />
    <nd ref="12091395958" />
    <nd ref="12091427877" />
    <nd ref="12091395959" />
    <nd ref="12091395960" />
    <nd ref="12091395961" />
    <nd ref="12091395962" />
    <nd ref="12091395963" />
    <nd ref="12091395964" />
    <nd ref="12091395965" />
    <nd ref="12091395966" />
    <nd ref="12091395967" />
    <nd ref="12091427876" />
    <nd ref="12091395968" />
    <nd ref="12091427869" />
    <nd ref="12091427870" />
    <nd ref="12091427871" />
    <nd ref="12091427872" />
    <nd ref="12091427873" />
    <nd ref="12091395956" />
    <tag k="building" v="apartments" />
  </way>
  <way id="1305508475" version="2" timestamp="2026-02-08T05:15:47Z" changeset="178252551" uid="11141338" user="FanaticAir75626">
    <nd ref="8265789249" />
    <nd ref="12091427878" />
    <tag k="highway" v="service" />
  </way>
  <way id="1305508476" version="2" timestamp="2026-02-08T05:15:47Z" changeset="178252551" uid="11141338" user="FanaticAir75626">
    <nd ref="12091427879" />
    <nd ref="12091427880" />
    <tag k="highway" v="service" />
  </way>
  <way id="1305508477" version="2" timestamp="2026-02-08T05:15:47Z" changeset="178252551" uid="11141338" user="FanaticAir75626">
    <nd ref="12091427882" />
    <nd ref="12091427883" />
    <tag k="highway" v="service" />
  </way>
  <way id="1305508478" version="2" timestamp="2026-02-08T05:15:47Z" changeset="178252551" uid="11141338" user="FanaticAir75626">
    <nd ref="12091427884" />
    <nd ref="12091427885" />
    <tag k="highway" v="service" />
  </way>
  <way id="1305508479" version="2" timestamp="2026-02-08T05:15:47Z" changeset="178252551" uid="11141338" user="FanaticAir75626">
    <nd ref="5707820717" />
    <nd ref="5707821240" />
    <tag k="highway" v="service" />
    <tag k="surface" v="asphalt" />
  </way>
  <way id="1307374531" version="1" timestamp="2024-08-13T03:11:28Z" changeset="155174843" uid="21597372" user="Evgeny Arbatov">
    <nd ref="12107253246" />
    <nd ref="12107253245" />
    <nd ref="12107253244" />
    <tag k="highway" v="service" />
  </way>
  <way id="1313221016" version="2" timestamp="2026-04-25T18:41:38Z" changeset="181819167" uid="23326231" user="Vmosnokia31">
    <nd ref="12155254863" />
    <nd ref="13761406878" />
    <nd ref="12155254859" />
    <tag k="highway" v="service" />
    <tag k="service" v="alley" />
    <tag k="source" v="https://www.streetview.vn/?picId=ea53a237-61ac-44d7-9451-d52754b9bf35&amp;lat=20.993250917&amp;lng=105.865487794&amp;yaw=244&amp;pitch=-18" />
  </way>
  <way id="1313221019" version="3" timestamp="2026-04-25T18:41:38Z" changeset="181819167" uid="23326231" user="Vmosnokia31">
    <nd ref="11927988219" />
    <nd ref="12155254872" />
    <tag k="highway" v="service" />
    <tag k="service" v="alley" />
    <tag k="source" v="https://www.streetview.vn/?picId=59832130-d995-4fce-aba3-1a4faca43e48&amp;lat=20.99383306&amp;lng=105.863866701&amp;yaw=136&amp;pitch=-5" />
  </way>
  <way id="1313221020" version="3" timestamp="2026-06-08T04:32:24Z" changeset="183807915" uid="23326231" user="Vmosnokia31">
    <nd ref="12155254875" />
    <nd ref="12155254874" />
    <tag k="highway" v="service" />
    <tag k="name" v="Hẻm 624/12/95 Phố Minh Khai" />
    <tag k="service" v="alley" />
    <tag k="source" v="https://www.streetview.vn/?lat=20.996981919&amp;lng=105.87202292&amp;picId=2eaa4266-0455-4253-ad63-2616734b58c9&amp;yaw=259&amp;pitch=-6" />
  </way>
  <way id="1313440135" version="2" timestamp="2025-08-02T05:33:19Z" changeset="169845514" uid="20910140" user="Hung Tran 9x0">
    <nd ref="5704267790" />
    <nd ref="5704267789" />
    <nd ref="5704267788" />
    <tag k="highway" v="residential" />
    <tag k="name" v="Ngách 61/22 Phố Lạc Trung" />
  </way>
  <way id="1331310823" version="2" timestamp="2026-06-08T04:32:24Z" changeset="183807915" uid="23326231" user="Vmosnokia31">
    <nd ref="12317957255" />
    <nd ref="12317957256" />
    <nd ref="13919232736" />
    <tag k="highway" v="service" />
    <tag k="service" v="alley" />
  </way>
  <way id="1331645445" version="3" timestamp="2026-04-25T18:41:38Z" changeset="181819167" uid="23326231" user="Vmosnokia31">
    <nd ref="8265778898" />
    <nd ref="8265778897" />
    <tag k="highway" v="service" />
    <tag k="motorcycle" v="yes" />
    <tag k="service" v="alley" />
  </way>
  <way id="1331645446" version="2" timestamp="2026-04-25T18:41:38Z" changeset="181819167" uid="23326231" user="Vmosnokia31">
    <nd ref="13761406854" />
    <nd ref="8265778901" />
    <nd ref="8265778900" />
    <tag k="highway" v="service" />
    <tag k="service" v="alley" />
    <tag k="surface" v="asphalt" />
  </way>
  <way id="1332428159" version="1" timestamp="2024-11-09T15:21:34Z" changeset="158938559" uid="11691953" user="ItsLouisAnderson">
    <nd ref="12326955914" />
    <nd ref="12326955913" />
    <nd ref="12326955915" />
    <tag k="highway" v="service" />
    <tag k="service" v="driveway" />
  </way>
  <way id="1333152798" version="4" timestamp="2025-08-15T07:08:17Z" changeset="170466051" uid="20910140" user="Hung Tran 9x0">
    <nd ref="8265788970" />
    <nd ref="13072003068" />
    <nd ref="8265788955" />
    <nd ref="8265788975" />
    <tag k="highway" v="service" />
    <tag k="motor_vehicle" v="destination" />
    <tag k="motorcycle" v="yes" />
    <tag k="name" v="Ngõ 349 Phố Minh Khai" />
    <tag k="service" v="alley" />
  </way>
  <way id="1334183030" version="1" timestamp="2024-11-15T10:10:31Z" changeset="159163163" uid="13749044" user="GrabVN_Ánh Linh Lê">
    <nd ref="11041513505" />
    <nd ref="8115239840" />
    <nd ref="8115239841" />
    <nd ref="8115239842" />
    <tag k="highway" v="residential" />
    <tag k="oneway" v="yes" />
  </way>
  <way id="1342129091" version="2" timestamp="2026-04-27T13:35:28Z" changeset="181891442" uid="23326231" user="Vmosnokia31">
    <nd ref="5629422887" />
    <nd ref="10284870938" />
    <nd ref="8486580923" />
    <nd ref="5629422885" />
    <tag k="highway" v="tertiary" />
    <tag k="name" v="Đường Số 3 Times City" />
    <tag k="name:en" v="Road Number 3 Times City" />
    <tag k="oneway" v="yes" />
    <tag k="surface" v="asphalt" />
  </way>
  <way id="1356640477" version="2" timestamp="2026-04-25T18:41:38Z" changeset="181819167" uid="23326231" user="Vmosnokia31">
    <nd ref="12556203771" />
    <nd ref="13761406810" />
    <nd ref="12556203772" />
    <nd ref="12556203773" />
    <nd ref="13761406809" />
    <tag k="highway" v="service" />
    <tag k="motorcar" v="destination" />
    <tag k="motorcycle" v="yes" />
    <tag k="service" v="alley" />
  </way>
  <way id="1359074581" version="1" timestamp="2025-02-11T15:13:56Z" changeset="162395319" uid="20881381" user="edumiz624">
    <nd ref="5629422872" />
    <nd ref="6684828763" />
    <nd ref="5629422868" />
    <nd ref="6684828764" />
    <nd ref="5629422871" />
    <nd ref="5629422866" />
    <nd ref="5629422870" />
    <nd ref="6684828760" />
    <nd ref="5629422875" />
    <tag k="highway" v="tertiary" />
    <tag k="junction" v="roundabout" />
    <tag k="lanes" v="2" />
    <tag k="oneway" v="yes" />
    <tag k="surface" v="asphalt" />
  </way>
  <way id="1362853266" version="1" timestamp="2025-02-25T14:14:19Z" changeset="162934157" uid="11196308" user="vietnam321">
    <nd ref="12618273843" />
    <nd ref="12618273844" />
    <nd ref="12618273845" />
    <nd ref="12618273846" />
    <nd ref="12618273847" />
    <nd ref="12618273848" />
    <nd ref="12618273849" />
    <nd ref="12618273850" />
    <nd ref="12618273851" />
    <nd ref="12618273852" />
    <nd ref="12618273853" />
    <nd ref="12618273854" />
    <nd ref="12618273855" />
    <nd ref="12618273856" />
    <nd ref="12618273857" />
    <nd ref="12618273858" />
    <nd ref="12618273859" />
    <nd ref="12618273860" />
    <nd ref="12618273861" />
    <nd ref="12618273862" />
    <nd ref="12618273863" />
    <nd ref="12618273864" />
    <nd ref="12618273865" />
    <nd ref="12618273866" />
    <nd ref="12618273867" />
    <nd ref="12618273868" />
    <nd ref="12618273869" />
    <nd ref="12618273870" />
    <nd ref="12618273843" />
    <tag k="building" v="school" />
  </way>
  <way id="1362853268" version="1" timestamp="2025-02-25T14:14:19Z" changeset="162934157" uid="11196308" user="vietnam321">
    <nd ref="12618273881" />
    <nd ref="12618273882" />
    <nd ref="12618273883" />
    <nd ref="12618273884" />
    <nd ref="12618273885" />
    <nd ref="12618273886" />
    <nd ref="12618273887" />
    <nd ref="12618273888" />
    <nd ref="12618273889" />
    <nd ref="12618273890" />
    <nd ref="12618273881" />
    <tag k="building" v="yes" />
  </way>
  <way id="1362853269" version="1" timestamp="2025-02-25T14:14:19Z" changeset="162934157" uid="11196308" user="vietnam321">
    <nd ref="12618273891" />
    <nd ref="12618273892" />
    <nd ref="12618273893" />
    <nd ref="12618273894" />
    <nd ref="12618273895" />
    <nd ref="12618273896" />
    <nd ref="12618273891" />
    <tag k="building" v="yes" />
  </way>
  <way id="1362853270" version="1" timestamp="2025-02-25T14:14:19Z" changeset="162934157" uid="11196308" user="vietnam321">
    <nd ref="12618273892" />
    <nd ref="12618273897" />
    <nd ref="12618273898" />
    <nd ref="12618273893" />
    <nd ref="12618273892" />
    <tag k="building" v="yes" />
  </way>
  <way id="1362853271" version="1" timestamp="2025-02-25T14:14:19Z" changeset="162934157" uid="11196308" user="vietnam321">
    <nd ref="5709913463" />
    <nd ref="8486580926" />
    <nd ref="5709934322" />
    <nd ref="5709913437" />
    <nd ref="5709913435" />
    <nd ref="5709913439" />
    <nd ref="8265788975" />
    <nd ref="5709913440" />
    <tag k="highway" v="residential" />
    <tag k="name" v="Ngõ 339 Minh Khai" />
    <tag k="surface" v="asphalt" />
  </way>
  <way id="1362853272" version="1" timestamp="2025-02-25T14:14:19Z" changeset="162934157" uid="11196308" user="vietnam321">
    <nd ref="12618285401" />
    <nd ref="12618285402" />
    <nd ref="12618285403" />
    <nd ref="12618285404" />
    <nd ref="12618285405" />
    <nd ref="12618285401" />
    <tag k="building" v="apartments" />
  </way>
  <way id="1362853273" version="1" timestamp="2025-02-25T14:14:19Z" changeset="162934157" uid="11196308" user="vietnam321">
    <nd ref="12618285406" />
    <nd ref="12618285407" />
    <nd ref="12618285408" />
    <nd ref="12618285409" />
    <nd ref="12618285410" />
    <nd ref="12618285411" />
    <nd ref="12618285412" />
    <nd ref="12618285406" />
    <tag k="building" v="apartments" />
  </way>
  <way id="1362853274" version="1" timestamp="2025-02-25T14:14:19Z" changeset="162934157" uid="11196308" user="vietnam321">
    <nd ref="12618285413" />
    <nd ref="12618285414" />
    <nd ref="12618285415" />
    <nd ref="12618285416" />
    <nd ref="12618285417" />
    <nd ref="12618285418" />
    <nd ref="12618285419" />
    <nd ref="12618285420" />
    <nd ref="12618285421" />
    <nd ref="12618285422" />
    <nd ref="12618285423" />
    <nd ref="12618285424" />
    <nd ref="12618285413" />
    <tag k="building" v="yes" />
  </way>
  <way id="1369117744" version="1" timestamp="2025-03-19T12:21:49Z" changeset="163814962" uid="20881381" user="edumiz624">
    <nd ref="5629422875" />
    <nd ref="6684828761" />
    <nd ref="5629422867" />
    <nd ref="6684828762" />
    <nd ref="5629422874" />
    <tag k="highway" v="tertiary" />
    <tag k="junction" v="roundabout" />
    <tag k="lanes" v="2" />
    <tag k="oneway" v="yes" />
    <tag k="surface" v="asphalt" />
  </way>
  <way id="1389678813" version="2" timestamp="2026-04-27T13:42:24Z" changeset="181891746" uid="23326231" user="Vmosnokia31">
    <nd ref="8333865842" />
    <nd ref="11876062130" />
    <nd ref="8265788874" />
    <nd ref="12863626858" />
    <nd ref="12863626859" />
    <tag k="highway" v="service" />
    <tag k="lit" v="yes" />
    <tag k="maxspeed" v="20" />
    <tag k="name" v="Ngách 622/14 Phố Minh Khai" />
    <tag k="service" v="alley" />
    <tag k="surface" v="concrete" />
    <tag k="width" v="2.25" />
  </way>
  <way id="1392508986" version="1" timestamp="2025-06-06T04:17:14Z" changeset="167248742" uid="3323343" user="phoenixsaigon1698">
    <nd ref="8265789370" />
    <nd ref="12890253819" />
    <nd ref="12890253820" />
    <nd ref="12890253821" />
    <tag k="highway" v="service" />
    <tag k="motorcar" v="no" />
    <tag k="service" v="alley" />
  </way>
  <way id="1408500234" version="1" timestamp="2025-06-22T06:51:12Z" changeset="167939729" uid="20910140" user="Hung Tran 9x0">
    <nd ref="12944186089" />
    <nd ref="12944186090" />
    <nd ref="12944186091" />
    <nd ref="5709990982" />
    <tag k="highway" v="service" />
  </way>
  <way id="1408500235" version="1" timestamp="2025-06-22T06:51:12Z" changeset="167939729" uid="20910140" user="Hung Tran 9x0">
    <nd ref="12944186095" />
    <nd ref="12944186092" />
    <nd ref="12944186093" />
    <nd ref="12944186094" />
    <tag k="highway" v="service" />
  </way>
  <way id="1408500236" version="1" timestamp="2025-06-22T06:51:12Z" changeset="167939729" uid="20910140" user="Hung Tran 9x0">
    <nd ref="12944186093" />
    <nd ref="12944186096" />
    <tag k="highway" v="service" />
  </way>
  <way id="1411410056" version="2" timestamp="2025-10-01T10:04:17Z" changeset="172698335" uid="22065819" user="Hung159">
    <nd ref="110376673" />
    <nd ref="4955948042" />
    <tag k="highway" v="primary" />
    <tag k="lanes" v="2" />
    <tag k="lit" v="yes" />
    <tag k="maxheight" v="4.2" />
    <tag k="name" v="Phố Nguyễn Văn Viên" />
    <tag k="name:en" v="Nguyen Van Vien Street" />
    <tag k="old_name" v="Phố Vĩnh Tuy" />
    <tag k="surface" v="asphalt" />
  </way>
  <way id="1419315107" version="1" timestamp="2025-08-02T05:33:19Z" changeset="169845514" uid="20910140" user="Hung Tran 9x0">
    <nd ref="13042463434" />
    <nd ref="5704267790" />
    <tag k="highway" v="service" />
    <tag k="motorcar" v="destination" />
    <tag k="name" v="Ngách 61/22 Phố Lạc Trung" />
    <tag k="service" v="alley" />
    <tag k="surface" v="unpaved" />
  </way>
  <way id="1419315108" version="1" timestamp="2025-08-02T05:33:19Z" changeset="169845514" uid="20910140" user="Hung Tran 9x0">
    <nd ref="11484356938" />
    <nd ref="8265789263" />
    <tag k="highway" v="service" />
    <tag k="motorcar" v="destination" />
    <tag k="name" v="Ngách 359/77 Phố Minh Khai" />
    <tag k="service" v="alley" />
  </way>
  <way id="1419315109" version="1" timestamp="2025-08-02T05:33:19Z" changeset="169845514" uid="20910140" user="Hung Tran 9x0">
    <nd ref="8265789264" />
    <nd ref="8265789272" />
    <nd ref="8265789271" />
    <tag k="highway" v="service" />
    <tag k="motorcar" v="destination" />
    <tag k="service" v="alley" />
  </way>
  <way id="1420192223" version="2" timestamp="2025-12-16T02:52:57Z" changeset="175985749" uid="3323343" user="phoenixsaigon1698">
    <nd ref="13050147691" />
    <nd ref="13050147690" />
    <tag k="highway" v="service" />
    <tag k="oneway" v="yes" />
  </way>
  <way id="1422423487" version="1" timestamp="2025-08-15T07:08:17Z" changeset="170466051" uid="20910140" user="Hung Tran 9x0">
    <nd ref="8265788949" />
    <nd ref="8265788950" />
    <nd ref="8265788948" />
    <tag k="highway" v="service" />
    <tag k="motorcycle" v="yes" />
    <tag k="service" v="alley" />
  </way>
  <way id="1422423488" version="1" timestamp="2025-08-15T07:08:17Z" changeset="170466051" uid="20910140" user="Hung Tran 9x0">
    <nd ref="8265788959" />
    <nd ref="8265788970" />
    <tag k="highway" v="service" />
    <tag k="motorcar" v="destination" />
    <tag k="name" v="Ngách 349/70 Phố Minh Khai" />
    <tag k="service" v="alley" />
  </way>
  <way id="1422494569" version="1" timestamp="2025-08-15T15:09:58Z" changeset="170485613" uid="20910140" user="Hung Tran 9x0">
    <nd ref="13072693841" />
    <nd ref="13072693840" />
    <nd ref="5689955857" />
    <nd ref="10137756340" />
    <nd ref="5689955856" />
    <tag k="highway" v="residential" />
    <tag k="name" v="Ngõ 297 Phố Minh Khai" />
    <tag k="surface" v="asphalt" />
  </way>
  <way id="1422494570" version="1" timestamp="2025-08-15T15:09:58Z" changeset="170485613" uid="20910140" user="Hung Tran 9x0">
    <nd ref="13072693839" />
    <nd ref="13072693840" />
    <tag k="highway" v="service" />
    <tag k="surface" v="asphalt" />
  </way>
  <way id="1424151779" version="2" timestamp="2026-01-06T15:18:31Z" changeset="176907828" uid="20910140" user="Hung Tran 9x0">
    <nd ref="13089391609" />
    <nd ref="13089391610" />
    <nd ref="13089391611" />
    <nd ref="13089391612" />
    <nd ref="13089391609" />
    <tag k="addr:housenumber" v="35" />
    <tag k="addr:street" v="Ngõ 61 Phố Lạc Trung" />
    <tag k="building" v="university" />
    <tag k="name" v="Trường Đại học Mở Hà Nội" />
  </way>
  <way id="1433777541" version="2" timestamp="2026-09-15T00:57:38Z" changeset="189037087" uid="3323343" user="phoenixsaigon1698">
    <nd ref="5704144799" />
    <nd ref="13176982734" />
    <tag k="highway" v="secondary_link" />
    <tag k="name" v="Ngõ 780 Minh Khai" />
    <tag k="name:en" v="Alley 780 Minh Khai" />
    <tag k="name:vi" v="Ngõ 780 Minh Khai" />
  </way>
  <way id="1444833517" version="1" timestamp="2025-10-26T05:49:54Z" changeset="173780039" uid="11196308" user="vietnam321">
    <nd ref="12890253828" />
    <nd ref="12890253829" />
    <nd ref="12890253830" />
    <nd ref="829378391" />
    <tag k="destination" v="Đường Nguyễn Khoái" />
    <tag k="highway" v="trunk_link" />
    <tag k="lanes" v="2" />
    <tag k="lit" v="yes" />
    <tag k="maxweight" v="18" />
    <tag k="oneway" v="yes" />
    <tag k="surface" v="asphalt" />
  </way>
  <way id="1448136429" version="2" timestamp="2026-02-08T05:15:47Z" changeset="178252551" uid="11141338" user="FanaticAir75626">
    <nd ref="13533539884" />
    <nd ref="8265789004" />
    <nd ref="13533539886" />
    <nd ref="13286747953" />
    <nd ref="13533539894" />
    <nd ref="13286747954" />
    <nd ref="13286747957" />
    <nd ref="5703980377" />
    <nd ref="13286747960" />
    <nd ref="13533539891" />
    <nd ref="13286747955" />
    <nd ref="13286747958" />
    <nd ref="13533539888" />
    <nd ref="13533539892" />
    <nd ref="13286747956" />
    <tag k="alt_name" v="Dự án Kết nối đường qua Công ty xe bus vớI Dự án 423 Minh Khai" />
    <tag k="highway" v="residential" />
    <tag k="lanes" v="2" />
    <tag k="surface" v="asphalt" />
  </way>
  <way id="1448136430" version="2" timestamp="2026-02-08T05:15:47Z" changeset="178252551" uid="11141338" user="FanaticAir75626">
    <nd ref="13533539884" />
    <nd ref="8831237457" />
    <nd ref="5721861415" />
    <tag k="highway" v="residential" />
    <tag k="lanes" v="2" />
    <tag k="surface" v="asphalt" />
  </way>
  <way id="1448136431" version="1" timestamp="2025-11-07T07:38:31Z" changeset="174320123" uid="11141338" user="FanaticAir75626">
    <nd ref="13286747968" />
    <nd ref="13286747969" />
    <nd ref="13286747964" />
    <nd ref="13286747970" />
    <nd ref="13286747967" />
    <nd ref="13286747968" />
    <tag k="building" v="yes" />
  </way>
  <way id="1448136432" version="1" timestamp="2025-11-07T07:38:31Z" changeset="174320123" uid="11141338" user="FanaticAir75626">
    <nd ref="13286747970" />
    <nd ref="13286747967" />
    <nd ref="13286747966" />
    <nd ref="13286747965" />
    <nd ref="13286747970" />
    <tag k="building" v="yes" />
  </way>
  <way id="1448136433" version="1" timestamp="2025-11-07T07:38:31Z" changeset="174320123" uid="11141338" user="FanaticAir75626">
    <nd ref="13286747971" />
    <nd ref="13286747972" />
    <nd ref="13286747973" />
    <nd ref="13286747974" />
    <nd ref="13286747971" />
    <tag k="building" v="yes" />
  </way>
  <way id="1463932727" version="1" timestamp="2026-01-03T15:11:20Z" changeset="176785806" uid="20910140" user="Hung Tran 9x0">
    <nd ref="13428677923" />
    <nd ref="13428677927" />
    <nd ref="13428677924" />
    <nd ref="13428677925" />
    <nd ref="13428677928" />
    <nd ref="13428677926" />
    <tag k="highway" v="service" />
    <tag k="name" v="Ngõ 80 Phố Nguyễn Văn Viên" />
    <tag k="service" v="alley" />
  </way>
  <way id="1466364908" version="1" timestamp="2026-01-12T03:33:30Z" changeset="177120453" uid="15330182" user="GrabVN_Nguyen Thi Ngoc Tram">
    <nd ref="13449278284" />
    <nd ref="13449278285" />
    <tag k="highway" v="service" />
    <tag k="name" v="Ngách 41 Ngõ 622 Phố Minh Khai" />
    <tag k="service" v="alley" />
  </way>
  <way id="1466927588" version="1" timestamp="2026-01-14T03:23:43Z" changeset="177203049" uid="21597372" user="Evgeny Arbatov">
    <nd ref="13454798261" />
    <nd ref="13454798263" />
    <nd ref="13454798262" />
    <tag k="highway" v="service" />
    <tag k="surface" v="asphalt" />
  </way>
  <way id="1475184089" version="1" timestamp="2026-02-08T05:15:47Z" changeset="178252551" uid="11141338" user="FanaticAir75626">
    <nd ref="5703980381" />
    <nd ref="5721862026" />
    <nd ref="5703980378" />
    <nd ref="5721862024" />
    <nd ref="5703980377" />
    <tag k="highway" v="service" />
  </way>
  <way id="1475184090" version="1" timestamp="2026-02-08T05:15:47Z" changeset="178252551" uid="11141338" user="FanaticAir75626">
    <nd ref="13533539891" />
    <nd ref="13533539890" />
    <nd ref="13533539889" />
    <tag k="highway" v="service" />
    <tag k="service" v="parking_aisle" />
    <tag k="surface" v="asphalt" />
  </way>
  <way id="1489038340" version="1" timestamp="2026-03-15T06:11:58Z" changeset="179884342" uid="20910140" user="Hung Tran 9x0">
    <nd ref="13649015838" />
    <nd ref="13649015839" />
    <nd ref="13649015840" />
    <nd ref="5707820718" />
    <tag k="highway" v="service" />
    <tag k="service" v="alley" />
  </way>
  <way id="1493562457" version="2" timestamp="2026-06-08T04:32:24Z" changeset="183807915" uid="23326231" user="Vmosnokia31">
    <nd ref="13686023227" />
    <nd ref="13686023229" />
    <nd ref="13919232831" />
    <nd ref="13686023230" />
    <tag k="highway" v="service" />
    <tag k="motorcar" v="no" />
    <tag k="motorcycle" v="yes" />
    <tag k="name" v="Ngách 144/16 Phố Dương Văn Bé" />
    <tag k="service" v="alley" />
  </way>
  <way id="1503681265" version="1" timestamp="2026-04-25T18:41:38Z" changeset="181819167" uid="23326231" user="Vmosnokia31">
    <nd ref="13761314843" />
    <nd ref="13761314844" />
    <tag k="highway" v="service" />
    <tag k="service" v="alley" />
  </way>
  <way id="1503681266" version="1" timestamp="2026-04-25T18:41:38Z" changeset="181819167" uid="23326231" user="Vmosnokia31">
    <nd ref="13761314850" />
    <nd ref="13761314846" />
    <nd ref="13761314851" />
    <nd ref="13761314847" />
    <nd ref="13761314848" />
    <nd ref="13761314849" />
    <tag k="highway" v="service" />
    <tag k="service" v="alley" />
  </way>
  <way id="1503681267" version="1" timestamp="2026-04-25T18:41:38Z" changeset="181819167" uid="23326231" user="Vmosnokia31">
    <nd ref="13761314851" />
    <nd ref="13761314852" />
    <nd ref="13761314853" />
    <nd ref="13761314854" />
    <nd ref="13761314855" />
    <nd ref="13761314856" />
    <tag k="highway" v="service" />
    <tag k="service" v="alley" />
  </way>
  <way id="1503681268" version="1" timestamp="2026-04-25T18:41:38Z" changeset="181819167" uid="23326231" user="Vmosnokia31">
    <nd ref="13761314857" />
    <nd ref="13761314858" />
    <tag k="highway" v="service" />
    <tag k="service" v="alley" />
  </way>
  <way id="1503681269" version="1" timestamp="2026-04-25T18:41:38Z" changeset="181819167" uid="23326231" user="Vmosnokia31">
    <nd ref="13761314859" />
    <nd ref="13761314860" />
    <nd ref="13761314861" />
    <nd ref="13761314862" />
    <nd ref="13761314863" />
    <tag k="highway" v="service" />
    <tag k="service" v="alley" />
  </way>
  <way id="1503681270" version="1" timestamp="2026-04-25T18:41:38Z" changeset="181819167" uid="23326231" user="Vmosnokia31">
    <nd ref="13761314864" />
    <nd ref="13761314865" />
    <tag k="highway" v="service" />
    <tag k="service" v="alley" />
  </way>
  <way id="1503681271" version="1" timestamp="2026-04-25T18:41:38Z" changeset="181819167" uid="23326231" user="Vmosnokia31">
    <nd ref="13761314866" />
    <nd ref="13761314867" />
    <tag k="highway" v="service" />
    <tag k="service" v="alley" />
  </way>
  <way id="1503681272" version="1" timestamp="2026-04-25T18:41:38Z" changeset="181819167" uid="23326231" user="Vmosnokia31">
    <nd ref="13761314868" />
    <nd ref="13761314869" />
    <nd ref="13761314870" />
    <nd ref="13761314871" />
    <nd ref="13761314868" />
    <tag k="building" v="yes" />
  </way>
  <way id="1503681277" version="1" timestamp="2026-04-25T18:41:38Z" changeset="181819167" uid="23326231" user="Vmosnokia31">
    <nd ref="13761314892" />
    <nd ref="13761314894" />
    <nd ref="13761314893" />
    <tag k="highway" v="service" />
    <tag k="service" v="alley" />
  </way>
  <way id="1503681278" version="1" timestamp="2026-04-25T18:41:38Z" changeset="181819167" uid="23326231" user="Vmosnokia31">
    <nd ref="13761314894" />
    <nd ref="13761314895" />
    <tag k="highway" v="service" />
    <tag k="service" v="alley" />
  </way>
  <way id="1503681279" version="1" timestamp="2026-04-25T18:41:38Z" changeset="181819167" uid="23326231" user="Vmosnokia31">
    <nd ref="13761314896" />
    <nd ref="13761314897" />
    <nd ref="13761314898" />
    <tag k="highway" v="service" />
    <tag k="service" v="alley" />
  </way>
  <way id="1503681280" version="1" timestamp="2026-04-25T18:41:38Z" changeset="181819167" uid="23326231" user="Vmosnokia31">
    <nd ref="13761314899" />
    <nd ref="13761314900" />
    <nd ref="13761406801" />
    <tag k="highway" v="service" />
    <tag k="service" v="alley" />
  </way>
  <way id="1503681281" version="1" timestamp="2026-04-25T18:41:38Z" changeset="181819167" uid="23326231" user="Vmosnokia31">
    <nd ref="13761406802" />
    <nd ref="13761406801" />
    <nd ref="13761406803" />
    <tag k="highway" v="service" />
    <tag k="service" v="alley" />
  </way>
  <way id="1503681282" version="1" timestamp="2026-04-25T18:41:38Z" changeset="181819167" uid="23326231" user="Vmosnokia31">
    <nd ref="13761406804" />
    <nd ref="13761406805" />
    <nd ref="13761406806" />
    <nd ref="13761406807" />
    <tag k="highway" v="service" />
    <tag k="service" v="alley" />
  </way>
  <way id="1503681283" version="1" timestamp="2026-04-25T18:41:38Z" changeset="181819167" uid="23326231" user="Vmosnokia31">
    <nd ref="13761406805" />
    <nd ref="13761406808" />
    <tag k="highway" v="service" />
    <tag k="service" v="alley" />
  </way>
  <way id="1503681284" version="1" timestamp="2026-04-25T18:41:38Z" changeset="181819167" uid="23326231" user="Vmosnokia31">
    <nd ref="12556203773" />
    <nd ref="12556203774" />
    <tag k="highway" v="service" />
    <tag k="motorcar" v="destination" />
    <tag k="motorcycle" v="yes" />
    <tag k="service" v="alley" />
  </way>
  <way id="1503681285" version="1" timestamp="2026-04-25T18:41:38Z" changeset="181819167" uid="23326231" user="Vmosnokia31">
    <nd ref="13761406810" />
    <nd ref="13761406811" />
    <tag k="highway" v="service" />
    <tag k="service" v="alley" />
  </way>
  <way id="1503681287" version="1" timestamp="2026-04-25T18:41:38Z" changeset="181819167" uid="23326231" user="Vmosnokia31">
    <nd ref="13761406817" />
    <nd ref="13761406818" />
    <tag k="highway" v="service" />
    <tag k="service" v="parking_aisle" />
  </way>
  <way id="1503681288" version="1" timestamp="2026-04-25T18:41:38Z" changeset="181819167" uid="23326231" user="Vmosnokia31">
    <nd ref="13761406819" />
    <nd ref="13761406820" />
    <tag k="highway" v="service" />
    <tag k="service" v="alley" />
  </way>
  <way id="1503681289" version="1" timestamp="2026-04-25T18:41:38Z" changeset="181819167" uid="23326231" user="Vmosnokia31">
    <nd ref="13761406821" />
    <nd ref="13761406822" />
    <tag k="highway" v="service" />
    <tag k="service" v="alley" />
  </way>
  <way id="1503681290" version="1" timestamp="2026-04-25T18:41:38Z" changeset="181819167" uid="23326231" user="Vmosnokia31">
    <nd ref="8265778900" />
    <nd ref="8265778902" />
    <nd ref="13761406825" />
    <nd ref="11921518182" />
    <nd ref="13761406824" />
    <tag k="highway" v="service" />
    <tag k="name" v="Ngõ 87 Đường Tam Trinh" />
    <tag k="service" v="alley" />
    <tag k="surface" v="asphalt" />
  </way>
  <way id="1503681291" version="1" timestamp="2026-04-25T18:41:38Z" changeset="181819167" uid="23326231" user="Vmosnokia31">
    <nd ref="13761406825" />
    <nd ref="13761406827" />
    <nd ref="13761406826" />
    <tag k="highway" v="service" />
    <tag k="service" v="alley" />
  </way>
  <way id="1503681292" version="1" timestamp="2026-04-25T18:41:38Z" changeset="181819167" uid="23326231" user="Vmosnokia31">
    <nd ref="13761406827" />
    <nd ref="13761406828" />
    <nd ref="13761406829" />
    <tag k="highway" v="service" />
    <tag k="service" v="alley" />
  </way>
  <way id="1503681293" version="1" timestamp="2026-04-25T18:41:38Z" changeset="181819167" uid="23326231" user="Vmosnokia31">
    <nd ref="13761406830" />
    <nd ref="13761406831" />
    <nd ref="13761406864" />
    <nd ref="13761406865" />
    <tag k="highway" v="service" />
    <tag k="service" v="alley" />
  </way>
  <way id="1503681294" version="1" timestamp="2026-04-25T18:41:38Z" changeset="181819167" uid="23326231" user="Vmosnokia31">
    <nd ref="5689955863" />
    <nd ref="13761406832" />
    <tag k="highway" v="service" />
    <tag k="service" v="alley" />
  </way>
  <way id="1503681295" version="1" timestamp="2026-04-25T18:41:38Z" changeset="181819167" uid="23326231" user="Vmosnokia31">
    <nd ref="13761406833" />
    <nd ref="13761406834" />
    <nd ref="13761406835" />
    <tag k="highway" v="service" />
    <tag k="service" v="alley" />
  </way>
  <way id="1503681296" version="1" timestamp="2026-04-25T18:41:38Z" changeset="181819167" uid="23326231" user="Vmosnokia31">
    <nd ref="13761406836" />
    <nd ref="13761406837" />
    <tag k="highway" v="service" />
    <tag k="service" v="alley" />
  </way>
  <way id="1503681297" version="1" timestamp="2026-04-25T18:41:38Z" changeset="181819167" uid="23326231" user="Vmosnokia31">
    <nd ref="13761406838" />
    <nd ref="13761406839" />
    <tag k="highway" v="service" />
    <tag k="service" v="alley" />
  </way>
  <way id="1503681298" version="1" timestamp="2026-04-25T18:41:38Z" changeset="181819167" uid="23326231" user="Vmosnokia31">
    <nd ref="13761406838" />
    <nd ref="13761406840" />
    <tag k="highway" v="service" />
    <tag k="service" v="alley" />
  </way>
  <way id="1503681299" version="1" timestamp="2026-04-25T18:41:38Z" changeset="181819167" uid="23326231" user="Vmosnokia31">
    <nd ref="8265778899" />
    <nd ref="13761406841" />
    <nd ref="8265778898" />
    <tag k="highway" v="service" />
    <tag k="motorcycle" v="yes" />
    <tag k="service" v="alley" />
  </way>
  <way id="1503681300" version="1" timestamp="2026-04-25T18:41:38Z" changeset="181819167" uid="23326231" user="Vmosnokia31">
    <nd ref="13761406841" />
    <nd ref="13761406842" />
    <tag k="highway" v="service" />
    <tag k="service" v="alley" />
  </way>
  <way id="1503681301" version="1" timestamp="2026-04-25T18:41:38Z" changeset="181819167" uid="23326231" user="Vmosnokia31">
    <nd ref="8265778898" />
    <nd ref="13761406843" />
    <nd ref="13761406844" />
    <tag k="highway" v="service" />
    <tag k="service" v="alley" />
  </way>
  <way id="1503681302" version="1" timestamp="2026-04-25T18:41:38Z" changeset="181819167" uid="23326231" user="Vmosnokia31">
    <nd ref="13761406846" />
    <nd ref="8265778890" />
    <nd ref="13761406847" />
    <tag k="highway" v="service" />
    <tag k="service" v="alley" />
  </way>
  <way id="1503681303" version="1" timestamp="2026-04-25T18:41:38Z" changeset="181819167" uid="23326231" user="Vmosnokia31">
    <nd ref="13761406848" />
    <nd ref="13761406849" />
    <nd ref="13761406850" />
    <nd ref="13761406857" />
    <nd ref="13761406856" />
    <tag k="highway" v="service" />
    <tag k="service" v="alley" />
  </way>
  <way id="1503681304" version="1" timestamp="2026-04-25T18:41:38Z" changeset="181819167" uid="23326231" user="Vmosnokia31">
    <nd ref="13761406849" />
    <nd ref="13761406851" />
    <nd ref="13761406852" />
    <nd ref="13761406853" />
    <tag k="highway" v="service" />
    <tag k="service" v="alley" />
  </way>
  <way id="1503681305" version="1" timestamp="2026-04-25T18:41:38Z" changeset="181819167" uid="23326231" user="Vmosnokia31">
    <nd ref="8265778885" />
    <nd ref="8265778882" />
    <nd ref="13761406859" />
    <tag k="highway" v="service" />
    <tag k="motorcar" v="no" />
    <tag k="motorcycle" v="yes" />
    <tag k="name" v="Ngách 139/35 Đường Tam Trinh" />
    <tag k="service" v="alley" />
  </way>
  <way id="1503681306" version="1" timestamp="2026-04-25T18:41:38Z" changeset="181819167" uid="23326231" user="Vmosnokia31">
    <nd ref="13761406860" />
    <nd ref="13761406861" />
    <nd ref="12155254864" />
    <tag k="highway" v="service" />
    <tag k="service" v="alley" />
  </way>
  <way id="1503681307" version="1" timestamp="2026-04-25T18:41:38Z" changeset="181819167" uid="23326231" user="Vmosnokia31">
    <nd ref="13761406862" />
    <nd ref="13761406863" />
    <tag k="highway" v="service" />
    <tag k="service" v="alley" />
  </way>
  <way id="1503681308" version="1" timestamp="2026-04-25T18:41:38Z" changeset="181819167" uid="23326231" user="Vmosnokia31">
    <nd ref="13761406867" />
    <nd ref="13761406868" />
    <tag k="highway" v="service" />
    <tag k="service" v="alley" />
  </way>
  <way id="1503681309" version="1" timestamp="2026-04-25T18:41:38Z" changeset="181819167" uid="23326231" user="Vmosnokia31">
    <nd ref="11927988228" />
    <nd ref="13761406869" />
    <tag k="highway" v="service" />
    <tag k="service" v="alley" />
  </way>
  <way id="1503681310" version="1" timestamp="2026-04-25T18:41:38Z" changeset="181819167" uid="23326231" user="Vmosnokia31">
    <nd ref="11921518178" />
    <nd ref="13761406875" />
    <tag k="highway" v="service" />
    <tag k="service" v="alley" />
  </way>
  <way id="1503681311" version="1" timestamp="2026-04-25T18:41:38Z" changeset="181819167" uid="23326231" user="Vmosnokia31">
    <nd ref="13761406876" />
    <nd ref="13761406877" />
    <tag k="highway" v="service" />
    <tag k="service" v="alley" />
  </way>
  <way id="1503681313" version="1" timestamp="2026-04-25T18:41:38Z" changeset="181819167" uid="23326231" user="Vmosnokia31">
    <nd ref="13761406882" />
    <nd ref="12155254868" />
    <nd ref="12155254867" />
    <nd ref="12155254866" />
    <nd ref="12155254864" />
    <tag k="highway" v="service" />
    <tag k="service" v="alley" />
    <tag k="source" v="https://www.streetview.vn/?picId=c7cb3c86-709e-4fd5-800e-7e1eaa0a7aee&amp;lat=20.993527159&amp;lng=105.864522519&amp;yaw=202&amp;pitch=-11" />
  </way>
  <way id="1503681314" version="2" timestamp="2026-07-18T10:16:30Z" changeset="185949488" uid="23326231" user="Vmosnokia31">
    <nd ref="13761406883" />
    <nd ref="13761406884" />
    <nd ref="12155254867" />
    <tag k="highway" v="service" />
    <tag k="name" v="Ngách 139/29 Đường Tam Trinh" />
    <tag k="service" v="alley" />
  </way>
  <way id="1503681315" version="2" timestamp="2026-07-18T10:16:30Z" changeset="185949488" uid="23326231" user="Vmosnokia31">
    <nd ref="13761406885" />
    <nd ref="13761406886" />
    <nd ref="13761406887" />
    <nd ref="13761406889" />
    <nd ref="13761406888" />
    <tag k="highway" v="service" />
    <tag k="name" v="Ngách 139/27 Đường Tam Trinh" />
    <tag k="service" v="alley" />
  </way>
  <way id="1503681316" version="1" timestamp="2026-04-25T18:41:38Z" changeset="181819167" uid="23326231" user="Vmosnokia31">
    <nd ref="13761406889" />
    <nd ref="13761406890" />
    <tag k="highway" v="service" />
    <tag k="service" v="alley" />
  </way>
  <way id="1503681317" version="1" timestamp="2026-04-25T18:41:38Z" changeset="181819167" uid="23326231" user="Vmosnokia31">
    <nd ref="13761406893" />
    <nd ref="13761406894" />
    <tag k="highway" v="service" />
    <tag k="service" v="alley" />
  </way>
  <way id="1503681318" version="1" timestamp="2026-04-25T18:41:38Z" changeset="181819167" uid="23326231" user="Vmosnokia31">
    <nd ref="5710043978" />
    <nd ref="13761406895" />
    <tag k="highway" v="service" />
    <tag k="service" v="alley" />
  </way>
  <way id="1503681324" version="1" timestamp="2026-04-25T18:41:38Z" changeset="181819167" uid="23326231" user="Vmosnokia31">
    <nd ref="13761406911" />
    <nd ref="13761406910" />
    <nd ref="13761406912" />
    <nd ref="13761406913" />
    <tag k="highway" v="service" />
    <tag k="service" v="alley" />
  </way>
  <way id="1503681325" version="1" timestamp="2026-04-25T18:41:38Z" changeset="181819167" uid="23326231" user="Vmosnokia31">
    <nd ref="13761406926" />
    <nd ref="13761406927" />
    <nd ref="13761406928" />
    <tag k="highway" v="service" />
    <tag k="service" v="alley" />
  </way>
  <way id="1503681326" version="2" timestamp="2026-07-18T10:16:30Z" changeset="185949488" uid="23326231" user="Vmosnokia31">
    <nd ref="13761406929" />
    <nd ref="13761406937" />
    <nd ref="13761406930" />
    <nd ref="13761406932" />
    <nd ref="13761406931" />
    <tag k="highway" v="service" />
    <tag k="name" v="Ngách 139/36 Đường Tam Trinh" />
    <tag k="service" v="alley" />
  </way>
  <way id="1503681328" version="1" timestamp="2026-04-25T18:41:38Z" changeset="181819167" uid="23326231" user="Vmosnokia31">
    <nd ref="13761406934" />
    <nd ref="13761406935" />
    <nd ref="13761406936" />
    <tag k="highway" v="service" />
    <tag k="service" v="alley" />
  </way>
  <way id="1504468757" version="1" timestamp="2026-04-27T13:35:28Z" changeset="181891442" uid="23326231" user="Vmosnokia31">
    <nd ref="13766755600" />
    <nd ref="13766865502" />
    <nd ref="13766865501" />
    <tag k="highway" v="service" />
  </way>
  <way id="1504468761" version="1" timestamp="2026-04-27T13:35:28Z" changeset="181891442" uid="23326231" user="Vmosnokia31">
    <nd ref="13766865521" />
    <nd ref="13766865522" />
    <nd ref="12098983482" />
    <tag k="highway" v="residential" />
    <tag k="name" v="Đường Số 2 Times City" />
    <tag k="name:en" v="Road Number 2 Times City" />
    <tag k="surface" v="asphalt" />
  </way>
  <way id="1504482766" version="2" timestamp="2026-07-18T10:16:30Z" changeset="185949488" uid="23326231" user="Vmosnokia31">
    <nd ref="13766857230" />
    <nd ref="13766857233" />
    <nd ref="14023849878" />
    <nd ref="13766857231" />
    <nd ref="13766857232" />
    <tag k="highway" v="service" />
  </way>
  <way id="1511266825" version="1" timestamp="2026-05-10T08:56:38Z" changeset="182455948" uid="23326231" user="Vmosnokia31">
    <nd ref="13813225535" />
    <nd ref="13813225536" />
    <nd ref="13813225537" />
    <nd ref="13813225538" />
    <nd ref="13813225539" />
    <nd ref="13813225540" />
    <tag k="highway" v="service" />
    <tag k="name" v="Ngõ 536 Phố Minh Khai" />
    <tag k="service" v="alley" />
  </way>
  <way id="1511266826" version="1" timestamp="2026-05-10T08:56:38Z" changeset="182455948" uid="23326231" user="Vmosnokia31">
    <nd ref="13813225539" />
    <nd ref="13813225541" />
    <tag k="highway" v="service" />
    <tag k="name" v="Ngõ 536 Phố Minh Khai" />
    <tag k="service" v="alley" />
  </way>
  <way id="1511266827" version="1" timestamp="2026-05-10T08:56:38Z" changeset="182455948" uid="23326231" user="Vmosnokia31">
    <nd ref="5707821261" />
    <nd ref="10139175319" />
    <nd ref="13813225535" />
    <nd ref="8833066268" />
    <tag k="highway" v="residential" />
    <tag k="name" v="Ngõ 536 Phố Minh Khai" />
  </way>
  <way id="1511266828" version="1" timestamp="2026-05-10T08:56:38Z" changeset="182455948" uid="23326231" user="Vmosnokia31">
    <nd ref="13813225542" />
    <nd ref="13813225545" />
    <nd ref="13813225543" />
    <nd ref="13813225544" />
    <tag k="highway" v="service" />
    <tag k="name" v="586A Phố Minh Khai" />
  </way>
  <way id="1511266829" version="1" timestamp="2026-05-10T08:56:38Z" changeset="182455948" uid="23326231" user="Vmosnokia31">
    <nd ref="13813225546" />
    <nd ref="13813225551" />
    <nd ref="13813225557" />
    <nd ref="13813225547" />
    <nd ref="13813225548" />
    <nd ref="13813225549" />
    <nd ref="13813225550" />
    <tag k="highway" v="service" />
  </way>
  <way id="1511266832" version="1" timestamp="2026-05-10T08:56:38Z" changeset="182455948" uid="23326231" user="Vmosnokia31">
    <nd ref="13813225565" />
    <nd ref="13813225566" />
    <nd ref="8265788871" />
    <tag k="highway" v="service" />
    <tag k="service" v="alley" />
  </way>
  <way id="1511266833" version="1" timestamp="2026-05-10T08:56:38Z" changeset="182455948" uid="23326231" user="Vmosnokia31">
    <nd ref="13813225567" />
    <nd ref="13813225568" />
    <tag k="highway" v="service" />
    <tag k="service" v="alley" />
  </way>
  <way id="1511266834" version="1" timestamp="2026-05-10T08:56:38Z" changeset="182455948" uid="23326231" user="Vmosnokia31">
    <nd ref="13813225569" />
    <nd ref="13813225570" />
    <tag k="highway" v="service" />
    <tag k="service" v="alley" />
  </way>
  <way id="1511266835" version="1" timestamp="2026-05-10T08:56:38Z" changeset="182455948" uid="23326231" user="Vmosnokia31">
    <nd ref="13813225563" />
    <nd ref="13813225571" />
    <tag k="highway" v="service" />
    <tag k="service" v="alley" />
  </way>
  <way id="1511266836" version="1" timestamp="2026-05-10T08:56:38Z" changeset="182455948" uid="23326231" user="Vmosnokia31">
    <nd ref="8265788873" />
    <nd ref="13813225572" />
    <tag k="highway" v="service" />
    <tag k="service" v="alley" />
  </way>
  <way id="1511266839" version="1" timestamp="2026-05-10T08:56:38Z" changeset="182455948" uid="23326231" user="Vmosnokia31">
    <nd ref="11876062132" />
    <nd ref="13813225587" />
    <tag k="highway" v="service" />
    <tag k="service" v="alley" />
  </way>
  <way id="1511266840" version="1" timestamp="2026-05-10T08:56:38Z" changeset="182455948" uid="23326231" user="Vmosnokia31">
    <nd ref="11876062136" />
    <nd ref="13813225588" />
    <nd ref="13813225589" />
    <tag k="highway" v="service" />
    <tag k="service" v="alley" />
  </way>
  <way id="1511266841" version="1" timestamp="2026-05-10T08:56:38Z" changeset="182455948" uid="23326231" user="Vmosnokia31">
    <nd ref="13813225590" />
    <nd ref="13813225591" />
    <tag k="highway" v="service" />
    <tag k="service" v="alley" />
  </way>
  <way id="1511266842" version="1" timestamp="2026-05-10T08:56:38Z" changeset="182455948" uid="23326231" user="Vmosnokia31">
    <nd ref="5710139859" />
    <nd ref="13813225592" />
    <tag k="highway" v="service" />
    <tag k="service" v="alley" />
  </way>
  <way id="1511266843" version="1" timestamp="2026-05-10T08:56:38Z" changeset="182455948" uid="23326231" user="Vmosnokia31">
    <nd ref="13813225594" />
    <nd ref="8265788873" />
    <nd ref="8265788870" />
    <nd ref="8265788871" />
    <nd ref="13813225567" />
    <nd ref="13813225569" />
    <nd ref="13813225563" />
    <nd ref="13813225564" />
    <tag k="highway" v="service" />
    <tag k="motorcar" v="no" />
    <tag k="motorcycle" v="yes" />
    <tag k="name" v="Ngách 622/107 Phố Minh Khai" />
    <tag k="service" v="alley" />
  </way>
  <way id="1511266844" version="1" timestamp="2026-05-10T08:56:38Z" changeset="182455948" uid="23326231" user="Vmosnokia31">
    <nd ref="13813225596" />
    <nd ref="13813225597" />
    <nd ref="13813225598" />
    <nd ref="13813225599" />
    <tag k="highway" v="service" />
  </way>
  <way id="1511266845" version="1" timestamp="2026-05-10T08:56:38Z" changeset="182455948" uid="23326231" user="Vmosnokia31">
    <nd ref="13813225600" />
    <nd ref="13813226801" />
    <nd ref="13813226802" />
    <nd ref="13813226803" />
    <nd ref="13813226804" />
    <nd ref="13813226805" />
    <nd ref="13813226806" />
    <nd ref="13813226807" />
    <nd ref="13813225600" />
    <tag k="addr:housenumber" v="A2" />
    <tag k="building" v="apartments" />
    <tag k="name" v="A2" />
  </way>
  <way id="1511266846" version="1" timestamp="2026-05-10T08:56:38Z" changeset="182455948" uid="23326231" user="Vmosnokia31">
    <nd ref="13813226808" />
    <nd ref="13813226809" />
    <nd ref="13813226810" />
    <nd ref="13813226811" />
    <nd ref="13813226812" />
    <nd ref="13813226813" />
    <nd ref="13813226814" />
    <nd ref="13813226815" />
    <nd ref="13813226808" />
    <tag k="addr:housenumber" v="A1" />
    <tag k="building" v="apartments" />
    <tag k="name" v="A1" />
  </way>
  <way id="1511266848" version="1" timestamp="2026-05-10T08:56:38Z" changeset="182455948" uid="23326231" user="Vmosnokia31">
    <nd ref="13813226821" />
    <nd ref="13813226822" />
    <tag k="highway" v="service" />
    <tag k="name" v="Ngách 622/9 Phố Minh Khai" />
    <tag k="service" v="alley" />
  </way>
  <way id="1511266849" version="1" timestamp="2026-05-10T08:56:38Z" changeset="182455948" uid="23326231" user="Vmosnokia31">
    <nd ref="13813226823" />
    <nd ref="13813226826" />
    <nd ref="13813226824" />
    <nd ref="13813226825" />
    <nd ref="13813226831" />
    <nd ref="13813226832" />
    <tag k="highway" v="service" />
    <tag k="name" v="Ngách 622/9 Phố Minh Khai" />
  </way>
  <way id="1511473499" version="1" timestamp="2026-05-10T13:41:36Z" changeset="182467433" uid="23326231" user="Vmosnokia31">
    <nd ref="4955937920" />
    <nd ref="13814414933" />
    <tag k="highway" v="service" />
    <tag k="service" v="alley" />
  </way>
  <way id="1511473501" version="2" timestamp="2026-06-08T13:49:19Z" changeset="183830129" uid="23326231" user="Vmosnokia31">
    <nd ref="13814414938" />
    <nd ref="13920217551" />
    <nd ref="13814414939" />
    <nd ref="13814414940" />
    <tag k="highway" v="service" />
    <tag k="name" v="31 Ngõ 256 Phố Dương Văn Bé" />
  </way>
  <way id="1511473502" version="2" timestamp="2026-06-08T13:49:19Z" changeset="183830129" uid="23326231" user="Vmosnokia31">
    <nd ref="13814414942" />
    <nd ref="13920217552" />
    <nd ref="13814414943" />
    <tag k="highway" v="service" />
    <tag k="name" v="25 Ngõ 256 Phố Dương Văn Bé" />
    <tag k="service" v="alley" />
  </way>
  <way id="1511473503" version="1" timestamp="2026-05-10T13:41:36Z" changeset="182467433" uid="23326231" user="Vmosnokia31">
    <nd ref="13814414944" />
    <nd ref="13814414946" />
    <nd ref="13814414945" />
    <tag k="highway" v="service" />
    <tag k="service" v="alley" />
  </way>
  <way id="1511473504" version="1" timestamp="2026-05-10T13:41:36Z" changeset="182467433" uid="23326231" user="Vmosnokia31">
    <nd ref="13814414946" />
    <nd ref="13814414947" />
    <tag k="highway" v="service" />
    <tag k="service" v="alley" />
  </way>
  <way id="1511473505" version="1" timestamp="2026-05-10T13:41:36Z" changeset="182467433" uid="23326231" user="Vmosnokia31">
    <nd ref="13814414948" />
    <nd ref="13814414949" />
    <nd ref="13814414950" />
    <tag k="highway" v="service" />
    <tag k="service" v="alley" />
  </way>
  <way id="1511473506" version="1" timestamp="2026-05-10T13:41:36Z" changeset="182467433" uid="23326231" user="Vmosnokia31">
    <nd ref="13814414949" />
    <nd ref="13814414951" />
    <nd ref="13814414952" />
    <tag k="highway" v="service" />
    <tag k="service" v="alley" />
  </way>
  <way id="1511473508" version="2" timestamp="2026-06-08T04:32:24Z" changeset="183807915" uid="23326231" user="Vmosnokia31">
    <nd ref="13814414957" />
    <nd ref="13919220157" />
    <nd ref="13814414958" />
    <nd ref="13814414959" />
    <tag k="highway" v="service" />
    <tag k="name" v="Ngõ 254 Phố Dương Văn Bé" />
    <tag k="service" v="alley" />
  </way>
  <way id="1511491217" version="2" timestamp="2026-06-08T13:42:49Z" changeset="183829861" uid="23326231" user="Vmosnokia31">
    <nd ref="8333862992" />
    <nd ref="8333862991" />
    <nd ref="13920232176" />
    <nd ref="13920232177" />
    <nd ref="8333862986" />
    <nd ref="13920232178" />
    <tag k="highway" v="service" />
    <tag k="name" v="Ngõ 256 Phố Dương Văn Bé" />
    <tag k="service" v="alley" />
    <tag k="surface" v="unpaved" />
  </way>
  <way id="1511499350" version="1" timestamp="2026-05-10T14:19:14Z" changeset="182469117" uid="23326231" user="Vmosnokia31">
    <nd ref="13814556003" />
    <nd ref="13814556004" />
    <nd ref="13814556005" />
    <nd ref="13814556006" />
    <nd ref="13814556007" />
    <nd ref="13814556008" />
    <nd ref="13814556009" />
    <nd ref="13814556010" />
    <nd ref="13814556011" />
    <nd ref="13814556003" />
    <tag k="building" v="commercial" />
    <tag k="building:levels" v="5" />
    <tag k="name" v="The Boutique" />
  </way>
  <way id="1512139600" version="2" timestamp="2026-06-08T04:32:24Z" changeset="183807915" uid="23326231" user="Vmosnokia31">
    <nd ref="13818490325" />
    <nd ref="13919220158" />
    <nd ref="13818490326" />
    <tag k="highway" v="service" />
    <tag k="name" v="Ngõ 179 Phố Dương Văn Bé" />
    <tag k="service" v="alley" />
  </way>
  <way id="1512139602" version="1" timestamp="2026-05-11T15:04:32Z" changeset="182516060" uid="23326231" user="Vmosnokia31">
    <nd ref="13818490334" />
    <nd ref="13818490337" />
    <tag k="highway" v="service" />
    <tag k="service" v="alley" />
  </way>
  <way id="1512139603" version="1" timestamp="2026-05-11T15:04:32Z" changeset="182516060" uid="23326231" user="Vmosnokia31">
    <nd ref="13818490338" />
    <nd ref="13818490339" />
    <tag k="highway" v="service" />
    <tag k="service" v="alley" />
  </way>
  <way id="1512139604" version="1" timestamp="2026-05-11T15:04:32Z" changeset="182516060" uid="23326231" user="Vmosnokia31">
    <nd ref="13818490340" />
    <nd ref="13818490341" />
    <nd ref="13818490342" />
    <tag k="highway" v="service" />
    <tag k="service" v="alley" />
  </way>
  <way id="1512139605" version="1" timestamp="2026-05-11T15:04:32Z" changeset="182516060" uid="23326231" user="Vmosnokia31">
    <nd ref="13818490343" />
    <nd ref="13818490342" />
    <nd ref="13818490344" />
    <tag k="highway" v="service" />
    <tag k="service" v="alley" />
  </way>
  <way id="1512139606" version="1" timestamp="2026-05-11T15:04:32Z" changeset="182516060" uid="23326231" user="Vmosnokia31">
    <nd ref="13818490345" />
    <nd ref="13818490346" />
    <tag k="highway" v="service" />
    <tag k="service" v="alley" />
  </way>
  <way id="1512139607" version="1" timestamp="2026-05-11T15:04:32Z" changeset="182516060" uid="23326231" user="Vmosnokia31">
    <nd ref="5710149358" />
    <nd ref="13818490347" />
    <nd ref="13818490348" />
    <nd ref="13818490349" />
    <nd ref="13818490350" />
    <tag k="highway" v="service" />
    <tag k="service" v="alley" />
  </way>
  <way id="1512139609" version="1" timestamp="2026-05-11T15:04:32Z" changeset="182516060" uid="23326231" user="Vmosnokia31">
    <nd ref="13818490351" />
    <nd ref="13818490352" />
    <tag k="highway" v="service" />
    <tag k="service" v="alley" />
  </way>
  <way id="1512139610" version="1" timestamp="2026-05-11T15:04:32Z" changeset="182516060" uid="23326231" user="Vmosnokia31">
    <nd ref="13818490353" />
    <nd ref="13818490354" />
    <tag k="highway" v="service" />
    <tag k="service" v="alley" />
  </way>
  <way id="1513537674" version="1" timestamp="2026-05-14T14:12:52Z" changeset="182651704" uid="23326231" user="Vmosnokia31">
    <nd ref="13827886451" />
    <nd ref="5710114704" />
    <tag k="highway" v="residential" />
    <tag k="layer" v="1" />
    <tag k="surface" v="concrete" />
  </way>
  <way id="1513537676" version="1" timestamp="2026-05-14T14:12:52Z" changeset="182651704" uid="23326231" user="Vmosnokia31">
    <nd ref="13827886459" />
    <nd ref="13827886460" />
    <tag k="highway" v="service" />
    <tag k="service" v="alley" />
  </way>
  <way id="1513537677" version="2" timestamp="2026-06-08T04:32:24Z" changeset="183807915" uid="23326231" user="Vmosnokia31">
    <nd ref="13827886461" />
    <nd ref="13919220148" />
    <nd ref="13827886462" />
    <tag k="highway" v="service" />
    <tag k="name" v="Ngõ 153 Phố Dương Văn Bé" />
    <tag k="service" v="alley" />
  </way>
  <way id="1513537678" version="1" timestamp="2026-05-14T14:12:52Z" changeset="182651704" uid="23326231" user="Vmosnokia31">
    <nd ref="13827886463" />
    <nd ref="13827886464" />
    <nd ref="13827886465" />
    <nd ref="13827886466" />
    <nd ref="13827886467" />
    <nd ref="13827886468" />
    <nd ref="13827886463" />
    <tag k="amenity" v="community_centre" />
    <tag k="building" v="yes" />
    <tag k="community_centre" v="community_hall" />
  </way>
  <way id="1513537679" version="1" timestamp="2026-05-14T14:12:52Z" changeset="182651704" uid="23326231" user="Vmosnokia31">
    <nd ref="13827886471" />
    <nd ref="13827886472" />
    <nd ref="13827886473" />
    <nd ref="13827886474" />
    <nd ref="13827886475" />
    <nd ref="13827886476" />
    <nd ref="13827886477" />
    <nd ref="13827886478" />
    <nd ref="13827886471" />
    <tag k="building" v="apartments" />
  </way>
  <way id="1519226585" version="1" timestamp="2026-05-23T05:17:22Z" changeset="183050569" uid="20910140" user="Hung Tran 9x0">
    <nd ref="13864769100" />
    <nd ref="13864777504" />
    <nd ref="13864777505" />
    <nd ref="13864777501" />
    <nd ref="13864777506" />
    <nd ref="13864777509" />
    <nd ref="13864777510" />
    <nd ref="13864777502" />
    <nd ref="13864777512" />
    <nd ref="13864777522" />
    <nd ref="13864777503" />
    <tag k="highway" v="service" />
    <tag k="name" v="Ngõ 29 Phố Lạc Trung" />
    <tag k="service" v="alley" />
  </way>
  <way id="1519226586" version="1" timestamp="2026-05-23T05:17:22Z" changeset="183050569" uid="20910140" user="Hung Tran 9x0">
    <nd ref="13864777506" />
    <nd ref="13864777508" />
    <nd ref="13864777507" />
    <tag k="highway" v="service" />
    <tag k="service" v="alley" />
  </way>
  <way id="1519226587" version="1" timestamp="2026-05-23T05:17:22Z" changeset="183050569" uid="20910140" user="Hung Tran 9x0">
    <nd ref="13864777510" />
    <nd ref="13864777511" />
    <tag k="highway" v="service" />
    <tag k="service" v="alley" />
  </way>
  <way id="1519226588" version="1" timestamp="2026-05-23T05:17:22Z" changeset="183050569" uid="20910140" user="Hung Tran 9x0">
    <nd ref="13864777512" />
    <nd ref="13864777513" />
    <tag k="highway" v="service" />
    <tag k="service" v="alley" />
  </way>
  <way id="1519226593" version="1" timestamp="2026-05-23T05:17:22Z" changeset="183050569" uid="20910140" user="Hung Tran 9x0">
    <nd ref="13864777522" />
    <nd ref="13864777523" />
    <tag k="highway" v="service" />
    <tag k="service" v="alley" />
  </way>
  <way id="1527419003" version="1" timestamp="2026-06-08T04:32:24Z" changeset="183807915" uid="23326231" user="Vmosnokia31">
    <nd ref="13919232703" />
    <nd ref="13919232705" />
    <nd ref="13919232704" />
    <tag k="highway" v="service" />
    <tag k="service" v="alley" />
  </way>
  <way id="1527419004" version="1" timestamp="2026-06-08T04:32:24Z" changeset="183807915" uid="23326231" user="Vmosnokia31">
    <nd ref="13919232705" />
    <nd ref="13919232706" />
    <nd ref="13919232708" />
    <nd ref="13919232707" />
    <tag k="highway" v="service" />
    <tag k="service" v="alley" />
  </way>
  <way id="1527419005" version="1" timestamp="2026-06-08T04:32:24Z" changeset="183807915" uid="23326231" user="Vmosnokia31">
    <nd ref="13919232708" />
    <nd ref="13919232709" />
    <nd ref="13919232710" />
    <nd ref="13919232711" />
    <tag k="highway" v="service" />
    <tag k="service" v="alley" />
  </way>
  <way id="1527419006" version="1" timestamp="2026-06-08T04:32:24Z" changeset="183807915" uid="23326231" user="Vmosnokia31">
    <nd ref="8265788929" />
    <nd ref="13919232712" />
    <nd ref="13919232713" />
    <nd ref="13919232714" />
    <tag k="highway" v="service" />
    <tag k="service" v="alley" />
  </way>
  <way id="1527419007" version="1" timestamp="2026-06-08T04:32:24Z" changeset="183807915" uid="23326231" user="Vmosnokia31">
    <nd ref="13919232717" />
    <nd ref="13919232718" />
    <nd ref="13919232720" />
    <nd ref="13919232719" />
    <tag k="highway" v="service" />
    <tag k="service" v="alley" />
  </way>
  <way id="1527419008" version="1" timestamp="2026-06-08T04:32:24Z" changeset="183807915" uid="23326231" user="Vmosnokia31">
    <nd ref="13919232720" />
    <nd ref="13919232721" />
    <tag k="highway" v="service" />
    <tag k="service" v="alley" />
  </way>
  <way id="1527419009" version="1" timestamp="2026-06-08T04:32:24Z" changeset="183807915" uid="23326231" user="Vmosnokia31">
    <nd ref="13919232722" />
    <nd ref="13919232723" />
    <tag k="highway" v="service" />
    <tag k="service" v="alley" />
  </way>
  <way id="1527419010" version="1" timestamp="2026-06-08T04:32:24Z" changeset="183807915" uid="23326231" user="Vmosnokia31">
    <nd ref="13919232724" />
    <nd ref="13919232725" />
    <tag k="highway" v="service" />
    <tag k="service" v="alley" />
  </way>
  <way id="1527419011" version="1" timestamp="2026-06-08T04:32:24Z" changeset="183807915" uid="23326231" user="Vmosnokia31">
    <nd ref="8265788927" />
    <nd ref="13919232726" />
    <tag k="highway" v="service" />
    <tag k="service" v="alley" />
  </way>
  <way id="1527419012" version="1" timestamp="2026-06-08T04:32:24Z" changeset="183807915" uid="23326231" user="Vmosnokia31">
    <nd ref="13919232727" />
    <nd ref="13919232728" />
    <tag k="highway" v="service" />
    <tag k="service" v="alley" />
  </way>
  <way id="1527419013" version="1" timestamp="2026-06-08T04:32:24Z" changeset="183807915" uid="23326231" user="Vmosnokia31">
    <nd ref="13919232729" />
    <nd ref="13919232730" />
    <nd ref="13919232731" />
    <tag k="highway" v="service" />
    <tag k="service" v="alley" />
  </way>
  <way id="1527419014" version="1" timestamp="2026-06-08T04:32:24Z" changeset="183807915" uid="23326231" user="Vmosnokia31">
    <nd ref="13919232732" />
    <nd ref="13919232733" />
    <tag k="highway" v="service" />
    <tag k="service" v="alley" />
  </way>
  <way id="1527419015" version="1" timestamp="2026-06-08T04:32:24Z" changeset="183807915" uid="23326231" user="Vmosnokia31">
    <nd ref="13919232734" />
    <nd ref="13919232735" />
    <tag k="highway" v="service" />
    <tag k="service" v="alley" />
  </way>
  <way id="1527419016" version="1" timestamp="2026-06-08T04:32:24Z" changeset="183807915" uid="23326231" user="Vmosnokia31">
    <nd ref="12317957256" />
    <nd ref="13919232737" />
    <nd ref="13919232738" />
    <tag k="highway" v="service" />
    <tag k="service" v="alley" />
  </way>
  <way id="1527419017" version="1" timestamp="2026-06-08T04:32:24Z" changeset="183807915" uid="23326231" user="Vmosnokia31">
    <nd ref="13919232739" />
    <nd ref="13919232740" />
    <nd ref="13919232741" />
    <nd ref="13919232742" />
    <tag k="highway" v="service" />
    <tag k="service" v="alley" />
  </way>
  <way id="1527419018" version="1" timestamp="2026-06-08T04:32:24Z" changeset="183807915" uid="23326231" user="Vmosnokia31">
    <nd ref="8265788932" />
    <nd ref="13919232743" />
    <tag k="highway" v="service" />
    <tag k="service" v="alley" />
  </way>
  <way id="1527419019" version="1" timestamp="2026-06-08T04:32:24Z" changeset="183807915" uid="23326231" user="Vmosnokia31">
    <nd ref="13919232744" />
    <nd ref="13919232745" />
    <nd ref="13919232746" />
    <nd ref="13919232747" />
    <tag k="highway" v="service" />
    <tag k="service" v="alley" />
  </way>
  <way id="1527419020" version="1" timestamp="2026-06-08T04:32:24Z" changeset="183807915" uid="23326231" user="Vmosnokia31">
    <nd ref="13919232751" />
    <nd ref="13919232748" />
    <nd ref="13919232749" />
    <nd ref="13919232750" />
    <tag k="highway" v="service" />
    <tag k="service" v="alley" />
  </way>
  <way id="1527419021" version="1" timestamp="2026-06-08T04:32:24Z" changeset="183807915" uid="23326231" user="Vmosnokia31">
    <nd ref="13919232752" />
    <nd ref="13919232753" />
    <tag k="highway" v="service" />
    <tag k="service" v="alley" />
  </way>
  <way id="1527419022" version="1" timestamp="2026-06-08T04:32:24Z" changeset="183807915" uid="23326231" user="Vmosnokia31">
    <nd ref="13919232754" />
    <nd ref="13919232755" />
    <tag k="highway" v="service" />
    <tag k="service" v="alley" />
  </way>
  <way id="1527419023" version="1" timestamp="2026-06-08T04:32:24Z" changeset="183807915" uid="23326231" user="Vmosnokia31">
    <nd ref="13919232756" />
    <nd ref="13919232757" />
    <tag k="highway" v="service" />
    <tag k="service" v="alley" />
  </way>
  <way id="1527419024" version="1" timestamp="2026-06-08T04:32:24Z" changeset="183807915" uid="23326231" user="Vmosnokia31">
    <nd ref="13919232758" />
    <nd ref="13919220138" />
    <nd ref="13919232759" />
    <tag k="highway" v="service" />
    <tag k="name" v="Ngõ 68 Phố Dương Văn Bé" />
    <tag k="service" v="alley" />
  </way>
  <way id="1527419025" version="1" timestamp="2026-06-08T04:32:24Z" changeset="183807915" uid="23326231" user="Vmosnokia31">
    <nd ref="13919232762" />
    <nd ref="13919232760" />
    <nd ref="13919232761" />
    <tag k="highway" v="service" />
    <tag k="service" v="alley" />
  </way>
  <way id="1527419026" version="1" timestamp="2026-06-08T04:32:24Z" changeset="183807915" uid="23326231" user="Vmosnokia31">
    <nd ref="13919232763" />
    <nd ref="13919232764" />
    <tag k="highway" v="service" />
    <tag k="service" v="alley" />
  </way>
  <way id="1527419027" version="1" timestamp="2026-06-08T04:32:24Z" changeset="183807915" uid="23326231" user="Vmosnokia31">
    <nd ref="13919232764" />
    <nd ref="13919232765" />
    <nd ref="13919232766" />
    <nd ref="13919232767" />
    <nd ref="13919232768" />
    <tag k="highway" v="service" />
    <tag k="service" v="alley" />
  </way>
  <way id="1527419028" version="1" timestamp="2026-06-08T04:32:24Z" changeset="183807915" uid="23326231" user="Vmosnokia31">
    <nd ref="13919232769" />
    <nd ref="13919232770" />
    <tag k="highway" v="service" />
    <tag k="service" v="alley" />
  </way>
  <way id="1527419029" version="1" timestamp="2026-06-08T04:32:24Z" changeset="183807915" uid="23326231" user="Vmosnokia31">
    <nd ref="13919232771" />
    <nd ref="13919232774" />
    <nd ref="13919232772" />
    <nd ref="13919232773" />
    <tag k="highway" v="service" />
    <tag k="name" v="Ngõ 52 Phố Dương Văn Bé" />
    <tag k="service" v="alley" />
  </way>
  <way id="1527419030" version="1" timestamp="2026-06-08T04:32:24Z" changeset="183807915" uid="23326231" user="Vmosnokia31">
    <nd ref="13919232775" />
    <nd ref="13919232772" />
    <nd ref="13919232776" />
    <tag k="highway" v="service" />
    <tag k="service" v="alley" />
  </way>
  <way id="1527419031" version="1" timestamp="2026-06-08T04:32:24Z" changeset="183807915" uid="23326231" user="Vmosnokia31">
    <nd ref="8265788916" />
    <nd ref="5707661633" />
    <nd ref="13919232790" />
    <nd ref="13919232763" />
    <nd ref="13919220139" />
    <nd ref="4955948034" />
    <tag k="highway" v="service" />
    <tag k="name" v="Ngõ 94 Phố Dương Văn Bé" />
    <tag k="service" v="alley" />
  </way>
  <way id="1527419032" version="1" timestamp="2026-06-08T04:32:24Z" changeset="183807915" uid="23326231" user="Vmosnokia31">
    <nd ref="13919232777" />
    <nd ref="13919232779" />
    <nd ref="13919232778" />
    <tag k="highway" v="service" />
    <tag k="name" v="Ngõ 88 Phố Dương Văn Bé" />
    <tag k="service" v="alley" />
  </way>
  <way id="1527419033" version="1" timestamp="2026-06-08T04:32:24Z" changeset="183807915" uid="23326231" user="Vmosnokia31">
    <nd ref="13919232780" />
    <nd ref="13919232778" />
    <nd ref="13919232781" />
    <tag k="highway" v="service" />
    <tag k="service" v="alley" />
  </way>
  <way id="1527419034" version="1" timestamp="2026-06-08T04:32:24Z" changeset="183807915" uid="23326231" user="Vmosnokia31">
    <nd ref="13919232785" />
    <nd ref="13919232787" />
    <nd ref="13919232786" />
    <tag k="highway" v="service" />
  </way>
  <way id="1527419035" version="1" timestamp="2026-06-08T04:32:24Z" changeset="183807915" uid="23326231" user="Vmosnokia31">
    <nd ref="13919232788" />
    <nd ref="13919232783" />
    <nd ref="13919232808" />
    <nd ref="13919232789" />
    <nd ref="13919232791" />
    <nd ref="13919232790" />
    <tag k="highway" v="service" />
    <tag k="name" v="Ngõ 96 Phố Dương Văn Bé" />
    <tag k="service" v="alley" />
  </way>
  <way id="1527419036" version="1" timestamp="2026-06-08T04:32:24Z" changeset="183807915" uid="23326231" user="Vmosnokia31">
    <nd ref="13919232791" />
    <nd ref="13919232792" />
    <tag k="highway" v="service" />
    <tag k="service" v="alley" />
  </way>
  <way id="1527419037" version="1" timestamp="2026-06-08T04:32:24Z" changeset="183807915" uid="23326231" user="Vmosnokia31">
    <nd ref="5707646221" />
    <nd ref="13919232793" />
    <nd ref="13919232794" />
    <tag k="highway" v="service" />
    <tag k="name" v="Ngách 120/36 Phố Dương Văn Bé" />
    <tag k="service" v="alley" />
  </way>
  <way id="1527419038" version="1" timestamp="2026-06-08T04:32:24Z" changeset="183807915" uid="23326231" user="Vmosnokia31">
    <nd ref="13919232795" />
    <nd ref="13919232796" />
    <tag k="highway" v="service" />
    <tag k="service" v="alley" />
  </way>
  <way id="1527419039" version="1" timestamp="2026-06-08T04:32:24Z" changeset="183807915" uid="23326231" user="Vmosnokia31">
    <nd ref="13919232797" />
    <nd ref="13919232798" />
    <tag k="highway" v="service" />
    <tag k="service" v="alley" />
  </way>
  <way id="1527419040" version="1" timestamp="2026-06-08T04:32:24Z" changeset="183807915" uid="23326231" user="Vmosnokia31">
    <nd ref="13919232801" />
    <nd ref="13919232800" />
    <nd ref="8265788917" />
    <tag k="highway" v="service" />
    <tag k="service" v="alley" />
  </way>
  <way id="1527419041" version="1" timestamp="2026-06-08T04:32:24Z" changeset="183807915" uid="23326231" user="Vmosnokia31">
    <nd ref="5707645688" />
    <nd ref="13919232802" />
    <tag k="highway" v="service" />
    <tag k="service" v="alley" />
  </way>
  <way id="1527419042" version="1" timestamp="2026-06-08T04:32:24Z" changeset="183807915" uid="23326231" user="Vmosnokia31">
    <nd ref="13919232804" />
    <nd ref="13919232805" />
    <nd ref="13919232806" />
    <nd ref="13919232807" />
    <tag k="highway" v="service" />
    <tag k="service" v="alley" />
  </way>
  <way id="1527419043" version="1" timestamp="2026-06-08T04:32:24Z" changeset="183807915" uid="23326231" user="Vmosnokia31">
    <nd ref="13919232808" />
    <nd ref="13919232809" />
    <tag k="highway" v="service" />
    <tag k="service" v="alley" />
  </way>
  <way id="1527419044" version="1" timestamp="2026-06-08T04:32:24Z" changeset="183807915" uid="23326231" user="Vmosnokia31">
    <nd ref="13919232810" />
    <nd ref="13919232812" />
    <nd ref="13919232811" />
    <tag k="access" v="private" />
    <tag k="highway" v="service" />
  </way>
  <way id="1527419045" version="1" timestamp="2026-06-08T04:32:24Z" changeset="183807915" uid="23326231" user="Vmosnokia31">
    <nd ref="13919232804" />
    <nd ref="13919232814" />
    <tag k="highway" v="service" />
    <tag k="service" v="alley" />
  </way>
  <way id="1527419046" version="1" timestamp="2026-06-08T04:32:24Z" changeset="183807915" uid="23326231" user="Vmosnokia31">
    <nd ref="8265788894" />
    <nd ref="13919232815" />
    <nd ref="13919232816" />
    <tag k="highway" v="service" />
    <tag k="service" v="alley" />
  </way>
  <way id="1527419047" version="1" timestamp="2026-06-08T04:32:24Z" changeset="183807915" uid="23326231" user="Vmosnokia31">
    <nd ref="13919232817" />
    <nd ref="13919232818" />
    <tag k="highway" v="service" />
    <tag k="service" v="alley" />
  </way>
  <way id="1527419048" version="1" timestamp="2026-06-08T04:32:24Z" changeset="183807915" uid="23326231" user="Vmosnokia31">
    <nd ref="13919232819" />
    <nd ref="13919232820" />
    <nd ref="13919232821" />
    <tag k="highway" v="service" />
    <tag k="service" v="alley" />
  </way>
  <way id="1527419049" version="1" timestamp="2026-06-08T04:32:24Z" changeset="183807915" uid="23326231" user="Vmosnokia31">
    <nd ref="13919232813" />
    <nd ref="13919232822" />
    <nd ref="13919232823" />
    <nd ref="13919232824" />
    <tag k="highway" v="service" />
    <tag k="service" v="alley" />
  </way>
  <way id="1527419050" version="1" timestamp="2026-06-08T04:32:24Z" changeset="183807915" uid="23326231" user="Vmosnokia31">
    <nd ref="13919232825" />
    <nd ref="13919232826" />
    <tag k="highway" v="service" />
    <tag k="service" v="alley" />
  </way>
  <way id="1527419051" version="1" timestamp="2026-06-08T04:32:24Z" changeset="183807915" uid="23326231" user="Vmosnokia31">
    <nd ref="13919232827" />
    <nd ref="13919232828" />
    <tag k="highway" v="service" />
    <tag k="service" v="alley" />
  </way>
  <way id="1527419052" version="1" timestamp="2026-06-08T04:32:24Z" changeset="183807915" uid="23326231" user="Vmosnokia31">
    <nd ref="13919232829" />
    <nd ref="13919232830" />
    <tag k="highway" v="service" />
    <tag k="service" v="alley" />
  </way>
  <way id="1527419053" version="1" timestamp="2026-06-08T04:32:24Z" changeset="183807915" uid="23326231" user="Vmosnokia31">
    <nd ref="13919232831" />
    <nd ref="13686023228" />
    <nd ref="13919232832" />
    <nd ref="13919232833" />
    <tag k="highway" v="service" />
    <tag k="motorcar" v="no" />
    <tag k="motorcycle" v="yes" />
    <tag k="service" v="alley" />
  </way>
  <way id="1527419054" version="1" timestamp="2026-06-08T04:32:24Z" changeset="183807915" uid="23326231" user="Vmosnokia31">
    <nd ref="13919232834" />
    <nd ref="13919232835" />
    <nd ref="13919232836" />
    <tag k="highway" v="service" />
    <tag k="service" v="alley" />
  </way>
  <way id="1527419055" version="1" timestamp="2026-06-08T04:32:24Z" changeset="183807915" uid="23326231" user="Vmosnokia31">
    <nd ref="13919232840" />
    <nd ref="13919232841" />
    <tag k="highway" v="service" />
    <tag k="service" v="alley" />
  </way>
  <way id="1527419056" version="1" timestamp="2026-06-08T04:32:24Z" changeset="183807915" uid="23326231" user="Vmosnokia31">
    <nd ref="13919232842" />
    <nd ref="13919232843" />
    <tag k="highway" v="service" />
    <tag k="service" v="alley" />
  </way>
  <way id="1527419057" version="1" timestamp="2026-06-08T04:32:24Z" changeset="183807915" uid="23326231" user="Vmosnokia31">
    <nd ref="13919232845" />
    <nd ref="13919232846" />
    <nd ref="13919232847" />
    <tag k="highway" v="service" />
    <tag k="service" v="alley" />
  </way>
  <way id="1527419058" version="1" timestamp="2026-06-08T04:32:24Z" changeset="183807915" uid="23326231" user="Vmosnokia31">
    <nd ref="13919232848" />
    <nd ref="13919232850" />
    <nd ref="13919232849" />
    <tag k="highway" v="service" />
    <tag k="name" v="124 Phố Dương Văn Bé" />
    <tag k="service" v="alley" />
  </way>
  <way id="1527419059" version="1" timestamp="2026-06-08T04:32:24Z" changeset="183807915" uid="23326231" user="Vmosnokia31">
    <nd ref="13919232852" />
    <nd ref="13919220152" />
    <nd ref="13919232853" />
    <nd ref="13919232854" />
    <tag k="highway" v="service" />
    <tag k="name" v="Ngõ 168 Phố Dương Văn Bé" />
    <tag k="service" v="alley" />
  </way>
  <way id="1527419060" version="1" timestamp="2026-06-08T04:32:24Z" changeset="183807915" uid="23326231" user="Vmosnokia31">
    <nd ref="13919232855" />
    <nd ref="13919232859" />
    <nd ref="13919232856" />
    <nd ref="13919232857" />
    <nd ref="13919232868" />
    <nd ref="13919232860" />
    <nd ref="13919232858" />
    <tag k="highway" v="service" />
    <tag k="name" v="Ngõ 172 Phố Dương Văn Bé" />
    <tag k="service" v="alley" />
  </way>
  <way id="1527419061" version="1" timestamp="2026-06-08T04:32:24Z" changeset="183807915" uid="23326231" user="Vmosnokia31">
    <nd ref="13919232860" />
    <nd ref="13919232862" />
    <nd ref="13919232861" />
    <tag k="highway" v="service" />
    <tag k="service" v="alley" />
  </way>
  <way id="1527419062" version="1" timestamp="2026-06-08T04:32:24Z" changeset="183807915" uid="23326231" user="Vmosnokia31">
    <nd ref="13919232862" />
    <nd ref="13919232864" />
    <nd ref="13919232863" />
    <tag k="highway" v="service" />
    <tag k="name" v="Ngõ 176 Phố Dương Văn Bé" />
    <tag k="service" v="alley" />
  </way>
  <way id="1527419063" version="1" timestamp="2026-06-08T04:32:24Z" changeset="183807915" uid="23326231" user="Vmosnokia31">
    <nd ref="13919232865" />
    <nd ref="13919232866" />
    <nd ref="13919232867" />
    <tag k="highway" v="service" />
    <tag k="service" v="alley" />
  </way>
  <way id="1527419064" version="1" timestamp="2026-06-08T04:32:24Z" changeset="183807915" uid="23326231" user="Vmosnokia31">
    <nd ref="13919232868" />
    <nd ref="13919232869" />
    <nd ref="13919232870" />
    <tag k="highway" v="service" />
    <tag k="service" v="alley" />
  </way>
  <way id="1527419065" version="1" timestamp="2026-06-08T04:32:24Z" changeset="183807915" uid="23326231" user="Vmosnokia31">
    <nd ref="13919232871" />
    <nd ref="13919232873" />
    <nd ref="13919232872" />
    <tag k="highway" v="service" />
    <tag k="name" v="Ngõ 162 Phố Dương Văn Bé" />
    <tag k="service" v="alley" />
  </way>
  <way id="1527419066" version="1" timestamp="2026-06-08T04:32:24Z" changeset="183807915" uid="23326231" user="Vmosnokia31">
    <nd ref="13919232875" />
    <nd ref="13919232874" />
    <nd ref="13919232876" />
    <tag k="highway" v="service" />
    <tag k="name" v="Ngách 18 Ngõ 198 Phố Dương Văn Bé" />
    <tag k="service" v="alley" />
  </way>
  <way id="1527419067" version="1" timestamp="2026-06-08T04:32:24Z" changeset="183807915" uid="23326231" user="Vmosnokia31">
    <nd ref="13919232877" />
    <nd ref="13919232878" />
    <tag k="highway" v="service" />
    <tag k="service" v="alley" />
  </way>
  <way id="1527419068" version="1" timestamp="2026-06-08T04:32:24Z" changeset="183807915" uid="23326231" user="Vmosnokia31">
    <nd ref="13919232879" />
    <nd ref="13919232880" />
    <tag k="highway" v="service" />
    <tag k="service" v="alley" />
  </way>
  <way id="1527419069" version="1" timestamp="2026-06-08T04:32:24Z" changeset="183807915" uid="23326231" user="Vmosnokia31">
    <nd ref="13919232881" />
    <nd ref="13919232882" />
    <nd ref="13919232883" />
    <nd ref="13919232884" />
    <tag k="highway" v="service" />
    <tag k="service" v="alley" />
  </way>
  <way id="1527419070" version="1" timestamp="2026-06-08T04:32:24Z" changeset="183807915" uid="23326231" user="Vmosnokia31">
    <nd ref="13919232882" />
    <nd ref="13919232885" />
    <tag k="highway" v="service" />
    <tag k="service" v="alley" />
  </way>
  <way id="1527419071" version="1" timestamp="2026-06-08T04:32:24Z" changeset="183807915" uid="23326231" user="Vmosnokia31">
    <nd ref="13919232886" />
    <nd ref="13919232888" />
    <nd ref="13919232887" />
    <tag k="highway" v="service" />
    <tag k="service" v="alley" />
  </way>
  <way id="1527419072" version="1" timestamp="2026-06-08T04:32:24Z" changeset="183807915" uid="23326231" user="Vmosnokia31">
    <nd ref="13919232888" />
    <nd ref="13919232889" />
    <nd ref="13919232890" />
    <tag k="highway" v="service" />
    <tag k="service" v="alley" />
  </way>
  <way id="1527419073" version="1" timestamp="2026-06-08T04:32:24Z" changeset="183807915" uid="23326231" user="Vmosnokia31">
    <nd ref="13919232892" />
    <nd ref="13919232893" />
    <nd ref="13919232894" />
    <nd ref="13919232895" />
    <nd ref="13919232896" />
    <nd ref="13919232897" />
    <nd ref="13919232898" />
    <nd ref="13919232899" />
    <nd ref="13919232892" />
    <tag k="building" v="apartments" />
  </way>
  <way id="1527419074" version="1" timestamp="2026-06-08T04:32:24Z" changeset="183807915" uid="23326231" user="Vmosnokia31">
    <nd ref="8265788925" />
    <nd ref="13919232732" />
    <nd ref="13919232729" />
    <nd ref="13919232734" />
    <nd ref="5707645699" />
    <tag k="highway" v="service" />
    <tag k="motorcar" v="no" />
    <tag k="motorcycle" v="yes" />
    <tag k="name" v="Ngách 624/12 Phố Minh Khai" />
    <tag k="service" v="alley" />
  </way>
  <way id="1527540541" version="1" timestamp="2026-06-08T13:25:54Z" changeset="183829132" uid="23326231" user="Vmosnokia31">
    <nd ref="13920206709" />
    <nd ref="13920206711" />
    <nd ref="13920206714" />
    <nd ref="13920206710" />
    <tag k="highway" v="service" />
  </way>
  <way id="1527540542" version="1" timestamp="2026-06-08T13:25:54Z" changeset="183829132" uid="23326231" user="Vmosnokia31">
    <nd ref="13920206712" />
    <nd ref="13920206715" />
    <nd ref="13920206713" />
    <nd ref="13920206714" />
    <tag k="highway" v="service" />
  </way>
  <way id="1527545911" version="1" timestamp="2026-06-08T13:42:49Z" changeset="183829861" uid="23326231" user="Vmosnokia31">
    <nd ref="8333862993" />
    <nd ref="13920232180" />
    <nd ref="13920232181" />
    <nd ref="13920232182" />
    <nd ref="13920232183" />
    <tag k="highway" v="service" />
    <tag k="motorcar" v="no" />
    <tag k="service" v="alley" />
    <tag k="surface" v="concrete" />
  </way>
  <way id="1527545912" version="1" timestamp="2026-06-08T13:42:49Z" changeset="183829861" uid="23326231" user="Vmosnokia31">
    <nd ref="13920232185" />
    <nd ref="13920232186" />
    <tag k="highway" v="service" />
    <tag k="service" v="alley" />
  </way>
  <way id="1527547535" version="1" timestamp="2026-06-08T13:49:19Z" changeset="183830129" uid="23326231" user="Vmosnokia31">
    <nd ref="13814414937" />
    <nd ref="12434983733" />
    <tag k="highway" v="service" />
    <tag k="motorcar" v="destination" />
    <tag k="name" v="Ngõ 256 Phố Dương Văn Bé" />
    <tag k="service" v="alley" />
    <tag k="surface" v="concrete" />
  </way>
  <way id="1527547536" version="1" timestamp="2026-06-08T13:49:19Z" changeset="183830129" uid="23326231" user="Vmosnokia31">
    <nd ref="13920232184" />
    <nd ref="12434983736" />
    <tag k="highway" v="service" />
    <tag k="motorcar" v="destination" />
    <tag k="service" v="alley" />
    <tag k="surface" v="concrete" />
  </way>
  <way id="1527560513" version="1" timestamp="2026-06-08T14:29:01Z" changeset="183831919" uid="23326231" user="Vmosnokia31">
    <nd ref="13920371118" />
    <nd ref="13920371120" />
    <nd ref="13920371119" />
    <tag k="highway" v="service" />
    <tag k="service" v="alley" />
  </way>
  <way id="1527560515" version="1" timestamp="2026-06-08T14:29:01Z" changeset="183831919" uid="23326231" user="Vmosnokia31">
    <nd ref="13920371126" />
    <nd ref="13920371127" />
    <tag k="highway" v="service" />
    <tag k="service" v="alley" />
  </way>
  <way id="1533490805" version="1" timestamp="2026-06-29T10:32:49Z" changeset="184787634" uid="23326231" user="Vmosnokia31">
    <nd ref="13974418374" />
    <nd ref="13974418365" />
    <nd ref="13974418377" />
    <nd ref="13974418366" />
    <nd ref="13974418367" />
    <nd ref="13974418368" />
    <nd ref="13974418369" />
    <nd ref="13974418376" />
    <nd ref="13974418370" />
    <nd ref="13974418371" />
    <nd ref="13974418372" />
    <nd ref="13974418373" />
    <nd ref="13974418375" />
    <nd ref="13974418322" />
    <nd ref="13974418378" />
    <nd ref="110376673" />
    <tag k="access" v="no" />
    <tag k="highway" v="service" />
    <tag k="service" v="parking_aisle" />
  </way>
  <way id="1533490806" version="1" timestamp="2026-06-29T10:32:49Z" changeset="184787634" uid="23326231" user="Vmosnokia31">
    <nd ref="13974418395" />
    <nd ref="13974418398" />
    <nd ref="13974418379" />
    <nd ref="13974418380" />
    <nd ref="13974418397" />
    <nd ref="13974418388" />
    <nd ref="13974418381" />
    <nd ref="13974418389" />
    <nd ref="13974418382" />
    <nd ref="13974418390" />
    <nd ref="13974418383" />
    <nd ref="13974418396" />
    <nd ref="13974418391" />
    <nd ref="13974418384" />
    <nd ref="13974418392" />
    <nd ref="13974418385" />
    <nd ref="13974418393" />
    <nd ref="13974418386" />
    <nd ref="13974418394" />
    <nd ref="10139155914" />
    <nd ref="13974418387" />
    <tag k="access" v="destination" />
    <tag k="highway" v="residential" />
    <tag k="surface" v="paving_stones" />
  </way>
  <way id="1533490807" version="1" timestamp="2026-06-29T10:32:49Z" changeset="184787634" uid="23326231" user="Vmosnokia31">
    <nd ref="4955948042" />
    <nd ref="13974418395" />
    <tag k="access" v="destination" />
    <tag k="highway" v="residential" />
    <tag k="surface" v="asphalt" />
  </way>
  <way id="1547127257" version="1" timestamp="2026-08-04T05:21:17Z" changeset="186902862" uid="20910140" user="Hung Tran 9x0">
    <nd ref="8265788917" />
    <nd ref="8265788916" />
    <tag k="highway" v="service" />
    <tag k="motorcar" v="no" />
    <tag k="motorcycle" v="yes" />
    <tag k="name" v="Hẻm 624/12/75 Phố Minh Khai" />
    <tag k="service" v="alley" />
  </way>
  <way id="1547127258" version="1" timestamp="2026-08-04T05:21:17Z" changeset="186902862" uid="20910140" user="Hung Tran 9x0">
    <nd ref="8265788918" />
    <nd ref="8265788917" />
    <tag k="highway" v="service" />
    <tag k="motor_vehicle" v="no" />
    <tag k="name" v="Hẻm 624/12/75 Phố Minh Khai" />
    <tag k="service" v="alley" />
  </way>
  <way id="1547128115" version="1" timestamp="2026-08-04T05:26:56Z" changeset="186902967" uid="20910140" user="Hung Tran 9x0">
    <nd ref="13919232799" />
    <nd ref="14072066147" />
    <nd ref="8265788919" />
    <tag k="access" v="private" />
    <tag k="highway" v="service" />
    <tag k="motorcar" v="no" />
    <tag k="motorcycle" v="yes" />
    <tag k="name" v="Ngách 624/16 Phố Minh Khai" />
    <tag k="service" v="alley" />
  </way>
  </osm>