<?xml version='1.0' encoding='utf-8'?>
<osm version="0.6" generator="Overpass API 0.7.62.11 87bfad18">
<note>The data included in this document is from www.openstreetmap.org. The data is made available under ODbL.</note>
<meta osm_base="2026-09-22T08:31:35Z" />

  <bounds minlat="20.9943931" minlon="105.8651505" maxlat="21.0016069" maxlon="105.8728495" />

  <node id="110375590" lat="20.9992868" lon="105.8708270" version="9" timestamp="2025-09-21T06:16:56Z" changeset="172230786" uid="22065819" user="Hung159" />
  <node id="282889278" lat="21.0005882" lon="105.8668091" version="4" timestamp="2025-08-22T15:19:18Z" changeset="170838172" uid="20910140" user="Hung Tran 9x0" />
  <node id="282889741" lat="21.0007929" lon="105.8691744" version="2" timestamp="2024-06-30T01:40:38Z" changeset="153352705" uid="3323343" user="phoenixsaigon1698" />
  <node id="282889744" lat="20.9995798" lon="105.8696731" version="2" timestamp="2020-10-19T07:13:00Z" changeset="92686552" uid="11691953" user="ItsLouisAnderson" />
  <node id="282889845" lat="20.9981476" lon="105.8710057" version="5" timestamp="2026-05-10T08:56:38Z" changeset="182455948" uid="23326231" user="Vmosnokia31" />
  <node id="282890366" lat="20.9970232" lon="105.8710085" version="5" timestamp="2024-05-03T09:43:21Z" changeset="150827793" uid="3323343" user="phoenixsaigon1698" />
  <node id="282890371" lat="20.9957266" lon="105.8713186" version="5" timestamp="2025-12-16T02:52:57Z" changeset="175985749" uid="3323343" user="phoenixsaigon1698" />
  <node id="282890372" lat="20.9957469" lon="105.8714332" version="3" timestamp="2025-12-16T02:52:57Z" changeset="175985749" uid="3323343" user="phoenixsaigon1698" />
  <node id="282890373" lat="20.9958097" lon="105.8718281" version="3" timestamp="2024-05-03T09:43:21Z" changeset="150827793" uid="3323343" user="phoenixsaigon1698" />
  <node id="282890374" lat="20.9958380" lon="105.8722122" version="2" timestamp="2017-07-07T02:52:18Z" changeset="50097874" uid="2678766" user="hieuvan" />
  <node id="282890375" lat="20.9958410" lon="105.8723019" version="4" timestamp="2024-05-03T09:43:21Z" changeset="150827793" uid="3323343" user="phoenixsaigon1698" />
  <node id="282890376" lat="20.9958557" lon="105.8726827" version="3" timestamp="2024-05-03T09:43:21Z" changeset="150827793" uid="3323343" user="phoenixsaigon1698" />
  <node id="317910213" lat="20.9995973" lon="105.8713287" version="12" timestamp="2025-01-30T13:26:09Z" changeset="161937505" uid="11691953" user="ItsLouisAnderson" />
  <node id="915324262" lat="20.9958018" lon="105.8717289" version="2" timestamp="2017-07-07T02:52:19Z" changeset="50097874" uid="2678766" user="hieuvan" />
  <node id="915324263" lat="20.9958284" lon="105.8720841" version="2" timestamp="2017-07-07T02:52:19Z" changeset="50097874" uid="2678766" user="hieuvan" />
  <node id="1887747759" lat="20.9989086" lon="105.8693972" version="4" timestamp="2022-07-13T16:20:40Z" changeset="123572540" uid="11691953" user="ItsLouisAnderson" />
  <node id="1887747768" lat="20.9988101" lon="105.8694247" version="4" timestamp="2022-07-13T16:20:40Z" changeset="123572540" uid="11691953" user="ItsLouisAnderson" />
  <node id="2218609322" lat="21.0008644" lon="105.8728464" version="2" timestamp="2022-10-30T06:54:17Z" changeset="128234263" uid="11691953" user="ItsLouisAnderson" />
  <node id="2218609328" lat="21.0002026" lon="105.8716556" version="4" timestamp="2022-10-30T06:54:17Z" changeset="128234263" uid="11691953" user="ItsLouisAnderson" />
  <node id="2218609331" lat="20.9999736" lon="105.8718528" version="3" timestamp="2022-10-30T06:54:17Z" changeset="128234263" uid="11691953" user="ItsLouisAnderson" />
  <node id="2218609338" lat="21.0007305" lon="105.8722766" version="3" timestamp="2022-10-30T06:54:17Z" changeset="128234263" uid="11691953" user="ItsLouisAnderson" />
  <node id="2294389036" lat="21.0014845" lon="105.8654998" version="3" timestamp="2024-11-07T15:22:54Z" changeset="158860536" uid="3323343" user="phoenixsaigon1698" />
  <node id="2294389037" lat="21.0011109" lon="105.8679248" version="4" timestamp="2024-10-28T07:17:57Z" changeset="158442125" uid="3323343" user="phoenixsaigon1698" />
  <node id="2294389042" lat="21.0013872" lon="105.8651614" version="2" timestamp="2019-08-06T23:03:36Z" changeset="73087070" uid="9965337" user="ReedtheRiver" />
  <node id="2294389045" lat="21.0011928" lon="105.8658637" version="2" timestamp="2024-06-30T01:40:38Z" changeset="153352705" uid="3323343" user="phoenixsaigon1698" />
  <node id="2294389046" lat="21.0010375" lon="105.8686517" version="2" timestamp="2024-06-30T01:40:38Z" changeset="153352705" uid="3323343" user="phoenixsaigon1698" />
  <node id="2294389047" lat="21.0010937" lon="105.8685617" version="3" timestamp="2024-06-30T01:40:38Z" changeset="153352705" uid="3323343" user="phoenixsaigon1698" />
  <node id="2294389050" lat="21.0014135" lon="105.8667866" version="3" timestamp="2024-06-30T01:40:38Z" changeset="153352705" uid="3323343" user="phoenixsaigon1698" />
  <node id="2294389052" lat="21.0010772" lon="105.8690409" version="3" timestamp="2024-06-30T01:40:38Z" changeset="153352705" uid="3323343" user="phoenixsaigon1698" />
  <node id="2294389056" lat="21.0001506" lon="105.8654462" version="3" timestamp="2026-02-08T05:15:47Z" changeset="178252551" uid="11141338" user="FanaticAir75626" />
  <node id="2294389057" lat="21.0002206" lon="105.8657570" version="3" timestamp="2026-02-08T05:15:47Z" changeset="178252551" uid="11141338" user="FanaticAir75626" />
  <node id="2294389060" lat="21.0011170" lon="105.8667988" version="2" timestamp="2019-08-06T23:03:36Z" changeset="73087070" uid="9965337" user="ReedtheRiver" />
  <node id="2953971625" lat="20.9991771" lon="105.8698135" version="4" timestamp="2021-09-02T09:16:03Z" changeset="110607178" uid="11691953" user="ItsLouisAnderson" />
  <node id="2953971626" lat="20.9995145" lon="105.8705724" version="7" timestamp="2025-01-30T13:26:09Z" changeset="161937505" uid="11691953" user="ItsLouisAnderson" />
  <node id="2953971627" lat="20.9996372" lon="105.8707906" version="5" timestamp="2025-01-30T13:26:09Z" changeset="161937505" uid="11691953" user="ItsLouisAnderson" />
  <node id="4022914505" lat="20.9968445" lon="105.8685896" version="5" timestamp="2026-05-04T10:20:51Z" changeset="182197444" uid="23326231" user="Vmosnokia31" />
  <node id="4022914506" lat="20.9968312" lon="105.8701086" version="5" timestamp="2024-08-08T15:09:08Z" changeset="154983582" uid="21597372" user="Evgeny Arbatov" />
  <node id="4022914510" lat="20.9963290" lon="105.8659354" version="3" timestamp="2022-12-24T16:43:32Z" changeset="130462015" uid="11691953" user="ItsLouisAnderson" />
  <node id="4955947825" lat="20.9957911" lon="105.8715889" version="1" timestamp="2017-07-07T02:52:15Z" changeset="50097874" uid="2678766" user="hieuvan" />
  <node id="4955947826" lat="20.9968620" lon="105.8716181" version="4" timestamp="2024-07-12T06:05:36Z" changeset="153838834" uid="3323343" user="phoenixsaigon1698" />
  <node id="4955947827" lat="20.9971596" lon="105.8714339" version="3" timestamp="2025-08-05T14:20:25Z" changeset="170009909" uid="20910140" user="Hung Tran 9x0" />
  <node id="4955947857" lat="20.9983386" lon="105.8675270" version="5" timestamp="2026-02-08T05:15:47Z" changeset="178252551" uid="11141338" user="FanaticAir75626" />
  <node id="4955947858" lat="20.9981179" lon="105.8677849" version="6" timestamp="2026-05-04T10:24:39Z" changeset="182197605" uid="23326231" user="Vmosnokia31" />
  <node id="4955947860" lat="20.9968455" lon="105.8675617" version="9" timestamp="2024-09-09T02:24:56Z" changeset="156374193" uid="3323343" user="phoenixsaigon1698">
    <tag k="highway" v="mini_roundabout" />
  </node>
  <node id="4955947875" lat="20.9954260" lon="105.8675531" version="4" timestamp="2022-12-24T16:43:32Z" changeset="130462015" uid="11691953" user="ItsLouisAnderson" />
  <node id="4955947878" lat="20.9979644" lon="105.8673396" version="5" timestamp="2022-10-30T06:54:17Z" changeset="128234263" uid="11691953" user="ItsLouisAnderson" />
  <node id="4955947879" lat="20.9982539" lon="105.8672950" version="4" timestamp="2022-07-13T16:20:40Z" changeset="123572540" uid="11691953" user="ItsLouisAnderson" />
  <node id="4955947880" lat="20.9986248" lon="105.8691609" version="4" timestamp="2022-10-29T06:50:42Z" changeset="128198942" uid="11691953" user="ItsLouisAnderson" />
  <node id="4955947881" lat="20.9988706" lon="105.8690488" version="4" timestamp="2022-07-13T16:20:40Z" changeset="123572540" uid="11691953" user="ItsLouisAnderson" />
  <node id="4955947891" lat="21.0000322" lon="105.8710229" version="4" timestamp="2022-10-29T13:21:50Z" changeset="128211214" uid="11691953" user="ItsLouisAnderson" />
  <node id="4955947892" lat="20.9999974" lon="105.8711934" version="3" timestamp="2022-10-29T13:21:50Z" changeset="128211214" uid="11691953" user="ItsLouisAnderson" />
  <node id="4955947893" lat="20.9999736" lon="105.8713472" version="5" timestamp="2022-10-30T06:54:17Z" changeset="128234263" uid="11691953" user="ItsLouisAnderson" />
  <node id="4955947895" lat="20.9997067" lon="105.8708341" version="3" timestamp="2025-01-30T13:26:09Z" changeset="161937505" uid="11691953" user="ItsLouisAnderson" />
  <node id="4955947897" lat="20.9999575" lon="105.8709313" version="6" timestamp="2025-01-30T13:26:09Z" changeset="161937505" uid="11691953" user="ItsLouisAnderson" />
  <node id="4955947899" lat="21.0001260" lon="105.8708610" version="6" timestamp="2022-10-29T13:21:50Z" changeset="128211214" uid="11691953" user="ItsLouisAnderson">
    <tag k="crossing" v="zebra" />
    <tag k="highway" v="crossing" />
  </node>
  <node id="4955947900" lat="20.9999583" lon="105.8710837" version="5" timestamp="2025-01-30T13:26:09Z" changeset="161937505" uid="11691953" user="ItsLouisAnderson" />
  <node id="4955947903" lat="20.9988967" lon="105.8700091" version="3" timestamp="2025-09-21T06:16:56Z" changeset="172230786" uid="22065819" user="Hung159" />
  <node id="4955947906" lat="20.9997447" lon="105.8709973" version="7" timestamp="2025-01-30T13:26:09Z" changeset="161937505" uid="11691953" user="ItsLouisAnderson" />
  <node id="4955947907" lat="20.9998324" lon="105.8711866" version="8" timestamp="2025-01-30T13:26:09Z" changeset="161937505" uid="11691953" user="ItsLouisAnderson" />
  <node id="4955947908" lat="20.9998222" lon="105.8712317" version="7" timestamp="2025-01-30T13:26:09Z" changeset="161937505" uid="11691953" user="ItsLouisAnderson" />
  <node id="4955947909" lat="20.9997008" lon="105.8713436" version="9" timestamp="2025-07-02T09:12:45Z" changeset="168388240" uid="3323343" user="phoenixsaigon1698">
    <tag k="barrier" v="block" />
  </node>
  <node id="4955947911" lat="20.9995723" lon="105.8713146" version="7" timestamp="2025-01-30T13:26:09Z" changeset="161937505" uid="11691953" user="ItsLouisAnderson" />
  <node id="4955947912" lat="20.9995003" lon="105.8712167" version="7" timestamp="2025-01-30T13:26:09Z" changeset="161937505" uid="11691953" user="ItsLouisAnderson" />
  <node id="4955947913" lat="20.9994913" lon="105.8711588" version="9" timestamp="2025-01-30T13:26:09Z" changeset="161937505" uid="11691953" user="ItsLouisAnderson" />
  <node id="4955947914" lat="20.9994998" lon="105.8711008" version="7" timestamp="2025-01-30T13:26:09Z" changeset="161937505" uid="11691953" user="ItsLouisAnderson" />
  <node id="4955947915" lat="20.9995638" lon="105.8710074" version="8" timestamp="2025-01-30T13:26:09Z" changeset="161937505" uid="11691953" user="ItsLouisAnderson" />
  <node id="4955947916" lat="20.9996671" lon="105.8709731" version="7" timestamp="2025-01-30T13:26:09Z" changeset="161937505" uid="11691953" user="ItsLouisAnderson" />
  <node id="4955947917" lat="20.9997210" lon="105.8709835" version="7" timestamp="2025-01-30T13:26:09Z" changeset="161937505" uid="11691953" user="ItsLouisAnderson" />
  <node id="4955947918" lat="20.9997584" lon="105.8710052" version="8" timestamp="2025-01-30T13:26:09Z" changeset="161937505" uid="11691953" user="ItsLouisAnderson" />
  <node id="4955947919" lat="20.9998067" lon="105.8710541" version="7" timestamp="2025-01-30T13:26:09Z" changeset="161937505" uid="11691953" user="ItsLouisAnderson" />
  <node id="4955948031" lat="21.0003864" lon="105.8718847" version="4" timestamp="2022-10-30T06:54:17Z" changeset="128234263" uid="11691953" user="ItsLouisAnderson" />
  <node id="4955948032" lat="21.0001479" lon="105.8720653" version="4" timestamp="2022-10-30T06:54:17Z" changeset="128234263" uid="11691953" user="ItsLouisAnderson" />
  <node id="4955948033" lat="20.9998090" lon="105.8725511" version="4" timestamp="2026-06-30T03:43:37Z" changeset="184831159" uid="23326231" user="Vmosnokia31" />
  <node id="5629422884" lat="20.9982712" lon="105.8682439" version="5" timestamp="2025-07-02T09:12:45Z" changeset="168388240" uid="3323343" user="phoenixsaigon1698" />
  <node id="5629422885" lat="20.9973435" lon="105.8655355" version="4" timestamp="2022-10-29T13:21:50Z" changeset="128211214" uid="11691953" user="ItsLouisAnderson" />
  <node id="5629422887" lat="20.9968327" lon="105.8657312" version="3" timestamp="2022-12-24T16:43:32Z" changeset="130462015" uid="11691953" user="ItsLouisAnderson" />
  <node id="5629422891" lat="20.9950763" lon="105.8695578" version="5" timestamp="2021-03-26T17:02:39Z" changeset="101806304" uid="11691953" user="ItsLouisAnderson">
    <tag k="highway" v="turning_circle" />
  </node>
  <node id="5629422892" lat="20.9950769" lon="105.8701107" version="6" timestamp="2026-04-27T13:35:28Z" changeset="181891442" uid="23326231" user="Vmosnokia31" />
  <node id="5629422893" lat="20.9963010" lon="105.8696035" version="3" timestamp="2021-03-26T17:02:39Z" changeset="101806304" uid="11691953" user="ItsLouisAnderson">
    <tag k="highway" v="turning_circle" />
  </node>
  <node id="5629422894" lat="20.9963046" lon="105.8701104" version="4" timestamp="2024-08-08T15:09:08Z" changeset="154983582" uid="21597372" user="Evgeny Arbatov" />
  <node id="5629422895" lat="20.9965890" lon="105.8685923" version="3" timestamp="2021-03-26T17:02:39Z" changeset="101806304" uid="11691953" user="ItsLouisAnderson">
    <tag k="highway" v="turning_circle" />
  </node>
  <node id="5629422897" lat="20.9956375" lon="105.8685924" version="4" timestamp="2026-01-14T03:23:43Z" changeset="177203049" uid="21597372" user="Evgeny Arbatov">
    <tag k="highway" v="turning_circle" />
  </node>
  <node id="5629422898" lat="20.9956380" lon="105.8690626" version="4" timestamp="2022-12-24T16:43:32Z" changeset="130462015" uid="11691953" user="ItsLouisAnderson" />
  <node id="5629422903" lat="20.9968427" lon="105.8690544" version="6" timestamp="2026-05-04T10:20:51Z" changeset="182197444" uid="23326231" user="Vmosnokia31" />
  <node id="5629423375" lat="20.9946637" lon="105.8664348" version="3" timestamp="2020-08-25T06:34:12Z" changeset="89893825" uid="11691953" user="ItsLouisAnderson" />
  <node id="5629423376" lat="20.9946644" lon="105.8672140" version="3" timestamp="2020-08-25T06:34:12Z" changeset="89893825" uid="11691953" user="ItsLouisAnderson" />
  <node id="5629423377" lat="20.9951677" lon="105.8672134" version="3" timestamp="2020-08-25T06:34:12Z" changeset="89893825" uid="11691953" user="ItsLouisAnderson" />
  <node id="5629423378" lat="20.9951670" lon="105.8664343" version="3" timestamp="2020-08-25T06:34:12Z" changeset="89893825" uid="11691953" user="ItsLouisAnderson" />
  <node id="5629423405" lat="20.9964205" lon="105.8699409" version="2" timestamp="2024-11-08T15:10:14Z" changeset="158899654" uid="11691953" user="ItsLouisAnderson" />
  <node id="5629423406" lat="20.9966408" lon="105.8699403" version="2" timestamp="2024-11-08T15:10:14Z" changeset="158899654" uid="11691953" user="ItsLouisAnderson" />
  <node id="5629423407" lat="20.9966389" lon="105.8691812" version="2" timestamp="2024-11-08T15:10:14Z" changeset="158899654" uid="11691953" user="ItsLouisAnderson" />
  <node id="5629423408" lat="20.9964186" lon="105.8691818" version="2" timestamp="2024-11-08T15:10:14Z" changeset="158899654" uid="11691953" user="ItsLouisAnderson" />
  <node id="5629423409" lat="20.9962662" lon="105.8681493" version="3" timestamp="2024-11-08T15:10:14Z" changeset="158899654" uid="11691953" user="ItsLouisAnderson" />
  <node id="5629423410" lat="20.9962619" lon="105.8689166" version="3" timestamp="2024-11-08T15:10:14Z" changeset="158899654" uid="11691953" user="ItsLouisAnderson" />
  <node id="5629423411" lat="20.9964850" lon="105.8689181" version="3" timestamp="2024-11-08T15:10:14Z" changeset="158899654" uid="11691953" user="ItsLouisAnderson" />
  <node id="5629423412" lat="20.9964893" lon="105.8681508" version="3" timestamp="2024-11-08T15:10:14Z" changeset="158899654" uid="11691953" user="ItsLouisAnderson" />
  <node id="5629423413" lat="20.9952469" lon="105.8681559" version="3" timestamp="2024-11-08T15:10:14Z" changeset="158899654" uid="11691953" user="ItsLouisAnderson" />
  <node id="5629423414" lat="20.9952443" lon="105.8689150" version="3" timestamp="2024-11-08T15:10:14Z" changeset="158899654" uid="11691953" user="ItsLouisAnderson" />
  <node id="5629423415" lat="20.9954671" lon="105.8689159" version="3" timestamp="2024-11-08T15:10:14Z" changeset="158899654" uid="11691953" user="ItsLouisAnderson" />
  <node id="5629423416" lat="20.9954697" lon="105.8681568" version="3" timestamp="2024-11-08T15:10:14Z" changeset="158899654" uid="11691953" user="ItsLouisAnderson" />
  <node id="5629423417" lat="20.9957227" lon="105.8681606" version="3" timestamp="2024-11-08T15:10:14Z" changeset="158899654" uid="11691953" user="ItsLouisAnderson" />
  <node id="5629423418" lat="20.9957243" lon="105.8689474" version="3" timestamp="2024-11-08T15:10:14Z" changeset="158899654" uid="11691953" user="ItsLouisAnderson" />
  <node id="5629423419" lat="20.9959472" lon="105.8689469" version="3" timestamp="2024-11-08T15:10:14Z" changeset="158899654" uid="11691953" user="ItsLouisAnderson" />
  <node id="5629423420" lat="20.9959456" lon="105.8681601" version="3" timestamp="2024-11-08T15:10:14Z" changeset="158899654" uid="11691953" user="ItsLouisAnderson" />
  <node id="5629423521" lat="20.9958680" lon="105.8692094" version="1" timestamp="2018-05-19T20:52:03Z" changeset="59111240" uid="2432815" user="EGinIN" />
  <node id="5629423522" lat="20.9958751" lon="105.8699470" version="1" timestamp="2018-05-19T20:52:03Z" changeset="59111240" uid="2432815" user="EGinIN" />
  <node id="5629423523" lat="20.9961531" lon="105.8699439" version="1" timestamp="2018-05-19T20:52:03Z" changeset="59111240" uid="2432815" user="EGinIN" />
  <node id="5629423524" lat="20.9961460" lon="105.8692063" version="1" timestamp="2018-05-19T20:52:03Z" changeset="59111240" uid="2432815" user="EGinIN" />
  <node id="5629423525" lat="20.9952257" lon="105.8692094" version="1" timestamp="2018-05-19T20:52:03Z" changeset="59111240" uid="2432815" user="EGinIN" />
  <node id="5629423526" lat="20.9952328" lon="105.8699470" version="1" timestamp="2018-05-19T20:52:03Z" changeset="59111240" uid="2432815" user="EGinIN" />
  <node id="5629423527" lat="20.9955108" lon="105.8699439" version="1" timestamp="2018-05-19T20:52:03Z" changeset="59111240" uid="2432815" user="EGinIN" />
  <node id="5629423528" lat="20.9955037" lon="105.8692063" version="1" timestamp="2018-05-19T20:52:03Z" changeset="59111240" uid="2432815" user="EGinIN" />
  <node id="5629423639" lat="20.9949277" lon="105.8691922" version="1" timestamp="2018-05-19T20:52:05Z" changeset="59111240" uid="2432815" user="EGinIN" />
  <node id="5629423640" lat="20.9949290" lon="105.8699499" version="1" timestamp="2018-05-19T20:52:05Z" changeset="59111240" uid="2432815" user="EGinIN" />
  <node id="5629423641" lat="20.9947044" lon="105.8699503" version="1" timestamp="2018-05-19T20:52:05Z" changeset="59111240" uid="2432815" user="EGinIN" />
  <node id="5629423642" lat="20.9947032" lon="105.8691926" version="1" timestamp="2018-05-19T20:52:05Z" changeset="59111240" uid="2432815" user="EGinIN" />
  <node id="5642645715" lat="20.9948205" lon="105.8687350" version="1" timestamp="2018-05-25T22:04:22Z" changeset="59283267" uid="2432815" user="EGinIN" />
  <node id="5642645716" lat="20.9947964" lon="105.8687287" version="1" timestamp="2018-05-25T22:04:22Z" changeset="59283267" uid="2432815" user="EGinIN" />
  <node id="5642645717" lat="20.9947756" lon="105.8687056" version="1" timestamp="2018-05-25T22:04:22Z" changeset="59283267" uid="2432815" user="EGinIN" />
  <node id="5642645718" lat="20.9947580" lon="105.8686667" version="1" timestamp="2018-05-25T22:04:22Z" changeset="59283267" uid="2432815" user="EGinIN" />
  <node id="5642645719" lat="20.9947422" lon="105.8686238" version="1" timestamp="2018-05-25T22:04:22Z" changeset="59283267" uid="2432815" user="EGinIN" />
  <node id="5642645720" lat="20.9947301" lon="105.8685847" version="1" timestamp="2018-05-25T22:04:22Z" changeset="59283267" uid="2432815" user="EGinIN" />
  <node id="5642646221" lat="20.9947271" lon="105.8685395" version="1" timestamp="2018-05-25T22:04:22Z" changeset="59283267" uid="2432815" user="EGinIN" />
  <node id="5642646222" lat="20.9947243" lon="105.8685021" version="1" timestamp="2018-05-25T22:04:22Z" changeset="59283267" uid="2432815" user="EGinIN" />
  <node id="5642646223" lat="20.9947252" lon="105.8684646" version="1" timestamp="2018-05-25T22:04:22Z" changeset="59283267" uid="2432815" user="EGinIN" />
  <node id="5642646224" lat="20.9947319" lon="105.8684388" version="1" timestamp="2018-05-25T22:04:22Z" changeset="59283267" uid="2432815" user="EGinIN" />
  <node id="5642646225" lat="20.9947534" lon="105.8684165" version="1" timestamp="2018-05-25T22:04:22Z" changeset="59283267" uid="2432815" user="EGinIN" />
  <node id="5642646226" lat="20.9948160" lon="105.8684166" version="1" timestamp="2018-05-25T22:04:22Z" changeset="59283267" uid="2432815" user="EGinIN" />
  <node id="5642646227" lat="20.9948423" lon="105.8687282" version="1" timestamp="2018-05-25T22:04:22Z" changeset="59283267" uid="2432815" user="EGinIN" />
  <node id="5642646228" lat="20.9948625" lon="105.8687045" version="1" timestamp="2018-05-25T22:04:22Z" changeset="59283267" uid="2432815" user="EGinIN" />
  <node id="5642646229" lat="20.9948791" lon="105.8686651" version="1" timestamp="2018-05-25T22:04:22Z" changeset="59283267" uid="2432815" user="EGinIN" />
  <node id="5642646230" lat="20.9948938" lon="105.8686218" version="1" timestamp="2018-05-25T22:04:22Z" changeset="59283267" uid="2432815" user="EGinIN" />
  <node id="5642646231" lat="20.9949048" lon="105.8685823" version="1" timestamp="2018-05-25T22:04:22Z" changeset="59283267" uid="2432815" user="EGinIN" />
  <node id="5642646232" lat="20.9949119" lon="105.8685370" version="2" timestamp="2024-11-09T15:21:34Z" changeset="158938559" uid="11691953" user="ItsLouisAnderson" />
  <node id="5642646233" lat="20.9949108" lon="105.8684996" version="2" timestamp="2024-11-09T15:21:34Z" changeset="158938559" uid="11691953" user="ItsLouisAnderson" />
  <node id="5642646234" lat="20.9949066" lon="105.8684621" version="1" timestamp="2018-05-25T22:04:22Z" changeset="59283267" uid="2432815" user="EGinIN" />
  <node id="5642646235" lat="20.9948993" lon="105.8684365" version="1" timestamp="2018-05-25T22:04:22Z" changeset="59283267" uid="2432815" user="EGinIN" />
  <node id="5642646236" lat="20.9948772" lon="105.8684148" version="1" timestamp="2018-05-25T22:04:22Z" changeset="59283267" uid="2432815" user="EGinIN" />
  <node id="5703980379" lat="21.0012040" lon="105.8667940" version="3" timestamp="2024-06-30T01:40:38Z" changeset="153352705" uid="3323343" user="phoenixsaigon1698" />
  <node id="5704144783" lat="21.0015013" lon="105.8667911" version="2" timestamp="2019-08-06T23:03:36Z" changeset="73087070" uid="9965337" user="ReedtheRiver" />
  <node id="5704144784" lat="21.0014967" lon="105.8676017" version="3" timestamp="2024-06-30T01:40:38Z" changeset="153352705" uid="3323343" user="phoenixsaigon1698" />
  <node id="5704144786" lat="21.0011004" lon="105.8676133" version="4" timestamp="2024-10-28T07:17:57Z" changeset="158442125" uid="3323343" user="phoenixsaigon1698" />
  <node id="5704144787" lat="21.0010031" lon="105.8678685" version="4" timestamp="2024-11-07T15:22:54Z" changeset="158860536" uid="3323343" user="phoenixsaigon1698" />
  <node id="5704144788" lat="21.0007550" lon="105.8678751" version="3" timestamp="2024-10-28T07:17:57Z" changeset="158442125" uid="3323343" user="phoenixsaigon1698" />
  <node id="5704144789" lat="21.0010012" lon="105.8683692" version="4" timestamp="2024-10-28T07:17:57Z" changeset="158442125" uid="3323343" user="phoenixsaigon1698" />
  <node id="5704144791" lat="21.0007207" lon="105.8671948" version="1" timestamp="2018-06-20T07:19:51Z" changeset="60000502" uid="7868172" user="poornima1" />
  <node id="5704144792" lat="21.0010013" lon="105.8671715" version="3" timestamp="2024-10-28T07:17:57Z" changeset="158442125" uid="3323343" user="phoenixsaigon1698" />
  <node id="5704144793" lat="21.0010165" lon="105.8673018" version="3" timestamp="2024-10-28T07:17:57Z" changeset="158442125" uid="3323343" user="phoenixsaigon1698" />
  <node id="5704144794" lat="21.0011091" lon="105.8673041" version="4" timestamp="2024-06-30T01:40:38Z" changeset="153352705" uid="3323343" user="phoenixsaigon1698" />
  <node id="5704144803" lat="20.9998361" lon="105.8711702" version="8" timestamp="2025-01-30T13:26:09Z" changeset="161937505" uid="11691953" user="ItsLouisAnderson" />
  <node id="5704144804" lat="20.9998812" lon="105.8709607" version="5" timestamp="2025-01-30T13:26:09Z" changeset="161937505" uid="11691953" user="ItsLouisAnderson" />
  <node id="5704144806" lat="21.0001594" lon="105.8709391" version="7" timestamp="2022-10-29T13:21:50Z" changeset="128211214" uid="11691953" user="ItsLouisAnderson">
    <tag k="crossing" v="zebra" />
    <tag k="highway" v="crossing" />
  </node>
  <node id="5704144807" lat="21.0012324" lon="105.8704661" version="6" timestamp="2022-10-29T13:21:50Z" changeset="128211214" uid="11691953" user="ItsLouisAnderson" />
  <node id="5704144811" lat="21.0011615" lon="105.8701453" version="1" timestamp="2018-06-20T07:19:51Z" changeset="60000502" uid="7868172" user="poornima1" />
  <node id="5704267781" lat="21.0005923" lon="105.8671226" version="3" timestamp="2025-08-22T15:19:18Z" changeset="170838172" uid="20910140" user="Hung Tran 9x0" />
  <node id="5704267788" lat="21.0010488" lon="105.8668002" version="1" timestamp="2018-06-20T07:41:16Z" changeset="60001088" uid="7868172" user="poornima1" />
  <node id="5704267789" lat="21.0009782" lon="105.8667025" version="3" timestamp="2022-04-22T07:38:38Z" changeset="120034225" uid="13749044" user="GrabVN_Ánh Linh Lê" />
  <node id="5704267790" lat="21.0008755" lon="105.8665635" version="3" timestamp="2024-06-30T01:40:38Z" changeset="153352705" uid="3323343" user="phoenixsaigon1698" />
  <node id="5704543889" lat="21.0007633" lon="105.8715561" version="1" timestamp="2018-06-20T09:08:37Z" changeset="60003771" uid="7868172" user="poornima1" />
  <node id="5707645690" lat="20.9967025" lon="105.8720246" version="2" timestamp="2026-05-10T08:56:38Z" changeset="182455948" uid="23326231" user="Vmosnokia31" />
  <node id="5707645696" lat="20.9991880" lon="105.8712714" version="3" timestamp="2026-06-08T04:32:24Z" changeset="183807915" uid="23326231" user="Vmosnokia31" />
  <node id="5707645697" lat="20.9989141" lon="105.8714635" version="2" timestamp="2026-06-08T04:32:24Z" changeset="183807915" uid="23326231" user="Vmosnokia31" />
  <node id="5707645698" lat="20.9986624" lon="105.8714630" version="2" timestamp="2024-07-12T06:05:36Z" changeset="153838834" uid="3323343" user="phoenixsaigon1698" />
  <node id="5707645699" lat="20.9983356" lon="105.8714636" version="2" timestamp="2026-06-08T04:32:24Z" changeset="183807915" uid="23326231" user="Vmosnokia31" />
  <node id="5707645713" lat="20.9974950" lon="105.8717353" version="4" timestamp="2026-06-08T04:32:24Z" changeset="183807915" uid="23326231" user="Vmosnokia31" />
  <node id="5707645714" lat="20.9967530" lon="105.8724493" version="1" timestamp="2018-06-21T07:48:54Z" changeset="60033947" uid="7868172" user="poornima1" />
  <node id="5707645715" lat="20.9970542" lon="105.8711161" version="6" timestamp="2025-08-05T14:20:25Z" changeset="170009909" uid="20910140" user="Hung Tran 9x0" />
  <node id="5707646221" lat="20.9975628" lon="105.8726620" version="2" timestamp="2026-06-08T04:32:24Z" changeset="183807915" uid="23326231" user="Vmosnokia31" />
  <node id="5707646223" lat="20.9981456" lon="105.8714054" version="4" timestamp="2024-05-03T09:43:21Z" changeset="150827793" uid="3323343" user="phoenixsaigon1698" />
  <node id="5707820717" lat="20.9992198" lon="105.8656056" version="5" timestamp="2026-02-08T05:15:47Z" changeset="178252551" uid="11141338" user="FanaticAir75626" />
  <node id="5707820718" lat="21.0002028" lon="105.8667636" version="4" timestamp="2026-03-15T06:11:58Z" changeset="179884342" uid="20910140" user="Hung Tran 9x0" />
  <node id="5707821236" lat="20.9976697" lon="105.8677141" version="2" timestamp="2022-10-30T06:54:17Z" changeset="128234263" uid="11691953" user="ItsLouisAnderson" />
  <node id="5707821237" lat="21.0001230" lon="105.8694742" version="3" timestamp="2020-10-19T07:13:00Z" changeset="92686552" uid="11691953" user="ItsLouisAnderson" />
  <node id="5707821238" lat="21.0003845" lon="105.8702420" version="4" timestamp="2019-08-05T16:00:01Z" changeset="73031413" uid="9965337" user="ReedtheRiver" />
  <node id="5707821240" lat="20.9997182" lon="105.8669798" version="4" timestamp="2026-02-08T05:15:47Z" changeset="178252551" uid="11141338" user="FanaticAir75626" />
  <node id="5707821244" lat="20.9980598" lon="105.8667495" version="2" timestamp="2020-09-18T14:45:23Z" changeset="91118841" uid="11691953" user="ItsLouisAnderson" />
  <node id="5707821245" lat="20.9995725" lon="105.8688794" version="1" timestamp="2018-06-21T08:51:34Z" changeset="60035866" uid="7868172" user="poornima1" />
  <node id="5707821246" lat="20.9998646" lon="105.8687734" version="1" timestamp="2018-06-21T08:51:34Z" changeset="60035866" uid="7868172" user="poornima1" />
  <node id="5707821247" lat="20.9997312" lon="105.8693354" version="1" timestamp="2018-06-21T08:51:34Z" changeset="60035866" uid="7868172" user="poornima1" />
  <node id="5707821248" lat="20.9994512" lon="105.8685306" version="1" timestamp="2018-06-21T08:51:34Z" changeset="60035866" uid="7868172" user="poornima1" />
  <node id="5707821249" lat="20.9997517" lon="105.8684206" version="1" timestamp="2018-06-21T08:51:34Z" changeset="60035866" uid="7868172" user="poornima1" />
  <node id="5707821250" lat="21.0000143" lon="105.8692164" version="1" timestamp="2018-06-21T08:51:34Z" changeset="60035866" uid="7868172" user="poornima1" />
  <node id="5707821252" lat="20.9994951" lon="105.8694346" version="1" timestamp="2018-06-21T08:51:34Z" changeset="60035866" uid="7868172" user="poornima1" />
  <node id="5707821253" lat="20.9998319" lon="105.8678998" version="3" timestamp="2024-11-13T05:36:39Z" changeset="159076498" uid="3323343" user="phoenixsaigon1698" />
  <node id="5707821255" lat="21.0002675" lon="105.8691099" version="1" timestamp="2018-06-21T08:51:34Z" changeset="60035866" uid="7868172" user="poornima1" />
  <node id="5707821256" lat="20.9999320" lon="105.8681282" version="1" timestamp="2018-06-21T08:51:34Z" changeset="60035866" uid="7868172" user="poornima1" />
  <node id="5707821257" lat="20.9991457" lon="105.8684447" version="1" timestamp="2018-06-21T08:51:34Z" changeset="60035866" uid="7868172" user="poornima1" />
  <node id="5707821260" lat="20.9980577" lon="105.8698045" version="2" timestamp="2021-06-14T17:27:41Z" changeset="106350392" uid="11691953" user="ItsLouisAnderson" />
  <node id="5707821261" lat="20.9987091" lon="105.8695307" version="4" timestamp="2025-09-21T06:16:56Z" changeset="172230786" uid="22065819" user="Hung159" />
  <node id="5707821262" lat="20.9969802" lon="105.8705848" version="3" timestamp="2024-05-03T09:43:21Z" changeset="150827793" uid="3323343" user="phoenixsaigon1698">
    <tag k="crossing" v="uncontrolled" />
    <tag k="highway" v="crossing" />
  </node>
  <node id="5707821263" lat="20.9990205" lon="105.8709579" version="3" timestamp="2024-05-03T09:43:21Z" changeset="150827793" uid="3323343" user="phoenixsaigon1698" />
  <node id="5707821269" lat="20.9968917" lon="105.8705863" version="4" timestamp="2024-05-03T09:43:21Z" changeset="150827793" uid="3323343" user="phoenixsaigon1698" />
  <node id="5707821270" lat="20.9971783" lon="105.8705868" version="3" timestamp="2024-05-03T09:43:21Z" changeset="150827793" uid="3323343" user="phoenixsaigon1698" />
  <node id="5707840047" lat="20.9980840" lon="105.8684823" version="1" timestamp="2018-06-21T08:56:11Z" changeset="60036052" uid="7868172" user="poornima1" />
  <node id="5707840050" lat="20.9982592" lon="105.8689597" version="1" timestamp="2018-06-21T08:56:11Z" changeset="60036052" uid="7868172" user="poornima1" />
  <node id="5707840051" lat="20.9983183" lon="105.8690852" version="2" timestamp="2021-06-14T17:27:41Z" changeset="106350392" uid="11691953" user="ItsLouisAnderson" />
  <node id="5709913436" lat="20.9979674" lon="105.8655394" version="2" timestamp="2025-02-25T14:14:19Z" changeset="162934157" uid="11196308" user="vietnam321" />
  <node id="5709913437" lat="20.9978856" lon="105.8653250" version="2" timestamp="2025-02-25T14:14:19Z" changeset="162934157" uid="11196308" user="vietnam321" />
  <node id="5709913438" lat="20.9983443" lon="105.8656041" version="2" timestamp="2025-02-25T14:14:19Z" changeset="162934157" uid="11196308" user="vietnam321" />
  <node id="5709913439" lat="20.9981946" lon="105.8651901" version="2" timestamp="2025-02-25T14:14:19Z" changeset="162934157" uid="11196308" user="vietnam321" />
  <node id="5709913463" lat="20.9975804" lon="105.8654510" version="3" timestamp="2020-09-18T14:45:23Z" changeset="91118841" uid="11691953" user="ItsLouisAnderson" />
  <node id="5709990982" lat="20.9961725" lon="105.8652612" version="2" timestamp="2024-06-22T08:03:25Z" changeset="153019263" uid="11196308" user="vietnam321" />
  <node id="5709990991" lat="20.9952793" lon="105.8663351" version="2" timestamp="2023-09-05T15:27:41Z" changeset="140856282" uid="11691953" user="ItsLouisAnderson" />
  <node id="5709990992" lat="20.9963286" lon="105.8663361" version="3" timestamp="2023-09-05T15:27:41Z" changeset="140856282" uid="11691953" user="ItsLouisAnderson" />
  <node id="5709990996" lat="20.9959158" lon="105.8652663" version="3" timestamp="2024-06-22T08:03:25Z" changeset="153019263" uid="11196308" user="vietnam321" />
  <node id="5709990998" lat="20.9949696" lon="105.8652314" version="5" timestamp="2026-04-25T18:41:38Z" changeset="181819167" uid="23326231" user="Vmosnokia31" />
  <node id="5710043981" lat="20.9955573" lon="105.8652717" version="1" timestamp="2018-06-22T03:22:02Z" changeset="60061042" uid="7868172" user="poornima1" />
  <node id="5710043983" lat="20.9965252" lon="105.8651926" version="3" timestamp="2026-04-25T18:41:38Z" changeset="181819167" uid="23326231" user="Vmosnokia31" />
  <node id="5710080966" lat="20.9963512" lon="105.8673739" version="4" timestamp="2024-09-06T08:03:39Z" changeset="156261242" uid="3323343" user="phoenixsaigon1698" />
  <node id="5710080967" lat="20.9963554" lon="105.8675580" version="4" timestamp="2024-09-06T08:03:39Z" changeset="156261242" uid="3323343" user="phoenixsaigon1698" />
  <node id="5710080990" lat="20.9958904" lon="105.8710444" version="4" timestamp="2024-05-03T09:43:21Z" changeset="150827793" uid="3323343" user="phoenixsaigon1698" />
  <node id="5710080991" lat="20.9958736" lon="105.8706128" version="4" timestamp="2026-05-10T08:56:38Z" changeset="182455948" uid="23326231" user="Vmosnokia31" />
  <node id="5710080998" lat="20.9954325" lon="105.8673463" version="4" timestamp="2023-09-05T15:27:41Z" changeset="140856282" uid="11691953" user="ItsLouisAnderson" />
  <node id="5710080999" lat="20.9952768" lon="105.8666986" version="1" timestamp="2018-06-22T03:51:18Z" changeset="60061444" uid="7868172" user="poornima1" />
  <node id="5710081001" lat="20.9967144" lon="105.8663433" version="2" timestamp="2023-09-05T15:27:41Z" changeset="140856282" uid="11691953" user="ItsLouisAnderson" />
  <node id="5710114705" lat="20.9961686" lon="105.8722102" version="2" timestamp="2024-05-03T09:43:21Z" changeset="150827793" uid="3323343" user="phoenixsaigon1698" />
  <node id="5710114706" lat="20.9961533" lon="105.8718243" version="1" timestamp="2018-06-22T04:24:19Z" changeset="60061801" uid="7868172" user="poornima1" />
  <node id="5710114708" lat="20.9950268" lon="105.8712211" version="1" timestamp="2018-06-22T04:24:19Z" changeset="60061801" uid="7868172" user="poornima1" />
  <node id="5710114709" lat="20.9944705" lon="105.8715372" version="2" timestamp="2026-05-10T08:56:38Z" changeset="182455948" uid="23326231" user="Vmosnokia31" />
  <node id="5710114710" lat="20.9949112" lon="105.8709526" version="1" timestamp="2018-06-22T04:24:19Z" changeset="60061801" uid="7868172" user="poornima1" />
  <node id="5710114711" lat="20.9951403" lon="105.8715192" version="2" timestamp="2026-05-10T08:56:38Z" changeset="182455948" uid="23326231" user="Vmosnokia31" />
  <node id="5710114712" lat="20.9952917" lon="105.8714488" version="3" timestamp="2026-05-10T08:56:38Z" changeset="182455948" uid="23326231" user="Vmosnokia31" />
  <node id="5710114713" lat="20.9963578" lon="105.8721411" version="3" timestamp="2026-05-10T08:56:38Z" changeset="182455948" uid="23326231" user="Vmosnokia31" />
  <node id="5710114714" lat="20.9964198" lon="105.8725472" version="2" timestamp="2026-05-10T08:56:38Z" changeset="182455948" uid="23326231" user="Vmosnokia31" />
  <node id="5710114715" lat="20.9962166" lon="105.8725772" version="2" timestamp="2024-05-03T09:43:21Z" changeset="150827793" uid="3323343" user="phoenixsaigon1698" />
  <node id="5710139859" lat="20.9949663" lon="105.8710814" version="1" timestamp="2018-06-22T04:43:51Z" changeset="60062054" uid="7868172" user="poornima1" />
  <node id="5710149355" lat="20.9950736" lon="105.8713383" version="1" timestamp="2018-06-22T04:48:55Z" changeset="60062144" uid="7868172" user="poornima1" />
  <node id="5721861412" lat="21.0004529" lon="105.8660074" version="3" timestamp="2026-02-08T05:15:47Z" changeset="178252551" uid="11141338" user="FanaticAir75626" />
  <node id="5721861414" lat="21.0006746" lon="105.8660055" version="4" timestamp="2026-02-08T05:15:47Z" changeset="178252551" uid="11141338" user="FanaticAir75626" />
  <node id="5721861415" lat="21.0002278" lon="105.8664894" version="5" timestamp="2026-02-08T05:15:47Z" changeset="178252551" uid="11141338" user="FanaticAir75626" />
  <node id="5721861416" lat="21.0008671" lon="105.8660039" version="4" timestamp="2026-02-08T05:15:47Z" changeset="178252551" uid="11141338" user="FanaticAir75626" />
  <node id="5818229808" lat="20.9976138" lon="105.8679732" version="1" timestamp="2018-08-08T14:45:28Z" changeset="61471445" uid="2432815" user="EGinIN" />
  <node id="5818229809" lat="20.9970177" lon="105.8669664" version="1" timestamp="2018-08-08T14:45:28Z" changeset="61471445" uid="2432815" user="EGinIN" />
  <node id="5818229810" lat="20.9978560" lon="105.8679796" version="1" timestamp="2018-08-08T14:45:28Z" changeset="61471445" uid="2432815" user="EGinIN" />
  <node id="5818229811" lat="20.9970904" lon="105.8673380" version="1" timestamp="2018-08-08T14:45:28Z" changeset="61471445" uid="2432815" user="EGinIN" />
  <node id="5818229813" lat="20.9975541" lon="105.8670546" version="1" timestamp="2018-08-08T14:45:28Z" changeset="61471445" uid="2432815" user="EGinIN" />
  <node id="5818229816" lat="20.9974740" lon="105.8673409" version="1" timestamp="2018-08-08T14:45:28Z" changeset="61471445" uid="2432815" user="EGinIN" />
  <node id="5818229819" lat="20.9975404" lon="105.8670159" version="1" timestamp="2018-08-08T14:45:28Z" changeset="61471445" uid="2432815" user="EGinIN" />
  <node id="5818229821" lat="20.9976024" lon="105.8684137" version="1" timestamp="2018-08-08T14:45:28Z" changeset="61471445" uid="2432815" user="EGinIN" />
  <node id="5818229822" lat="20.9970170" lon="105.8672505" version="1" timestamp="2018-08-08T14:45:28Z" changeset="61471445" uid="2432815" user="EGinIN" />
  <node id="5818229823" lat="20.9975044" lon="105.8673316" version="1" timestamp="2018-08-08T14:45:28Z" changeset="61471445" uid="2432815" user="EGinIN" />
  <node id="5818229825" lat="20.9975298" lon="105.8669900" version="1" timestamp="2018-08-08T14:45:28Z" changeset="61471445" uid="2432815" user="EGinIN" />
  <node id="5818229827" lat="20.9977336" lon="105.8685041" version="1" timestamp="2018-08-08T14:45:28Z" changeset="61471445" uid="2432815" user="EGinIN" />
  <node id="5818229828" lat="20.9970224" lon="105.8672869" version="1" timestamp="2018-08-08T14:45:28Z" changeset="61471445" uid="2432815" user="EGinIN" />
  <node id="5818229830" lat="20.9975248" lon="105.8673090" version="1" timestamp="2018-08-08T14:45:28Z" changeset="61471445" uid="2432815" user="EGinIN" />
  <node id="5818229833" lat="20.9975001" lon="105.8669718" version="1" timestamp="2018-08-08T14:45:28Z" changeset="61471445" uid="2432815" user="EGinIN" />
  <node id="5818229835" lat="20.9980983" lon="105.8683285" version="1" timestamp="2018-08-08T14:45:28Z" changeset="61471445" uid="2432815" user="EGinIN" />
  <node id="5818229836" lat="20.9970364" lon="105.8673046" version="1" timestamp="2018-08-08T14:45:28Z" changeset="61471445" uid="2432815" user="EGinIN" />
  <node id="5818229838" lat="20.9975455" lon="105.8672830" version="1" timestamp="2018-08-08T14:45:28Z" changeset="61471445" uid="2432815" user="EGinIN" />
  <node id="5818229840" lat="20.9974697" lon="105.8669638" version="1" timestamp="2018-08-08T14:45:28Z" changeset="61471445" uid="2432815" user="EGinIN" />
  <node id="5818229841" lat="20.9980004" lon="105.8680843" version="1" timestamp="2018-08-08T14:45:28Z" changeset="61471445" uid="2432815" user="EGinIN" />
  <node id="5818229842" lat="20.9970572" lon="105.8673245" version="1" timestamp="2018-08-08T14:45:28Z" changeset="61471445" uid="2432815" user="EGinIN" />
  <node id="5818229844" lat="20.9975568" lon="105.8672609" version="1" timestamp="2018-08-08T14:45:28Z" changeset="61471445" uid="2432815" user="EGinIN" />
  <node id="5845485952" lat="21.0010920" lon="105.8699580" version="2" timestamp="2019-07-16T22:59:23Z" changeset="72325434" uid="9578548" user="Tamangfella" />
  <node id="5845486385" lat="20.9975854" lon="105.8710072" version="5" timestamp="2026-05-10T08:56:38Z" changeset="182455948" uid="23326231" user="Vmosnokia31">
    <tag k="crossing" v="uncontrolled" />
    <tag k="highway" v="crossing" />
  </node>
  <node id="5845486387" lat="20.9968181" lon="105.8705837" version="3" timestamp="2024-05-03T09:43:21Z" changeset="150827793" uid="3323343" user="phoenixsaigon1698">
    <tag k="crossing" v="uncontrolled" />
    <tag k="highway" v="crossing" />
  </node>
  <node id="5845486388" lat="20.9963869" lon="105.8705739" version="3" timestamp="2024-05-03T09:43:21Z" changeset="150827793" uid="3323343" user="phoenixsaigon1698" />
  <node id="5845486389" lat="20.9962563" lon="105.8706118" version="2" timestamp="2024-05-03T09:43:21Z" changeset="150827793" uid="3323343" user="phoenixsaigon1698" />
  <node id="5845486390" lat="20.9961567" lon="105.8707013" version="2" timestamp="2022-10-27T07:10:17Z" changeset="128113967" uid="17344224" user="Arkskyle" />
  <node id="5845486391" lat="20.9961509" lon="105.8708069" version="2" timestamp="2022-10-27T07:10:17Z" changeset="128113967" uid="17344224" user="Arkskyle" />
  <node id="5845486393" lat="20.9962492" lon="105.8710004" version="4" timestamp="2024-05-03T09:43:21Z" changeset="150827793" uid="3323343" user="phoenixsaigon1698" />
  <node id="5845486394" lat="20.9968385" lon="105.8703357" version="3" timestamp="2026-05-04T10:20:51Z" changeset="182197444" uid="23326231" user="Vmosnokia31" />
  <node id="5845486395" lat="20.9968720" lon="105.8705186" version="3" timestamp="2024-05-03T09:43:21Z" changeset="150827793" uid="3323343" user="phoenixsaigon1698">
    <tag k="crossing" v="uncontrolled" />
    <tag k="highway" v="crossing" />
  </node>
  <node id="5845486396" lat="20.9969208" lon="105.8706870" version="2" timestamp="2019-08-05T16:14:10Z" changeset="73031922" uid="7674729" user="UncoolGuyJake">
    <tag k="crossing" v="uncontrolled" />
    <tag k="highway" v="crossing" />
  </node>
  <node id="5845486472" lat="20.9995284" lon="105.8712724" version="5" timestamp="2025-01-30T13:26:09Z" changeset="161937505" uid="11691953" user="ItsLouisAnderson" />
  <node id="5845486474" lat="20.9995248" lon="105.8710486" version="5" timestamp="2025-01-30T13:26:09Z" changeset="161937505" uid="11691953" user="ItsLouisAnderson" />
  <node id="5845486476" lat="20.9997691" lon="105.8710114" version="5" timestamp="2025-01-30T13:26:09Z" changeset="161937505" uid="11691953" user="ItsLouisAnderson" />
  <node id="5845486477" lat="20.9997993" lon="105.8712689" version="7" timestamp="2025-01-30T13:26:09Z" changeset="161937505" uid="11691953" user="ItsLouisAnderson">
    <tag k="barrier" v="block" />
  </node>
  <node id="5845486479" lat="20.9996128" lon="105.8709814" version="5" timestamp="2025-01-30T13:26:09Z" changeset="161937505" uid="11691953" user="ItsLouisAnderson" />
  <node id="5973650122" lat="20.9956869" lon="105.8711423" version="3" timestamp="2026-05-10T08:56:38Z" changeset="182455948" uid="23326231" user="Vmosnokia31" />
  <node id="5973650128" lat="20.9954276" lon="105.8709942" version="3" timestamp="2024-07-21T03:20:56Z" changeset="154201984" uid="20910140" user="Hung Tran 9x0" />
  <node id="5973650134" lat="20.9956622" lon="105.8710002" version="3" timestamp="2024-07-21T03:20:56Z" changeset="154201984" uid="20910140" user="Hung Tran 9x0" />
  <node id="5973650140" lat="20.9956736" lon="105.8704932" version="3" timestamp="2024-07-21T03:20:56Z" changeset="154201984" uid="20910140" user="Hung Tran 9x0" />
  <node id="5973650156" lat="20.9954390" lon="105.8704871" version="3" timestamp="2024-07-21T03:20:56Z" changeset="154201984" uid="20910140" user="Hung Tran 9x0" />
  <node id="6668068893" lat="21.0014917" lon="105.8672983" version="3" timestamp="2024-06-30T01:40:38Z" changeset="153352705" uid="3323343" user="phoenixsaigon1698" />
  <node id="6668068895" lat="21.0012660" lon="105.8671130" version="1" timestamp="2019-07-31T20:30:00Z" changeset="72872200" uid="10028130" user="Solra" />
  <node id="6668068896" lat="21.0011123" lon="105.8671131" version="2" timestamp="2019-08-06T23:03:36Z" changeset="73087070" uid="9965337" user="ReedtheRiver" />
  <node id="6678035899" lat="21.0008685" lon="105.8727604" version="1" timestamp="2019-08-02T23:31:33Z" changeset="72959047" uid="8600365" user="spuddy93" />
  <node id="6678035900" lat="21.0009962" lon="105.8726142" version="1" timestamp="2019-08-02T23:31:33Z" changeset="72959047" uid="8600365" user="spuddy93" />
  <node id="6678035901" lat="21.0010479" lon="105.8726034" version="2" timestamp="2022-10-30T06:54:17Z" changeset="128234263" uid="11691953" user="ItsLouisAnderson" />
  <node id="6678035902" lat="21.0007679" lon="105.8726380" version="2" timestamp="2026-06-12T02:54:21Z" changeset="183996188" uid="18625884" user="xmap-vn" />
  <node id="6678035903" lat="21.0008834" lon="105.8725018" version="2" timestamp="2026-06-12T02:54:21Z" changeset="183996188" uid="18625884" user="xmap-vn" />
  <node id="6678035904" lat="21.0008711" lon="105.8724148" version="3" timestamp="2026-06-12T02:54:21Z" changeset="183996188" uid="18625884" user="xmap-vn" />
  <node id="6678035905" lat="21.0006768" lon="105.8726497" version="3" timestamp="2026-06-12T02:54:21Z" changeset="183996188" uid="18625884" user="xmap-vn" />
  <node id="6678035906" lat="21.0004640" lon="105.8724139" version="2" timestamp="2022-10-30T06:54:17Z" changeset="128234263" uid="11691953" user="ItsLouisAnderson">
    <tag k="traffic_calming" v="rumble_strip" />
  </node>
  <node id="6678035908" lat="20.9998186" lon="105.8716540" version="4" timestamp="2022-10-30T06:54:17Z" changeset="128234263" uid="11691953" user="ItsLouisAnderson">
    <tag k="crossing" v="uncontrolled" />
    <tag k="highway" v="crossing" />
  </node>
  <node id="6678070315" lat="21.0009248" lon="105.8726799" version="1" timestamp="2019-08-02T23:53:24Z" changeset="72959267" uid="8600365" user="spuddy93" />
  <node id="6678070316" lat="21.0008392" lon="105.8725698" version="2" timestamp="2026-06-12T02:54:21Z" changeset="183996188" uid="18625884" user="xmap-vn" />
  <node id="6684441108" lat="21.0000384" lon="105.8714375" version="2" timestamp="2022-10-30T06:54:17Z" changeset="128234263" uid="11691953" user="ItsLouisAnderson">
    <tag k="crossing" v="uncontrolled" />
    <tag k="highway" v="crossing" />
  </node>
  <node id="6684638481" lat="21.0001990" lon="105.8708428" version="3" timestamp="2022-10-29T13:21:50Z" changeset="128211214" uid="11691953" user="ItsLouisAnderson" />
  <node id="6684638482" lat="21.0002132" lon="105.8709019" version="3" timestamp="2022-10-29T13:21:50Z" changeset="128211214" uid="11691953" user="ItsLouisAnderson" />
  <node id="6684638484" lat="21.0002565" lon="105.8708479" version="4" timestamp="2022-10-29T13:21:50Z" changeset="128211214" uid="11691953" user="ItsLouisAnderson" />
  <node id="6684646085" lat="21.0008776" lon="105.8706039" version="3" timestamp="2022-10-29T13:21:50Z" changeset="128211214" uid="11691953" user="ItsLouisAnderson">
    <tag k="crossing" v="zebra" />
    <tag k="highway" v="crossing" />
  </node>
  <node id="6684756987" lat="21.0003176" lon="105.8705858" version="1" timestamp="2019-08-05T14:49:49Z" changeset="73028588" uid="9965337" user="ReedtheRiver" />
  <node id="6684756988" lat="21.0003787" lon="105.8707967" version="3" timestamp="2022-10-29T13:21:50Z" changeset="128211214" uid="11691953" user="ItsLouisAnderson" />
  <node id="6684880032" lat="20.9996053" lon="105.8707376" version="2" timestamp="2025-01-30T13:26:09Z" changeset="161937505" uid="11691953" user="ItsLouisAnderson">
    <tag k="crossing" v="uncontrolled" />
    <tag k="highway" v="crossing" />
  </node>
  <node id="6684880033" lat="20.9998727" lon="105.8708996" version="3" timestamp="2025-01-30T13:26:09Z" changeset="161937505" uid="11691953" user="ItsLouisAnderson" />
  <node id="6684880035" lat="20.9997931" lon="105.8708676" version="3" timestamp="2025-01-30T13:26:09Z" changeset="161937505" uid="11691953" user="ItsLouisAnderson" />
  <node id="6684913287" lat="20.9970009" lon="105.8709352" version="1" timestamp="2019-08-05T16:14:10Z" changeset="73031922" uid="7674729" user="UncoolGuyJake">
    <tag k="crossing" v="uncontrolled" />
    <tag k="highway" v="crossing" />
  </node>
  <node id="6684929539" lat="20.9986041" lon="105.8712785" version="3" timestamp="2026-05-10T08:56:38Z" changeset="182455948" uid="23326231" user="Vmosnokia31" />
  <node id="6684929540" lat="20.9985993" lon="105.8710065" version="2" timestamp="2026-05-10T08:56:38Z" changeset="182455948" uid="23326231" user="Vmosnokia31" />
  <node id="6684959385" lat="20.9993572" lon="105.8709467" version="3" timestamp="2022-10-30T06:54:17Z" changeset="128234263" uid="11691953" user="ItsLouisAnderson">
    <tag k="crossing" v="uncontrolled" />
    <tag k="highway" v="crossing" />
  </node>
  <node id="6685192086" lat="21.0010256" lon="105.8725981" version="1" timestamp="2019-08-05T19:06:27Z" changeset="73037242" uid="9965337" user="ReedtheRiver" />
  <node id="6685192087" lat="21.0008560" lon="105.8728013" version="1" timestamp="2019-08-05T19:06:27Z" changeset="73037242" uid="9965337" user="ReedtheRiver" />
  <node id="6685192088" lat="21.0008891" lon="105.8724619" version="2" timestamp="2026-06-12T02:54:21Z" changeset="183996188" uid="18625884" user="xmap-vn" />
  <node id="6685192089" lat="21.0007269" lon="105.8726565" version="2" timestamp="2026-06-12T02:54:21Z" changeset="183996188" uid="18625884" user="xmap-vn" />
  <node id="6685532115" lat="20.9978383" lon="105.8661537" version="3" timestamp="2026-02-08T05:15:47Z" changeset="178252551" uid="11141338" user="FanaticAir75626" />
  <node id="7842197879" lat="20.9951355" lon="105.8675569" version="2" timestamp="2022-12-24T16:43:32Z" changeset="130462015" uid="11691953" user="ItsLouisAnderson" />
  <node id="7842197880" lat="20.9950453" lon="105.8673616" version="2" timestamp="2022-12-24T16:43:32Z" changeset="130462015" uid="11691953" user="ItsLouisAnderson" />
  <node id="7842197882" lat="20.9946442" lon="105.8673442" version="2" timestamp="2022-12-24T16:43:32Z" changeset="130462015" uid="11691953" user="ItsLouisAnderson" />
  <node id="7842197883" lat="20.9945638" lon="105.8673828" version="2" timestamp="2022-12-24T16:43:32Z" changeset="130462015" uid="11691953" user="ItsLouisAnderson" />
  <node id="7842197884" lat="20.9945079" lon="105.8675583" version="2" timestamp="2022-12-24T16:43:32Z" changeset="130462015" uid="11691953" user="ItsLouisAnderson" />
  <node id="7920620922" lat="20.9978008" lon="105.8663071" version="5" timestamp="2025-07-02T09:12:45Z" changeset="168388240" uid="3323343" user="phoenixsaigon1698" />
  <node id="7920620925" lat="20.9977119" lon="105.8663316" version="6" timestamp="2026-02-07T16:56:42Z" changeset="178236579" uid="22065819" user="Hung159" />
  <node id="8021076059" lat="21.0000262" lon="105.8695976" version="1" timestamp="2020-10-19T07:13:00Z" changeset="92686552" uid="11691953" user="ItsLouisAnderson" />
  <node id="8021076060" lat="21.0001129" lon="105.8698546" version="1" timestamp="2020-10-19T07:13:00Z" changeset="92686552" uid="11691953" user="ItsLouisAnderson" />
  <node id="8021076061" lat="20.9998998" lon="105.8699371" version="1" timestamp="2020-10-19T07:13:00Z" changeset="92686552" uid="11691953" user="ItsLouisAnderson" />
  <node id="8021076062" lat="20.9999514" lon="105.8700901" version="1" timestamp="2020-10-19T07:13:00Z" changeset="92686552" uid="11691953" user="ItsLouisAnderson" />
  <node id="8021076063" lat="21.0001616" lon="105.8700087" version="1" timestamp="2020-10-19T07:13:00Z" changeset="92686552" uid="11691953" user="ItsLouisAnderson" />
  <node id="8021076064" lat="21.0002461" lon="105.8702590" version="1" timestamp="2020-10-19T07:13:00Z" changeset="92686552" uid="11691953" user="ItsLouisAnderson" />
  <node id="8021076065" lat="21.0000033" lon="105.8703530" version="1" timestamp="2020-10-19T07:13:00Z" changeset="92686552" uid="11691953" user="ItsLouisAnderson" />
  <node id="8021076066" lat="20.9999934" lon="105.8703237" version="1" timestamp="2020-10-19T07:13:00Z" changeset="92686552" uid="11691953" user="ItsLouisAnderson" />
  <node id="8021076067" lat="20.9998176" lon="105.8703918" version="1" timestamp="2020-10-19T07:13:00Z" changeset="92686552" uid="11691953" user="ItsLouisAnderson" />
  <node id="8021076068" lat="20.9998275" lon="105.8704213" version="1" timestamp="2020-10-19T07:13:00Z" changeset="92686552" uid="11691953" user="ItsLouisAnderson" />
  <node id="8021076069" lat="20.9996238" lon="105.8705003" version="1" timestamp="2020-10-19T07:13:00Z" changeset="92686552" uid="11691953" user="ItsLouisAnderson" />
  <node id="8021076070" lat="20.9994008" lon="105.8698404" version="1" timestamp="2020-10-19T07:13:00Z" changeset="92686552" uid="11691953" user="ItsLouisAnderson" />
  <node id="8021076071" lat="20.9995946" lon="105.8697652" version="1" timestamp="2020-10-19T07:13:00Z" changeset="92686552" uid="11691953" user="ItsLouisAnderson" />
  <node id="8021076072" lat="20.9996067" lon="105.8698010" version="1" timestamp="2020-10-19T07:13:00Z" changeset="92686552" uid="11691953" user="ItsLouisAnderson" />
  <node id="8021076073" lat="20.9998096" lon="105.8697224" version="1" timestamp="2020-10-19T07:13:00Z" changeset="92686552" uid="11691953" user="ItsLouisAnderson" />
  <node id="8021076074" lat="20.9997974" lon="105.8696862" version="1" timestamp="2020-10-19T07:13:00Z" changeset="92686552" uid="11691953" user="ItsLouisAnderson" />
  <node id="8021076075" lat="20.9995416" lon="105.8702568" version="1" timestamp="2020-10-19T07:13:00Z" changeset="92686552" uid="11691953" user="ItsLouisAnderson" />
  <node id="8021076078" lat="20.9994893" lon="105.8701021" version="1" timestamp="2020-10-19T07:13:00Z" changeset="92686552" uid="11691953" user="ItsLouisAnderson" />
  <node id="8021076079" lat="21.0007834" lon="105.8693204" version="1" timestamp="2020-10-19T07:13:00Z" changeset="92686552" uid="11691953" user="ItsLouisAnderson" />
  <node id="8021076080" lat="21.0008470" lon="105.8694997" version="1" timestamp="2020-10-19T07:13:00Z" changeset="92686552" uid="11691953" user="ItsLouisAnderson" />
  <node id="8021076081" lat="21.0006850" lon="105.8695658" version="1" timestamp="2020-10-19T07:13:00Z" changeset="92686552" uid="11691953" user="ItsLouisAnderson" />
  <node id="8021076082" lat="21.0007764" lon="105.8698230" version="1" timestamp="2020-10-19T07:13:00Z" changeset="92686552" uid="11691953" user="ItsLouisAnderson" />
  <node id="8021076083" lat="21.0009406" lon="105.8697561" version="1" timestamp="2020-10-19T07:13:00Z" changeset="92686552" uid="11691953" user="ItsLouisAnderson" />
  <node id="8021076084" lat="21.0010042" lon="105.8699349" version="1" timestamp="2020-10-19T07:13:00Z" changeset="92686552" uid="11691953" user="ItsLouisAnderson" />
  <node id="8021076085" lat="21.0004786" lon="105.8701495" version="1" timestamp="2020-10-19T07:13:00Z" changeset="92686552" uid="11691953" user="ItsLouisAnderson" />
  <node id="8021076086" lat="21.0004227" lon="105.8699924" version="1" timestamp="2020-10-19T07:13:00Z" changeset="92686552" uid="11691953" user="ItsLouisAnderson" />
  <node id="8021076087" lat="21.0005894" lon="105.8699244" version="1" timestamp="2020-10-19T07:13:00Z" changeset="92686552" uid="11691953" user="ItsLouisAnderson" />
  <node id="8021076088" lat="21.0004898" lon="105.8696440" version="1" timestamp="2020-10-19T07:13:00Z" changeset="92686552" uid="11691953" user="ItsLouisAnderson" />
  <node id="8021076089" lat="21.0003119" lon="105.8697165" version="1" timestamp="2020-10-19T07:13:00Z" changeset="92686552" uid="11691953" user="ItsLouisAnderson" />
  <node id="8021076090" lat="21.0002486" lon="105.8695384" version="1" timestamp="2020-10-19T07:13:00Z" changeset="92686552" uid="11691953" user="ItsLouisAnderson" />
  <node id="8265788857" lat="20.9977362" lon="105.8658786" version="2" timestamp="2025-02-25T14:14:19Z" changeset="162934157" uid="11196308" user="vietnam321" />
  <node id="8265788858" lat="20.9983268" lon="105.8656351" version="2" timestamp="2025-02-25T14:14:19Z" changeset="162934157" uid="11196308" user="vietnam321" />
  <node id="8265788859" lat="20.9972533" lon="105.8693981" version="2" timestamp="2024-07-12T06:05:36Z" changeset="153838834" uid="3323343" user="phoenixsaigon1698" />
  <node id="8265788860" lat="20.9969451" lon="105.8694043" version="2" timestamp="2024-07-12T06:05:36Z" changeset="153838834" uid="3323343" user="phoenixsaigon1698" />
  <node id="8265788861" lat="20.9974123" lon="105.8693922" version="2" timestamp="2024-07-12T06:05:36Z" changeset="153838834" uid="3323343" user="phoenixsaigon1698" />
  <node id="8265788862" lat="20.9978508" lon="105.8691460" version="1" timestamp="2020-12-28T05:04:40Z" changeset="96509192" uid="8955765" user="thevivotran" />
  <node id="8265788863" lat="20.9976577" lon="105.8686615" version="1" timestamp="2020-12-28T05:04:40Z" changeset="96509192" uid="8955765" user="thevivotran" />
  <node id="8265788864" lat="20.9975844" lon="105.8686935" version="1" timestamp="2020-12-28T05:04:40Z" changeset="96509192" uid="8955765" user="thevivotran" />
  <node id="8265788865" lat="20.9970761" lon="105.8689316" version="1" timestamp="2020-12-28T05:04:40Z" changeset="96509192" uid="8955765" user="thevivotran" />
  <node id="8265788866" lat="20.9969346" lon="105.8690912" version="1" timestamp="2020-12-28T05:04:40Z" changeset="96509192" uid="8955765" user="thevivotran" />
  <node id="8265788867" lat="20.9969375" lon="105.8703111" version="3" timestamp="2024-07-12T06:05:36Z" changeset="153838834" uid="3323343" user="phoenixsaigon1698" />
  <node id="8265788868" lat="20.9974184" lon="105.8703241" version="2" timestamp="2024-07-12T06:05:36Z" changeset="153838834" uid="3323343" user="phoenixsaigon1698" />
  <node id="8265788870" lat="20.9948241" lon="105.8706371" version="3" timestamp="2026-05-10T08:56:38Z" changeset="182455948" uid="23326231" user="Vmosnokia31" />
  <node id="8265788871" lat="20.9949135" lon="105.8705833" version="3" timestamp="2026-05-10T08:56:38Z" changeset="182455948" uid="23326231" user="Vmosnokia31" />
  <node id="8265788873" lat="20.9947392" lon="105.8706777" version="2" timestamp="2026-05-10T08:56:38Z" changeset="182455948" uid="23326231" user="Vmosnokia31" />
  <node id="8265788874" lat="20.9961613" lon="105.8703645" version="3" timestamp="2026-05-10T08:56:38Z" changeset="182455948" uid="23326231" user="Vmosnokia31" />
  <node id="8265788875" lat="20.9947496" lon="105.8704329" version="2" timestamp="2024-05-03T09:43:21Z" changeset="150827793" uid="3323343" user="phoenixsaigon1698" />
  <node id="8265788878" lat="20.9953482" lon="105.8703974" version="1" timestamp="2020-12-28T05:04:40Z" changeset="96509192" uid="8955765" user="thevivotran" />
  <node id="8265788879" lat="20.9953833" lon="105.8710921" version="1" timestamp="2020-12-28T05:04:40Z" changeset="96509192" uid="8955765" user="thevivotran" />
  <node id="8265788880" lat="20.9954420" lon="105.8713274" version="3" timestamp="2026-05-10T08:56:38Z" changeset="182455948" uid="23326231" user="Vmosnokia31" />
  <node id="8265788881" lat="20.9957958" lon="105.8716508" version="1" timestamp="2020-12-28T05:04:40Z" changeset="96509192" uid="8955765" user="thevivotran" />
  <node id="8265788894" lat="20.9973516" lon="105.8723741" version="2" timestamp="2026-06-08T04:32:24Z" changeset="183807915" uid="23326231" user="Vmosnokia31" />
  <node id="8265788896" lat="20.9975478" lon="105.8723570" version="2" timestamp="2024-08-05T02:22:55Z" changeset="154834407" uid="21213273" user="openmap-vn" />
  <node id="8265788905" lat="20.9970748" lon="105.8718972" version="2" timestamp="2026-06-08T04:32:24Z" changeset="183807915" uid="23326231" user="Vmosnokia31" />
  <node id="8265788916" lat="20.9982410" lon="105.8728259" version="3" timestamp="2026-06-08T04:32:24Z" changeset="183807915" uid="23326231" user="Vmosnokia31" />
  <node id="8265788917" lat="20.9980948" lon="105.8726250" version="2" timestamp="2026-06-08T04:32:24Z" changeset="183807915" uid="23326231" user="Vmosnokia31" />
  <node id="8265788918" lat="20.9982007" lon="105.8725371" version="2" timestamp="2026-06-08T04:32:24Z" changeset="183807915" uid="23326231" user="Vmosnokia31" />
  <node id="8265788919" lat="20.9980984" lon="105.8724193" version="2" timestamp="2026-06-08T04:32:24Z" changeset="183807915" uid="23326231" user="Vmosnokia31" />
  <node id="8265788920" lat="20.9978486" lon="105.8718163" version="1" timestamp="2020-12-28T05:04:40Z" changeset="96509192" uid="8955765" user="thevivotran" />
  <node id="8265788921" lat="20.9976576" lon="105.8716162" version="2" timestamp="2024-07-12T06:05:36Z" changeset="153838834" uid="3323343" user="phoenixsaigon1698" />
  <node id="8265788922" lat="20.9982073" lon="105.8723891" version="3" timestamp="2026-08-04T05:26:56Z" changeset="186902967" uid="20910140" user="Hung Tran 9x0">
    <tag k="noexit" v="yes" />
  </node>
  <node id="8265788923" lat="20.9985226" lon="105.8721581" version="2" timestamp="2026-06-08T04:32:24Z" changeset="183807915" uid="23326231" user="Vmosnokia31" />
  <node id="8265788924" lat="20.9984583" lon="105.8720497" version="2" timestamp="2026-06-08T04:32:24Z" changeset="183807915" uid="23326231" user="Vmosnokia31" />
  <node id="8265788925" lat="20.9986565" lon="105.8719072" version="2" timestamp="2026-06-08T04:32:24Z" changeset="183807915" uid="23326231" user="Vmosnokia31" />
  <node id="8265788926" lat="20.9987914" lon="105.8718860" version="2" timestamp="2026-06-08T04:32:24Z" changeset="183807915" uid="23326231" user="Vmosnokia31" />
  <node id="8265788927" lat="20.9988439" lon="105.8720067" version="2" timestamp="2026-06-08T04:32:24Z" changeset="183807915" uid="23326231" user="Vmosnokia31" />
  <node id="8265788928" lat="20.9992718" lon="105.8717791" version="2" timestamp="2026-06-08T04:32:24Z" changeset="183807915" uid="23326231" user="Vmosnokia31" />
  <node id="8265788929" lat="20.9992452" lon="105.8715741" version="2" timestamp="2026-06-08T04:32:24Z" changeset="183807915" uid="23326231" user="Vmosnokia31" />
  <node id="8265788930" lat="20.9994663" lon="105.8714350" version="2" timestamp="2026-06-08T04:32:24Z" changeset="183807915" uid="23326231" user="Vmosnokia31" />
  <node id="8265788932" lat="20.9990505" lon="105.8722883" version="1" timestamp="2020-12-28T05:04:40Z" changeset="96509192" uid="8955765" user="thevivotran" />
  <node id="8265788933" lat="20.9997817" lon="105.8724815" version="2" timestamp="2026-06-08T04:32:24Z" changeset="183807915" uid="23326231" user="Vmosnokia31">
    <tag k="highway" v="crossing" />
  </node>
  <node id="8265788934" lat="20.9995689" lon="105.8717318" version="2" timestamp="2021-01-20T12:33:04Z" changeset="97837833" uid="11516268" user="ravali_123" />
  <node id="8265788935" lat="20.9993501" lon="105.8711589" version="2" timestamp="2026-06-08T04:32:24Z" changeset="183807915" uid="23326231" user="Vmosnokia31" />
  <node id="8265789248" lat="20.9989394" lon="105.8673654" version="4" timestamp="2024-01-04T02:52:58Z" changeset="145861908" uid="18820325" user="Grab_Cong">
    <tag k="noexit" v="yes" />
  </node>
  <node id="8265789249" lat="20.9989222" lon="105.8672955" version="3" timestamp="2026-02-08T05:15:47Z" changeset="178252551" uid="11141338" user="FanaticAir75626" />
  <node id="8265789250" lat="20.9989754" lon="105.8677095" version="4" timestamp="2024-01-04T02:52:58Z" changeset="145861908" uid="18820325" user="Grab_Cong" />
  <node id="8265789251" lat="20.9996258" lon="105.8675357" version="2" timestamp="2024-01-04T03:00:42Z" changeset="145862055" uid="18820325" user="Grab_Cong" />
  <node id="8265789252" lat="20.9996936" lon="105.8675068" version="2" timestamp="2024-01-04T03:00:42Z" changeset="145862055" uid="18820325" user="Grab_Cong" />
  <node id="8265789253" lat="20.9996175" lon="105.8673323" version="2" timestamp="2024-01-04T03:00:42Z" changeset="145862055" uid="18820325" user="Grab_Cong" />
  <node id="8265789254" lat="20.9996969" lon="105.8672953" version="2" timestamp="2024-01-04T03:00:42Z" changeset="145862055" uid="18820325" user="Grab_Cong" />
  <node id="8265789257" lat="21.0003905" lon="105.8665623" version="2" timestamp="2022-04-22T07:38:38Z" changeset="120034225" uid="13749044" user="GrabVN_Ánh Linh Lê" />
  <node id="8265789258" lat="21.0002411" lon="105.8666102" version="3" timestamp="2024-01-04T03:00:42Z" changeset="145862055" uid="18820325" user="Grab_Cong" />
  <node id="8265789259" lat="21.0002455" lon="105.8668798" version="2" timestamp="2022-04-22T07:38:38Z" changeset="120034225" uid="13749044" user="GrabVN_Ánh Linh Lê" />
  <node id="8265789263" lat="20.9999653" lon="105.8670198" version="3" timestamp="2024-01-04T03:00:42Z" changeset="145862055" uid="18820325" user="Grab_Cong" />
  <node id="8265789264" lat="21.0001080" lon="105.8674626" version="2" timestamp="2022-04-22T07:38:38Z" changeset="120034225" uid="13749044" user="GrabVN_Ánh Linh Lê" />
  <node id="8265789265" lat="20.9994343" lon="105.8674668" version="2" timestamp="2024-01-04T02:52:58Z" changeset="145861908" uid="18820325" user="Grab_Cong" />
  <node id="8265789266" lat="20.9993978" lon="105.8675864" version="2" timestamp="2024-01-04T02:52:58Z" changeset="145861908" uid="18820325" user="Grab_Cong" />
  <node id="8265789267" lat="20.9994131" lon="105.8676258" version="2" timestamp="2024-01-04T02:52:58Z" changeset="145861908" uid="18820325" user="Grab_Cong" />
  <node id="8265789268" lat="20.9992833" lon="105.8676873" version="2" timestamp="2024-01-04T02:52:58Z" changeset="145861908" uid="18820325" user="Grab_Cong" />
  <node id="8265789269" lat="20.9991565" lon="105.8681194" version="2" timestamp="2021-05-27T15:51:04Z" changeset="105435981" uid="11659169" user="nagam_123" />
  <node id="8265789270" lat="20.9989068" lon="105.8678427" version="4" timestamp="2024-01-04T02:52:58Z" changeset="145861908" uid="18820325" user="Grab_Cong" />
  <node id="8265789271" lat="21.0003701" lon="105.8674631" version="2" timestamp="2021-01-20T12:49:42Z" changeset="97838685" uid="11516268" user="ravali_123" />
  <node id="8265789272" lat="21.0003652" lon="105.8673316" version="1" timestamp="2020-12-28T05:04:40Z" changeset="96509192" uid="8955765" user="thevivotran" />
  <node id="8265789273" lat="20.9996950" lon="105.8676853" version="2" timestamp="2024-01-04T03:00:42Z" changeset="145862055" uid="18820325" user="Grab_Cong" />
  <node id="8265789274" lat="20.9996978" lon="105.8677500" version="2" timestamp="2021-01-20T12:49:06Z" changeset="97838657" uid="11516268" user="ravali_123" />
  <node id="8265789275" lat="20.9995140" lon="105.8678399" version="2" timestamp="2021-01-20T12:49:06Z" changeset="97838657" uid="11516268" user="ravali_123" />
  <node id="8265789276" lat="20.9995264" lon="105.8679887" version="2" timestamp="2021-01-20T12:49:06Z" changeset="97838657" uid="11516268" user="ravali_123" />
  <node id="8265789277" lat="20.9990188" lon="105.8681104" version="3" timestamp="2024-01-04T02:52:58Z" changeset="145861908" uid="18820325" user="Grab_Cong" />
  <node id="8265789278" lat="20.9989240" lon="105.8678865" version="3" timestamp="2024-01-04T02:52:58Z" changeset="145861908" uid="18820325" user="Grab_Cong" />
  <node id="8265789279" lat="20.9989006" lon="105.8678256" version="4" timestamp="2025-08-02T05:33:19Z" changeset="169845514" uid="20910140" user="Hung Tran 9x0" />
  <node id="8265789280" lat="20.9985008" lon="105.8679909" version="3" timestamp="2022-07-13T16:20:40Z" changeset="123572540" uid="11691953" user="ItsLouisAnderson" />
  <node id="8265789281" lat="20.9994220" lon="105.8697312" version="2" timestamp="2024-11-13T05:36:39Z" changeset="159076498" uid="3323343" user="phoenixsaigon1698" />
  <node id="8265789282" lat="20.9989545" lon="105.8684335" version="2" timestamp="2024-11-13T05:36:39Z" changeset="159076498" uid="3323343" user="phoenixsaigon1698" />
  <node id="8265789283" lat="20.9986918" lon="105.8685372" version="3" timestamp="2022-07-13T16:20:40Z" changeset="123572540" uid="11691953" user="ItsLouisAnderson" />
  <node id="8265789343" lat="21.0000271" lon="105.8678493" version="1" timestamp="2020-12-28T05:04:40Z" changeset="96509192" uid="8955765" user="thevivotran" />
  <node id="8265789344" lat="21.0003927" lon="105.8689946" version="1" timestamp="2020-12-28T05:04:40Z" changeset="96509192" uid="8955765" user="thevivotran" />
  <node id="8265789345" lat="21.0003551" lon="105.8691153" version="1" timestamp="2020-12-28T05:04:40Z" changeset="96509192" uid="8955765" user="thevivotran" />
  <node id="8265789346" lat="21.0004116" lon="105.8693432" version="2" timestamp="2024-06-30T01:40:38Z" changeset="153352705" uid="3323343" user="phoenixsaigon1698" />
  <node id="8265789347" lat="21.0003426" lon="105.8677152" version="1" timestamp="2020-12-28T05:04:40Z" changeset="96509192" uid="8955765" user="thevivotran" />
  <node id="8333865840" lat="20.9957640" lon="105.8710512" version="3" timestamp="2026-05-10T08:56:38Z" changeset="182455948" uid="23326231" user="Vmosnokia31" />
  <node id="8333865842" lat="20.9957423" lon="105.8703982" version="3" timestamp="2026-05-10T08:56:38Z" changeset="182455948" uid="23326231" user="Vmosnokia31" />
  <node id="8341987621" lat="20.9988055" lon="105.8678660" version="3" timestamp="2025-08-02T05:33:19Z" changeset="169845514" uid="20910140" user="Hung Tran 9x0" />
  <node id="8341987624" lat="20.9990739" lon="105.8681426" version="2" timestamp="2024-01-04T02:52:58Z" changeset="145861908" uid="18820325" user="Grab_Cong" />
  <node id="8341987625" lat="20.9990418" lon="105.8681292" version="2" timestamp="2024-01-04T02:52:58Z" changeset="145861908" uid="18820325" user="Grab_Cong" />
  <node id="8341987627" lat="20.9995366" lon="105.8679811" version="1" timestamp="2021-01-20T12:49:06Z" changeset="97838657" uid="11516268" user="ravali_123" />
  <node id="8341987628" lat="20.9995432" lon="105.8679707" version="1" timestamp="2021-01-20T12:49:06Z" changeset="97838657" uid="11516268" user="ravali_123" />
  <node id="8341987629" lat="20.9995457" lon="105.8679539" version="1" timestamp="2021-01-20T12:49:06Z" changeset="97838657" uid="11516268" user="ravali_123" />
  <node id="8341987630" lat="20.9995157" lon="105.8678490" version="1" timestamp="2021-01-20T12:49:06Z" changeset="97838657" uid="11516268" user="ravali_123" />
  <node id="8341987631" lat="20.9995158" lon="105.8678320" version="1" timestamp="2021-01-20T12:49:06Z" changeset="97838657" uid="11516268" user="ravali_123" />
  <node id="8341987632" lat="20.9995204" lon="105.8678252" version="1" timestamp="2021-01-20T12:49:06Z" changeset="97838657" uid="11516268" user="ravali_123" />
  <node id="8341987633" lat="20.9995269" lon="105.8678184" version="1" timestamp="2021-01-20T12:49:06Z" changeset="97838657" uid="11516268" user="ravali_123" />
  <node id="8341987634" lat="20.9997047" lon="105.8677457" version="1" timestamp="2021-01-20T12:49:06Z" changeset="97838657" uid="11516268" user="ravali_123" />
  <node id="8341987635" lat="20.9997104" lon="105.8677383" version="1" timestamp="2021-01-20T12:49:06Z" changeset="97838657" uid="11516268" user="ravali_123" />
  <node id="8341987636" lat="20.9997147" lon="105.8677246" version="1" timestamp="2021-01-20T12:49:06Z" changeset="97838657" uid="11516268" user="ravali_123" />
  <node id="8342022369" lat="21.0011105" lon="105.8684334" version="2" timestamp="2024-06-30T01:40:38Z" changeset="153352705" uid="3323343" user="phoenixsaigon1698" />
  <node id="8486580923" lat="20.9972560" lon="105.8655679" version="4" timestamp="2022-12-24T16:43:32Z" changeset="130462015" uid="11691953" user="ItsLouisAnderson">
    <tag k="crossing" v="traffic_signals" />
    <tag k="highway" v="traffic_signals" />
    <tag k="traffic_signals" v="traffic_lights" />
    <tag k="traffic_signals:countdown" v="yes" />
    <tag k="traffic_signals:direction" v="forward" />
  </node>
  <node id="8486580924" lat="20.9976448" lon="105.8656300" version="3" timestamp="2022-10-29T13:21:50Z" changeset="128211214" uid="11691953" user="ItsLouisAnderson">
    <tag k="crossing" v="traffic_signals" />
    <tag k="highway" v="traffic_signals" />
    <tag k="traffic_signals" v="traffic_lights" />
    <tag k="traffic_signals:countdown" v="yes" />
    <tag k="traffic_signals:direction" v="forward" />
  </node>
  <node id="8582191779" lat="20.9974407" lon="105.8679106" version="1" timestamp="2021-04-01T08:49:20Z" changeset="102108994" uid="11691953" user="ItsLouisAnderson" />
  <node id="8582191780" lat="20.9974558" lon="105.8679331" version="1" timestamp="2021-04-01T08:49:20Z" changeset="102108994" uid="11691953" user="ItsLouisAnderson" />
  <node id="8582191781" lat="20.9974578" lon="105.8681938" version="1" timestamp="2021-04-01T08:49:20Z" changeset="102108994" uid="11691953" user="ItsLouisAnderson" />
  <node id="8582191782" lat="20.9973949" lon="105.8682683" version="1" timestamp="2021-04-01T08:49:20Z" changeset="102108994" uid="11691953" user="ItsLouisAnderson" />
  <node id="8582191794" lat="20.9973923" lon="105.8679111" version="1" timestamp="2021-04-01T08:49:20Z" changeset="102108994" uid="11691953" user="ItsLouisAnderson" />
  <node id="8582191795" lat="20.9973919" lon="105.8678737" version="1" timestamp="2021-04-01T08:49:20Z" changeset="102108994" uid="11691953" user="ItsLouisAnderson" />
  <node id="8582191796" lat="20.9971810" lon="105.8678759" version="1" timestamp="2021-04-01T08:49:20Z" changeset="102108994" uid="11691953" user="ItsLouisAnderson" />
  <node id="8582191797" lat="20.9969986" lon="105.8680996" version="1" timestamp="2021-04-01T08:49:20Z" changeset="102108994" uid="11691953" user="ItsLouisAnderson" />
  <node id="8582191798" lat="20.9969995" lon="105.8686621" version="1" timestamp="2021-04-01T08:49:20Z" changeset="102108994" uid="11691953" user="ItsLouisAnderson" />
  <node id="8582191799" lat="20.9972471" lon="105.8686616" version="1" timestamp="2021-04-01T08:49:20Z" changeset="102108994" uid="11691953" user="ItsLouisAnderson" />
  <node id="8582191800" lat="20.9973938" lon="105.8685286" version="1" timestamp="2021-04-01T08:49:20Z" changeset="102108994" uid="11691953" user="ItsLouisAnderson" />
  <node id="8715257020" lat="20.9990392" lon="105.8676802" version="4" timestamp="2024-01-04T02:52:58Z" changeset="145861908" uid="18820325" user="Grab_Cong" />
  <node id="8831237457" lat="21.0000615" lon="105.8660107" version="2" timestamp="2026-02-08T05:15:47Z" changeset="178252551" uid="11141338" user="FanaticAir75626" />
  <node id="8831277537" lat="21.0010250" lon="105.8686218" version="1" timestamp="2021-06-14T07:46:21Z" changeset="106317564" uid="11519196" user="span_1" />
  <node id="8831277538" lat="21.0010049" lon="105.8685775" version="1" timestamp="2021-06-14T07:46:21Z" changeset="106317564" uid="11519196" user="span_1" />
  <node id="8833066255" lat="20.9978317" lon="105.8694157" version="1" timestamp="2021-06-14T17:27:41Z" changeset="106350392" uid="11691953" user="ItsLouisAnderson" />
  <node id="8833066256" lat="20.9976285" lon="105.8695075" version="1" timestamp="2021-06-14T17:27:41Z" changeset="106350392" uid="11691953" user="ItsLouisAnderson" />
  <node id="8833066257" lat="20.9977946" lon="105.8699291" version="1" timestamp="2021-06-14T17:27:41Z" changeset="106350392" uid="11691953" user="ItsLouisAnderson" />
  <node id="8833066258" lat="20.9978657" lon="105.8698970" version="1" timestamp="2021-06-14T17:27:41Z" changeset="106350392" uid="11691953" user="ItsLouisAnderson" />
  <node id="8833066259" lat="20.9978829" lon="105.8699407" version="1" timestamp="2021-06-14T17:27:41Z" changeset="106350392" uid="11691953" user="ItsLouisAnderson" />
  <node id="8833066260" lat="20.9980149" lon="105.8698811" version="1" timestamp="2021-06-14T17:27:41Z" changeset="106350392" uid="11691953" user="ItsLouisAnderson" />
  <node id="8833066261" lat="20.9980817" lon="105.8698703" version="1" timestamp="2021-06-14T17:27:41Z" changeset="106350392" uid="11691953" user="ItsLouisAnderson" />
  <node id="8833066262" lat="20.9984275" lon="105.8697188" version="1" timestamp="2021-06-14T17:27:41Z" changeset="106350392" uid="11691953" user="ItsLouisAnderson" />
  <node id="8833066263" lat="20.9984956" lon="105.8698968" version="1" timestamp="2021-06-14T17:27:41Z" changeset="106350392" uid="11691953" user="ItsLouisAnderson" />
  <node id="8833066264" lat="20.9983404" lon="105.8699648" version="1" timestamp="2021-06-14T17:27:41Z" changeset="106350392" uid="11691953" user="ItsLouisAnderson" />
  <node id="8833066265" lat="20.9983216" lon="105.8699158" version="1" timestamp="2021-06-14T17:27:41Z" changeset="106350392" uid="11691953" user="ItsLouisAnderson" />
  <node id="8833066266" lat="20.9981309" lon="105.8699993" version="1" timestamp="2021-06-14T17:27:41Z" changeset="106350392" uid="11691953" user="ItsLouisAnderson" />
  <node id="8833066267" lat="20.9980850" lon="105.8700515" version="1" timestamp="2021-06-14T17:27:41Z" changeset="106350392" uid="11691953" user="ItsLouisAnderson" />
  <node id="8833066268" lat="20.9984522" lon="105.8696380" version="1" timestamp="2021-06-14T17:27:41Z" changeset="106350392" uid="11691953" user="ItsLouisAnderson" />
  <node id="8833066269" lat="20.9985398" lon="105.8699396" version="1" timestamp="2021-06-14T17:27:41Z" changeset="106350392" uid="11691953" user="ItsLouisAnderson" />
  <node id="8833066270" lat="20.9985297" lon="105.8699829" version="1" timestamp="2021-06-14T17:27:41Z" changeset="106350392" uid="11691953" user="ItsLouisAnderson" />
  <node id="8833066271" lat="20.9984944" lon="105.8700100" version="1" timestamp="2021-06-14T17:27:41Z" changeset="106350392" uid="11691953" user="ItsLouisAnderson" />
  <node id="8833066272" lat="20.9984017" lon="105.8700461" version="1" timestamp="2021-06-14T17:27:41Z" changeset="106350392" uid="11691953" user="ItsLouisAnderson" />
  <node id="8833066273" lat="20.9977700" lon="105.8700569" version="1" timestamp="2021-06-14T17:27:41Z" changeset="106350392" uid="11691953" user="ItsLouisAnderson" />
  <node id="8833066274" lat="20.9975645" lon="105.8695228" version="1" timestamp="2021-06-14T17:27:41Z" changeset="106350392" uid="11691953" user="ItsLouisAnderson" />
  <node id="8833066275" lat="20.9980815" lon="105.8711269" version="1" timestamp="2021-06-14T17:27:41Z" changeset="106350392" uid="11691953" user="ItsLouisAnderson" />
  <node id="8833066276" lat="20.9972326" lon="105.8711312" version="1" timestamp="2021-06-14T17:27:41Z" changeset="106350392" uid="11691953" user="ItsLouisAnderson" />
  <node id="8833066277" lat="20.9972335" lon="105.8713284" version="1" timestamp="2021-06-14T17:27:41Z" changeset="106350392" uid="11691953" user="ItsLouisAnderson" />
  <node id="8833066278" lat="20.9972945" lon="105.8713281" version="1" timestamp="2021-06-14T17:27:41Z" changeset="106350392" uid="11691953" user="ItsLouisAnderson" />
  <node id="8833066279" lat="20.9972948" lon="105.8713916" version="1" timestamp="2021-06-14T17:27:41Z" changeset="106350392" uid="11691953" user="ItsLouisAnderson" />
  <node id="8833066280" lat="20.9980305" lon="105.8713876" version="1" timestamp="2021-06-14T17:27:41Z" changeset="106350392" uid="11691953" user="ItsLouisAnderson" />
  <node id="8833066281" lat="20.9980302" lon="105.8713235" version="1" timestamp="2021-06-14T17:27:41Z" changeset="106350392" uid="11691953" user="ItsLouisAnderson" />
  <node id="8833066282" lat="20.9980824" lon="105.8713233" version="1" timestamp="2021-06-14T17:27:41Z" changeset="106350392" uid="11691953" user="ItsLouisAnderson" />
  <node id="8912930358" lat="20.9957906" lon="105.8657647" version="1" timestamp="2021-07-12T06:44:46Z" changeset="107814813" uid="11196308" user="vietnam321" />
  <node id="8912930360" lat="20.9959604" lon="105.8655941" version="1" timestamp="2021-07-12T06:44:46Z" changeset="107814813" uid="11196308" user="vietnam321" />
  <node id="8912930361" lat="20.9955915" lon="105.8655806" version="1" timestamp="2021-07-12T06:44:46Z" changeset="107814813" uid="11196308" user="vietnam321" />
  <node id="8912930364" lat="20.9952925" lon="105.8657905" version="1" timestamp="2021-07-12T06:44:46Z" changeset="107814813" uid="11196308" user="vietnam321" />
  <node id="8912930365" lat="20.9957910" lon="105.8655803" version="1" timestamp="2021-07-12T06:44:46Z" changeset="107814813" uid="11196308" user="vietnam321" />
  <node id="8912930366" lat="20.9958798" lon="105.8653292" version="1" timestamp="2021-07-12T06:44:46Z" changeset="107814813" uid="11196308" user="vietnam321" />
  <node id="8912930367" lat="20.9970003" lon="105.8653819" version="1" timestamp="2021-07-12T06:44:46Z" changeset="107814813" uid="11196308" user="vietnam321" />
  <node id="8912930368" lat="20.9955346" lon="105.8657292" version="1" timestamp="2021-07-12T06:44:46Z" changeset="107814813" uid="11196308" user="vietnam321" />
  <node id="8912930369" lat="20.9957906" lon="105.8656637" version="1" timestamp="2021-07-12T06:44:46Z" changeset="107814813" uid="11196308" user="vietnam321" />
  <node id="8912930370" lat="20.9954629" lon="105.8657919" version="1" timestamp="2021-07-12T06:44:46Z" changeset="107814813" uid="11196308" user="vietnam321" />
  <node id="8912930371" lat="20.9970549" lon="105.8651935" version="1" timestamp="2021-07-12T06:44:46Z" changeset="107814813" uid="11196308" user="vietnam321" />
  <node id="8912930374" lat="20.9961695" lon="105.8656318" version="1" timestamp="2021-07-12T06:44:46Z" changeset="107814813" uid="11196308" user="vietnam321" />
  <node id="8912930375" lat="20.9954613" lon="105.8654016" version="1" timestamp="2021-07-12T06:44:46Z" changeset="107814813" uid="11196308" user="vietnam321" />
  <node id="8912930376" lat="20.9970187" lon="105.8654262" version="1" timestamp="2021-07-12T06:44:46Z" changeset="107814813" uid="11196308" user="vietnam321" />
  <node id="8912930378" lat="20.9955807" lon="105.8657930" version="1" timestamp="2021-07-12T06:44:46Z" changeset="107814813" uid="11196308" user="vietnam321" />
  <node id="8912930382" lat="20.9960574" lon="105.8658818" version="1" timestamp="2021-07-12T06:44:46Z" changeset="107814813" uid="11196308" user="vietnam321" />
  <node id="8912930384" lat="20.9970168" lon="105.8652044" version="1" timestamp="2021-07-12T06:44:46Z" changeset="107814813" uid="11196308" user="vietnam321" />
  <node id="8912930387" lat="20.9960498" lon="105.8657931" version="2" timestamp="2026-04-25T18:41:38Z" changeset="181819167" uid="23326231" user="Vmosnokia31" />
  <node id="8912930390" lat="20.9970632" lon="105.8654432" version="1" timestamp="2021-07-12T06:44:46Z" changeset="107814813" uid="11196308" user="vietnam321" />
  <node id="8912930396" lat="20.9961438" lon="105.8657336" version="1" timestamp="2021-07-12T06:44:46Z" changeset="107814813" uid="11196308" user="vietnam321" />
  <node id="8912930399" lat="20.9969951" lon="105.8652453" version="1" timestamp="2021-07-12T06:44:46Z" changeset="107814813" uid="11196308" user="vietnam321" />
  <node id="8912930405" lat="20.9971130" lon="105.8654388" version="1" timestamp="2021-07-12T06:44:46Z" changeset="107814813" uid="11196308" user="vietnam321" />
  <node id="8912930410" lat="20.9959602" lon="105.8657647" version="1" timestamp="2021-07-12T06:44:46Z" changeset="107814813" uid="11196308" user="vietnam321" />
  <node id="8912930415" lat="20.9970070" lon="105.8653395" version="1" timestamp="2021-07-12T06:44:46Z" changeset="107814813" uid="11196308" user="vietnam321" />
  <node id="8912947920" lat="20.9955913" lon="105.8655329" version="1" timestamp="2021-07-12T06:44:46Z" changeset="107814813" uid="11196308" user="vietnam321" />
  <node id="8912947938" lat="20.9954600" lon="105.8653329" version="1" timestamp="2021-07-12T06:44:46Z" changeset="107814813" uid="11196308" user="vietnam321" />
  <node id="8912947941" lat="20.9955803" lon="105.8657290" version="1" timestamp="2021-07-12T06:44:46Z" changeset="107814813" uid="11196308" user="vietnam321" />
  <node id="8912947944" lat="20.9960776" lon="105.8654253" version="1" timestamp="2021-07-12T06:44:46Z" changeset="107814813" uid="11196308" user="vietnam321" />
  <node id="8912947948" lat="20.9953799" lon="105.8657909" version="1" timestamp="2021-07-12T06:44:46Z" changeset="107814813" uid="11196308" user="vietnam321" />
  <node id="8912947950" lat="20.9954621" lon="105.8655868" version="1" timestamp="2021-07-12T06:44:46Z" changeset="107814813" uid="11196308" user="vietnam321" />
  <node id="8912947951" lat="20.9970410" lon="105.8654369" version="1" timestamp="2021-07-12T06:44:46Z" changeset="107814813" uid="11196308" user="vietnam321" />
  <node id="8912947953" lat="20.9961587" lon="105.8658744" version="1" timestamp="2021-07-12T06:44:46Z" changeset="107814813" uid="11196308" user="vietnam321" />
  <node id="8912947954" lat="20.9970033" lon="105.8652228" version="1" timestamp="2021-07-12T06:44:46Z" changeset="107814813" uid="11196308" user="vietnam321" />
  <node id="8912947955" lat="20.9959947" lon="105.8657948" version="1" timestamp="2021-07-12T06:44:46Z" changeset="107814813" uid="11196308" user="vietnam321" />
  <node id="8912947956" lat="20.9971062" lon="105.8654222" version="1" timestamp="2021-07-12T06:44:46Z" changeset="107814813" uid="11196308" user="vietnam321" />
  <node id="8912947957" lat="20.9959496" lon="105.8658755" version="1" timestamp="2021-07-12T06:44:46Z" changeset="107814813" uid="11196308" user="vietnam321" />
  <node id="8912947960" lat="20.9961834" lon="105.8657261" version="1" timestamp="2021-07-12T06:44:46Z" changeset="107814813" uid="11196308" user="vietnam321" />
  <node id="8912947961" lat="20.9955336" lon="105.8654012" version="1" timestamp="2021-07-12T06:44:46Z" changeset="107814813" uid="11196308" user="vietnam321" />
  <node id="8912947962" lat="20.9970205" lon="105.8653224" version="1" timestamp="2021-07-12T06:44:46Z" changeset="107814813" uid="11196308" user="vietnam321" />
  <node id="8912947964" lat="20.9953463" lon="105.8657908" version="1" timestamp="2021-07-12T06:44:46Z" changeset="107814813" uid="11196308" user="vietnam321" />
  <node id="8912947965" lat="20.9959602" lon="105.8656705" version="1" timestamp="2021-07-12T06:44:46Z" changeset="107814813" uid="11196308" user="vietnam321" />
  <node id="8912947966" lat="20.9971588" lon="105.8654122" version="1" timestamp="2021-07-12T06:44:46Z" changeset="107814813" uid="11196308" user="vietnam321" />
  <node id="8912947968" lat="20.9952936" lon="105.8655207" version="1" timestamp="2021-07-12T06:44:46Z" changeset="107814813" uid="11196308" user="vietnam321" />
  <node id="8912947971" lat="20.9969999" lon="105.8653621" version="1" timestamp="2021-07-12T06:44:46Z" changeset="107814813" uid="11196308" user="vietnam321" />
  <node id="8912947974" lat="20.9960949" lon="105.8655710" version="1" timestamp="2021-07-12T06:44:46Z" changeset="107814813" uid="11196308" user="vietnam321" />
  <node id="8912947977" lat="20.9970807" lon="105.8652053" version="1" timestamp="2021-07-12T06:44:46Z" changeset="107814813" uid="11196308" user="vietnam321" />
  <node id="8912947980" lat="20.9961367" lon="105.8654157" version="1" timestamp="2021-07-12T06:44:46Z" changeset="107814813" uid="11196308" user="vietnam321" />
  <node id="8912947982" lat="20.9970067" lon="105.8654073" version="1" timestamp="2021-07-12T06:44:46Z" changeset="107814813" uid="11196308" user="vietnam321" />
  <node id="8912947990" lat="20.9960382" lon="105.8656589" version="1" timestamp="2021-07-12T06:44:46Z" changeset="107814813" uid="11196308" user="vietnam321" />
  <node id="8912947992" lat="20.9970368" lon="105.8651921" version="1" timestamp="2021-07-12T06:44:46Z" changeset="107814813" uid="11196308" user="vietnam321" />
  <node id="8912948005" lat="20.9955343" lon="105.8656641" version="1" timestamp="2021-07-12T06:44:46Z" changeset="107814813" uid="11196308" user="vietnam321" />
  <node id="8912948008" lat="20.9953808" lon="105.8655861" version="1" timestamp="2021-07-12T06:44:46Z" changeset="107814813" uid="11196308" user="vietnam321" />
  <node id="8912948010" lat="20.9958804" lon="105.8653971" version="1" timestamp="2021-07-12T06:44:46Z" changeset="107814813" uid="11196308" user="vietnam321" />
  <node id="8912948013" lat="20.9955800" lon="105.8658709" version="1" timestamp="2021-07-12T06:44:46Z" changeset="107814813" uid="11196308" user="vietnam321" />
  <node id="8912948017" lat="20.9959605" lon="105.8655812" version="1" timestamp="2021-07-12T06:44:46Z" changeset="107814813" uid="11196308" user="vietnam321" />
  <node id="8912948021" lat="20.9953456" lon="105.8658687" version="1" timestamp="2021-07-12T06:44:46Z" changeset="107814813" uid="11196308" user="vietnam321" />
  <node id="8912948024" lat="20.9959929" lon="105.8656665" version="1" timestamp="2021-07-12T06:44:46Z" changeset="107814813" uid="11196308" user="vietnam321" />
  <node id="8912948025" lat="20.9955342" lon="105.8655332" version="1" timestamp="2021-07-12T06:44:46Z" changeset="107814813" uid="11196308" user="vietnam321" />
  <node id="8912948027" lat="20.9959503" lon="105.8657962" version="1" timestamp="2021-07-12T06:44:46Z" changeset="107814813" uid="11196308" user="vietnam321" />
  <node id="8912948028" lat="20.9953810" lon="105.8655211" version="1" timestamp="2021-07-12T06:44:46Z" changeset="107814813" uid="11196308" user="vietnam321" />
  <node id="9055631299" lat="20.9985644" lon="105.8689916" version="3" timestamp="2022-10-29T06:50:42Z" changeset="128198942" uid="11691953" user="ItsLouisAnderson" />
  <node id="9417211700" lat="21.0006443" lon="105.8714536" version="2" timestamp="2024-06-30T14:45:22Z" changeset="153372687" uid="3323343" user="phoenixsaigon1698" />
  <node id="9417211701" lat="21.0007645" lon="105.8713043" version="2" timestamp="2024-06-30T14:45:22Z" changeset="153372687" uid="3323343" user="phoenixsaigon1698" />
  <node id="9417211702" lat="21.0009442" lon="105.8711219" version="1" timestamp="2022-01-14T07:08:20Z" changeset="116135092" uid="13613834" user="GrabVN_Yen" />
  <node id="9417211703" lat="21.0010353" lon="105.8710231" version="1" timestamp="2022-01-14T07:08:20Z" changeset="116135092" uid="13613834" user="GrabVN_Yen" />
  <node id="9596673550" lat="20.9962119" lon="105.8715875" version="2" timestamp="2024-05-03T09:43:21Z" changeset="150827793" uid="3323343" user="phoenixsaigon1698" />
  <node id="9623596673" lat="20.9971174" lon="105.8667845" version="1" timestamp="2022-03-30T11:22:26Z" changeset="119111703" uid="14936291" user="vammu_22" />
  <node id="9623596674" lat="20.9971174" lon="105.8668864" version="1" timestamp="2022-03-30T11:22:26Z" changeset="119111703" uid="14936291" user="vammu_22" />
  <node id="9623596675" lat="20.9972801" lon="105.8668864" version="1" timestamp="2022-03-30T11:22:26Z" changeset="119111703" uid="14936291" user="vammu_22" />
  <node id="9623596676" lat="20.9972801" lon="105.8667845" version="1" timestamp="2022-03-30T11:22:26Z" changeset="119111703" uid="14936291" user="vammu_22" />
  <node id="9623596677" lat="20.9974096" lon="105.8664331" version="1" timestamp="2022-03-30T11:22:26Z" changeset="119111703" uid="14936291" user="vammu_22" />
  <node id="9623596678" lat="20.9972945" lon="105.8664304" version="1" timestamp="2022-03-30T11:22:26Z" changeset="119111703" uid="14936291" user="vammu_22" />
  <node id="9623596679" lat="20.9972952" lon="105.8663955" version="1" timestamp="2022-03-30T11:22:26Z" changeset="119111703" uid="14936291" user="vammu_22" />
  <node id="9623596680" lat="20.9974104" lon="105.8663982" version="1" timestamp="2022-03-30T11:22:26Z" changeset="119111703" uid="14936291" user="vammu_22" />
  <node id="9623596681" lat="20.9970272" lon="105.8664250" version="1" timestamp="2022-03-30T11:22:26Z" changeset="119111703" uid="14936291" user="vammu_22" />
  <node id="9623596682" lat="20.9970272" lon="105.8667523" version="1" timestamp="2022-03-30T11:22:26Z" changeset="119111703" uid="14936291" user="vammu_22" />
  <node id="9623596683" lat="20.9971549" lon="105.8667523" version="1" timestamp="2022-03-30T11:22:26Z" changeset="119111703" uid="14936291" user="vammu_22" />
  <node id="9623596684" lat="20.9971549" lon="105.8664250" version="1" timestamp="2022-03-30T11:22:26Z" changeset="119111703" uid="14936291" user="vammu_22" />
  <node id="9623626941" lat="21.0009997" lon="105.8702384" version="1" timestamp="2022-03-30T11:25:50Z" changeset="119111857" uid="14936291" user="vammu_22" />
  <node id="9623626942" lat="21.0005752" lon="105.8704047" version="1" timestamp="2022-03-30T11:25:50Z" changeset="119111857" uid="14936291" user="vammu_22" />
  <node id="9623626943" lat="21.0005242" lon="105.8702552" version="1" timestamp="2022-03-30T11:25:50Z" changeset="119111857" uid="14936291" user="vammu_22" />
  <node id="9623626944" lat="21.0009486" lon="105.8700889" version="1" timestamp="2022-03-30T11:25:50Z" changeset="119111857" uid="14936291" user="vammu_22" />
  <node id="9623626945" lat="21.0000995" lon="105.8705107" version="1" timestamp="2022-03-30T11:25:50Z" changeset="119111857" uid="14936291" user="vammu_22" />
  <node id="9623626946" lat="21.0000154" lon="105.8704748" version="1" timestamp="2022-03-30T11:25:50Z" changeset="119111857" uid="14936291" user="vammu_22" />
  <node id="9623626947" lat="21.0000779" lon="105.8706483" version="1" timestamp="2022-03-30T11:25:50Z" changeset="119111857" uid="14936291" user="vammu_22" />
  <node id="9623626948" lat="21.0001398" lon="105.8706227" version="1" timestamp="2022-03-30T11:25:50Z" changeset="119111857" uid="14936291" user="vammu_22" />
  <node id="9623626949" lat="21.0003462" lon="105.8704078" version="1" timestamp="2022-03-30T11:25:50Z" changeset="119111857" uid="14936291" user="vammu_22" />
  <node id="9623626950" lat="21.0003238" lon="105.8703464" version="1" timestamp="2022-03-30T11:25:50Z" changeset="119111857" uid="14936291" user="vammu_22" />
  <node id="9623626951" lat="21.0005058" lon="105.8690094" version="1" timestamp="2022-03-30T11:25:50Z" changeset="119111857" uid="14936291" user="vammu_22" />
  <node id="9623626952" lat="21.0005621" lon="105.8691877" version="1" timestamp="2022-03-30T11:25:50Z" changeset="119111857" uid="14936291" user="vammu_22" />
  <node id="9623626953" lat="21.0005955" lon="105.8691756" version="1" timestamp="2022-03-30T11:25:50Z" changeset="119111857" uid="14936291" user="vammu_22" />
  <node id="9623626954" lat="21.0005392" lon="105.8689973" version="1" timestamp="2022-03-30T11:25:50Z" changeset="119111857" uid="14936291" user="vammu_22" />
  <node id="9623626955" lat="21.0006769" lon="105.8691080" version="2" timestamp="2022-04-01T10:03:45Z" changeset="119194984" uid="14936291" user="vammu_22" />
  <node id="9623626956" lat="21.0006335" lon="105.8689908" version="2" timestamp="2022-04-01T10:03:45Z" changeset="119194984" uid="14936291" user="vammu_22" />
  <node id="9623626957" lat="21.0006588" lon="105.8691153" version="2" timestamp="2022-04-01T10:03:45Z" changeset="119194984" uid="14936291" user="vammu_22" />
  <node id="9623626958" lat="21.0006174" lon="105.8689972" version="2" timestamp="2022-04-01T10:03:45Z" changeset="119194984" uid="14936291" user="vammu_22" />
  <node id="9623626959" lat="21.0006208" lon="105.8689565" version="2" timestamp="2022-04-01T10:03:45Z" changeset="119194984" uid="14936291" user="vammu_22" />
  <node id="9623626960" lat="21.0006859" lon="105.8691322" version="2" timestamp="2022-04-01T10:03:45Z" changeset="119194984" uid="14936291" user="vammu_22" />
  <node id="9623626961" lat="21.0007289" lon="105.8691139" version="2" timestamp="2022-04-01T10:03:45Z" changeset="119194984" uid="14936291" user="vammu_22" />
  <node id="9623626962" lat="21.0006638" lon="105.8689382" version="2" timestamp="2022-04-01T10:03:45Z" changeset="119194984" uid="14936291" user="vammu_22" />
  <node id="9623626963" lat="21.0001893" lon="105.8691753" version="1" timestamp="2022-03-30T11:25:50Z" changeset="119111857" uid="14936291" user="vammu_22" />
  <node id="9623626964" lat="21.0002256" lon="105.8692946" version="1" timestamp="2022-03-30T11:25:50Z" changeset="119111857" uid="14936291" user="vammu_22" />
  <node id="9623626965" lat="21.0002938" lon="105.8692709" version="1" timestamp="2022-03-30T11:25:50Z" changeset="119111857" uid="14936291" user="vammu_22" />
  <node id="9623626966" lat="21.0002575" lon="105.8691515" version="1" timestamp="2022-03-30T11:25:50Z" changeset="119111857" uid="14936291" user="vammu_22" />
  <node id="9623626967" lat="20.9993470" lon="105.8685339" version="1" timestamp="2022-03-30T11:25:50Z" changeset="119111857" uid="14936291" user="vammu_22" />
  <node id="9623626968" lat="20.9993562" lon="105.8688647" version="1" timestamp="2022-03-30T11:25:50Z" changeset="119111857" uid="14936291" user="vammu_22" />
  <node id="9623626969" lat="20.9994499" lon="105.8688270" version="1" timestamp="2022-03-30T11:25:50Z" changeset="119111857" uid="14936291" user="vammu_22" />
  <node id="9623626970" lat="20.9992170" lon="105.8684745" version="1" timestamp="2022-03-30T11:25:50Z" changeset="119111857" uid="14936291" user="vammu_22" />
  <node id="9623626971" lat="20.9994787" lon="105.8684689" version="1" timestamp="2022-03-30T11:25:50Z" changeset="119111857" uid="14936291" user="vammu_22" />
  <node id="9623626972" lat="20.9994349" lon="105.8683670" version="1" timestamp="2022-03-30T11:25:50Z" changeset="119111857" uid="14936291" user="vammu_22" />
  <node id="9623748460" lat="20.9973705" lon="105.8721695" version="2" timestamp="2026-06-08T04:32:24Z" changeset="183807915" uid="23326231" user="Vmosnokia31" />
  <node id="9623748461" lat="20.9973477" lon="105.8721726" version="2" timestamp="2026-06-08T04:32:24Z" changeset="183807915" uid="23326231" user="Vmosnokia31" />
  <node id="9623748462" lat="20.9973747" lon="105.8722066" version="2" timestamp="2026-06-08T04:32:24Z" changeset="183807915" uid="23326231" user="Vmosnokia31" />
  <node id="9623748463" lat="20.9973519" lon="105.8722096" version="2" timestamp="2026-06-08T04:32:24Z" changeset="183807915" uid="23326231" user="Vmosnokia31" />
  <node id="9623748464" lat="20.9973324" lon="105.8721340" version="2" timestamp="2026-06-08T04:32:24Z" changeset="183807915" uid="23326231" user="Vmosnokia31" />
  <node id="9623748465" lat="20.9973369" lon="105.8721739" version="2" timestamp="2026-06-08T04:32:24Z" changeset="183807915" uid="23326231" user="Vmosnokia31" />
  <node id="9623748466" lat="20.9974855" lon="105.8721545" version="2" timestamp="2026-06-08T04:32:24Z" changeset="183807915" uid="23326231" user="Vmosnokia31" />
  <node id="9623748467" lat="20.9974810" lon="105.8721146" version="2" timestamp="2026-06-08T04:32:24Z" changeset="183807915" uid="23326231" user="Vmosnokia31" />
  <node id="9623748468" lat="20.9965807" lon="105.8722743" version="1" timestamp="2022-03-30T12:05:35Z" changeset="119113705" uid="14936291" user="vammu_22" />
  <node id="9623748469" lat="20.9965864" lon="105.8723263" version="1" timestamp="2022-03-30T12:05:35Z" changeset="119113705" uid="14936291" user="vammu_22" />
  <node id="9623748470" lat="20.9966817" lon="105.8723144" version="1" timestamp="2022-03-30T12:05:35Z" changeset="119113705" uid="14936291" user="vammu_22" />
  <node id="9623748471" lat="20.9966760" lon="105.8722623" version="1" timestamp="2022-03-30T12:05:35Z" changeset="119113705" uid="14936291" user="vammu_22" />
  <node id="9623748472" lat="20.9947254" lon="105.8709476" version="1" timestamp="2022-03-30T12:05:35Z" changeset="119113705" uid="14936291" user="vammu_22" />
  <node id="9623748473" lat="20.9947404" lon="105.8709778" version="1" timestamp="2022-03-30T12:05:35Z" changeset="119113705" uid="14936291" user="vammu_22" />
  <node id="9623748474" lat="20.9948186" lon="105.8709332" version="1" timestamp="2022-03-30T12:05:35Z" changeset="119113705" uid="14936291" user="vammu_22" />
  <node id="9623748475" lat="20.9948036" lon="105.8709030" version="1" timestamp="2022-03-30T12:05:35Z" changeset="119113705" uid="14936291" user="vammu_22" />
  <node id="9623748476" lat="20.9946192" lon="105.8709728" version="1" timestamp="2022-03-30T12:05:35Z" changeset="119113705" uid="14936291" user="vammu_22" />
  <node id="9623748477" lat="20.9946481" lon="105.8710237" version="1" timestamp="2022-03-30T12:05:35Z" changeset="119113705" uid="14936291" user="vammu_22" />
  <node id="9623748478" lat="20.9947043" lon="105.8709871" version="1" timestamp="2022-03-30T12:05:35Z" changeset="119113705" uid="14936291" user="vammu_22" />
  <node id="9623748479" lat="20.9946753" lon="105.8709362" version="1" timestamp="2022-03-30T12:05:35Z" changeset="119113705" uid="14936291" user="vammu_22" />
  <node id="9623748480" lat="20.9946885" lon="105.8710953" version="1" timestamp="2022-03-30T12:05:35Z" changeset="119113705" uid="14936291" user="vammu_22" />
  <node id="9623748481" lat="20.9947361" lon="105.8711919" version="1" timestamp="2022-03-30T12:05:35Z" changeset="119113705" uid="14936291" user="vammu_22" />
  <node id="9623748482" lat="20.9947798" lon="105.8711672" version="1" timestamp="2022-03-30T12:05:35Z" changeset="119113705" uid="14936291" user="vammu_22" />
  <node id="9623748483" lat="20.9947322" lon="105.8710706" version="1" timestamp="2022-03-30T12:05:35Z" changeset="119113705" uid="14936291" user="vammu_22" />
  <node id="9623748484" lat="20.9947062" lon="105.8712526" version="1" timestamp="2022-03-30T12:05:35Z" changeset="119113705" uid="14936291" user="vammu_22" />
  <node id="9623748485" lat="20.9947463" lon="105.8713183" version="1" timestamp="2022-03-30T12:05:35Z" changeset="119113705" uid="14936291" user="vammu_22" />
  <node id="9623748486" lat="20.9947898" lon="105.8712879" version="1" timestamp="2022-03-30T12:05:35Z" changeset="119113705" uid="14936291" user="vammu_22" />
  <node id="9623748487" lat="20.9947497" lon="105.8712222" version="1" timestamp="2022-03-30T12:05:35Z" changeset="119113705" uid="14936291" user="vammu_22" />
  <node id="9623748488" lat="20.9955675" lon="105.8702955" version="1" timestamp="2022-03-30T12:05:35Z" changeset="119113705" uid="14936291" user="vammu_22" />
  <node id="9623748489" lat="20.9955663" lon="105.8703478" version="1" timestamp="2022-03-30T12:05:35Z" changeset="119113705" uid="14936291" user="vammu_22" />
  <node id="9623748490" lat="20.9956124" lon="105.8703491" version="1" timestamp="2022-03-30T12:05:35Z" changeset="119113705" uid="14936291" user="vammu_22" />
  <node id="9623748491" lat="20.9956136" lon="105.8702968" version="1" timestamp="2022-03-30T12:05:35Z" changeset="119113705" uid="14936291" user="vammu_22" />
  <node id="9623748492" lat="20.9959547" lon="105.8702251" version="2" timestamp="2024-05-03T09:43:21Z" changeset="150827793" uid="3323343" user="phoenixsaigon1698" />
  <node id="9623748493" lat="20.9959516" lon="105.8703314" version="2" timestamp="2024-05-03T09:43:21Z" changeset="150827793" uid="3323343" user="phoenixsaigon1698" />
  <node id="9623748494" lat="20.9960136" lon="105.8703353" version="2" timestamp="2024-05-03T09:43:21Z" changeset="150827793" uid="3323343" user="phoenixsaigon1698" />
  <node id="9623748495" lat="20.9960129" lon="105.8702317" version="2" timestamp="2024-05-03T09:43:21Z" changeset="150827793" uid="3323343" user="phoenixsaigon1698" />
  <node id="9623748496" lat="20.9959796" lon="105.8704095" version="1" timestamp="2022-03-30T12:05:35Z" changeset="119113705" uid="14936291" user="vammu_22" />
  <node id="9623748497" lat="20.9959771" lon="105.8704994" version="1" timestamp="2022-03-30T12:05:35Z" changeset="119113705" uid="14936291" user="vammu_22" />
  <node id="9623748498" lat="20.9960387" lon="105.8705013" version="1" timestamp="2022-03-30T12:05:35Z" changeset="119113705" uid="14936291" user="vammu_22" />
  <node id="9623748499" lat="20.9960412" lon="105.8704115" version="1" timestamp="2022-03-30T12:05:35Z" changeset="119113705" uid="14936291" user="vammu_22" />
  <node id="9623748500" lat="20.9960561" lon="105.8704258" version="1" timestamp="2022-03-30T12:05:35Z" changeset="119113705" uid="14936291" user="vammu_22" />
  <node id="9623748501" lat="20.9960523" lon="105.8704996" version="1" timestamp="2022-03-30T12:05:35Z" changeset="119113705" uid="14936291" user="vammu_22" />
  <node id="9623748502" lat="20.9961170" lon="105.8705033" version="1" timestamp="2022-03-30T12:05:35Z" changeset="119113705" uid="14936291" user="vammu_22" />
  <node id="9623748503" lat="20.9961207" lon="105.8704296" version="1" timestamp="2022-03-30T12:05:35Z" changeset="119113705" uid="14936291" user="vammu_22" />
  <node id="9623760925" lat="20.9993294" lon="105.8722904" version="1" timestamp="2022-03-30T12:10:17Z" changeset="119113910" uid="14936291" user="vammu_22" />
  <node id="9623760926" lat="20.9993744" lon="105.8723521" version="1" timestamp="2022-03-30T12:10:17Z" changeset="119113910" uid="14936291" user="vammu_22" />
  <node id="9623760927" lat="20.9994017" lon="105.8723292" version="1" timestamp="2022-03-30T12:10:17Z" changeset="119113910" uid="14936291" user="vammu_22" />
  <node id="9623760928" lat="20.9993567" lon="105.8722676" version="1" timestamp="2022-03-30T12:10:17Z" changeset="119113910" uid="14936291" user="vammu_22" />
  <node id="9623760929" lat="20.9994199" lon="105.8721752" version="1" timestamp="2022-03-30T12:10:17Z" changeset="119113910" uid="14936291" user="vammu_22" />
  <node id="9623760930" lat="20.9994349" lon="105.8721994" version="1" timestamp="2022-03-30T12:10:17Z" changeset="119113910" uid="14936291" user="vammu_22" />
  <node id="9623760931" lat="20.9994493" lon="105.8721891" version="1" timestamp="2022-03-30T12:10:17Z" changeset="119113910" uid="14936291" user="vammu_22" />
  <node id="9623760932" lat="20.9994343" lon="105.8721650" version="1" timestamp="2022-03-30T12:10:17Z" changeset="119113910" uid="14936291" user="vammu_22" />
  <node id="9623760933" lat="20.9993709" lon="105.8722010" version="1" timestamp="2022-03-30T12:10:17Z" changeset="119113910" uid="14936291" user="vammu_22" />
  <node id="9623760934" lat="20.9994097" lon="105.8722640" version="1" timestamp="2022-03-30T12:10:17Z" changeset="119113910" uid="14936291" user="vammu_22" />
  <node id="9623760935" lat="20.9994549" lon="105.8722320" version="1" timestamp="2022-03-30T12:10:17Z" changeset="119113910" uid="14936291" user="vammu_22" />
  <node id="9623760936" lat="20.9994161" lon="105.8721690" version="1" timestamp="2022-03-30T12:10:17Z" changeset="119113910" uid="14936291" user="vammu_22" />
  <node id="9625457406" lat="21.0014592" lon="105.8705655" version="1" timestamp="2022-03-31T03:59:51Z" changeset="119139530" uid="11659599" user="panchamarti" />
  <node id="9625457407" lat="21.0015343" lon="105.8706620" version="1" timestamp="2022-03-31T03:59:51Z" changeset="119139530" uid="11659599" user="panchamarti" />
  <node id="9625457408" lat="21.0015033" lon="105.8706897" version="1" timestamp="2022-03-31T03:59:51Z" changeset="119139530" uid="11659599" user="panchamarti" />
  <node id="9625457409" lat="21.0014281" lon="105.8705932" version="1" timestamp="2022-03-31T03:59:51Z" changeset="119139530" uid="11659599" user="panchamarti" />
  <node id="9625457410" lat="21.0014871" lon="105.8705562" version="1" timestamp="2022-03-31T03:59:51Z" changeset="119139530" uid="11659599" user="panchamarti" />
  <node id="9625457411" lat="21.0015184" lon="105.8705468" version="1" timestamp="2022-03-31T03:59:51Z" changeset="119139530" uid="11659599" user="panchamarti" />
  <node id="9625457412" lat="21.0014920" lon="105.8704457" version="1" timestamp="2022-03-31T03:59:51Z" changeset="119139530" uid="11659599" user="panchamarti" />
  <node id="9625457413" lat="21.0014607" lon="105.8704551" version="1" timestamp="2022-03-31T03:59:51Z" changeset="119139530" uid="11659599" user="panchamarti" />
  <node id="9625487922" lat="20.9999010" lon="105.8705065" version="1" timestamp="2022-03-31T03:59:51Z" changeset="119139530" uid="11659599" user="panchamarti" />
  <node id="9625487923" lat="20.9999273" lon="105.8705991" version="1" timestamp="2022-03-31T03:59:51Z" changeset="119139530" uid="11659599" user="panchamarti" />
  <node id="9625487924" lat="20.9997767" lon="105.8706482" version="1" timestamp="2022-03-31T03:59:51Z" changeset="119139530" uid="11659599" user="panchamarti" />
  <node id="9625487925" lat="20.9997504" lon="105.8705556" version="1" timestamp="2022-03-31T03:59:51Z" changeset="119139530" uid="11659599" user="panchamarti" />
  <node id="9684708227" lat="21.0004594" lon="105.8662991" version="1" timestamp="2022-04-22T07:38:38Z" changeset="120034225" uid="13749044" user="GrabVN_Ánh Linh Lê" />
  <node id="9684708228" lat="21.0001701" lon="105.8669419" version="2" timestamp="2024-01-04T03:00:42Z" changeset="145862055" uid="18820325" user="Grab_Cong" />
  <node id="9684708229" lat="21.0002947" lon="105.8668604" version="2" timestamp="2024-01-04T03:00:42Z" changeset="145862055" uid="18820325" user="Grab_Cong" />
  <node id="9684708230" lat="21.0005352" lon="105.8665113" version="1" timestamp="2022-04-22T07:38:38Z" changeset="120034225" uid="13749044" user="GrabVN_Ánh Linh Lê" />
  <node id="9684708231" lat="21.0004690" lon="105.8665287" version="1" timestamp="2022-04-22T07:38:38Z" changeset="120034225" uid="13749044" user="GrabVN_Ánh Linh Lê" />
  <node id="9885522673" lat="20.9982470" lon="105.8678089" version="4" timestamp="2026-02-07T16:56:42Z" changeset="178236579" uid="22065819" user="Hung159" />
  <node id="9885522674" lat="20.9986578" lon="105.8684402" version="1" timestamp="2022-07-13T16:20:40Z" changeset="123572540" uid="11691953" user="ItsLouisAnderson" />
  <node id="9885522675" lat="20.9983085" lon="105.8677328" version="4" timestamp="2026-02-07T16:56:42Z" changeset="178236579" uid="22065819" user="Hung159" />
  <node id="10131986951" lat="20.9960773" lon="105.8710546" version="3" timestamp="2026-05-10T08:56:38Z" changeset="182455948" uid="23326231" user="Vmosnokia31" />
  <node id="10131986952" lat="20.9960896" lon="105.8713564" version="2" timestamp="2026-05-10T08:56:38Z" changeset="182455948" uid="23326231" user="Vmosnokia31" />
  <node id="10137756323" lat="20.9987648" lon="105.8685091" version="1" timestamp="2022-10-29T13:21:50Z" changeset="128211214" uid="11691953" user="ItsLouisAnderson">
    <tag k="highway" v="crossing" />
  </node>
  <node id="10137756341" lat="20.9978066" lon="105.8658462" version="2" timestamp="2025-02-25T14:14:19Z" changeset="162934157" uid="11196308" user="vietnam321">
    <tag k="highway" v="crossing" />
  </node>
  <node id="10137756342" lat="20.9979121" lon="105.8661244" version="2" timestamp="2026-02-08T05:15:47Z" changeset="178252551" uid="11141338" user="FanaticAir75626">
    <tag k="highway" v="crossing" />
  </node>
  <node id="10137756343" lat="20.9984171" lon="105.8674959" version="2" timestamp="2026-02-08T05:15:47Z" changeset="178252551" uid="11141338" user="FanaticAir75626">
    <tag k="highway" v="crossing" />
  </node>
  <node id="10137756344" lat="20.9985770" lon="105.8679578" version="2" timestamp="2025-08-02T05:33:19Z" changeset="169845514" uid="20910140" user="Hung Tran 9x0">
    <tag k="highway" v="crossing" />
  </node>
  <node id="10137756345" lat="20.9992641" lon="105.8697840" version="2" timestamp="2025-07-21T10:22:51Z" changeset="169235410" uid="16194143" user="Tewuzij">
    <tag k="crossing" v="marked" />
    <tag k="crossing:markings" v="yes" />
    <tag k="highway" v="crossing" />
  </node>
  <node id="10137756346" lat="20.9996028" lon="105.8705384" version="1" timestamp="2022-10-29T13:21:50Z" changeset="128211214" uid="11691953" user="ItsLouisAnderson">
    <tag k="highway" v="crossing" />
  </node>
  <node id="10137756394" lat="21.0000507" lon="105.8708946" version="2" timestamp="2025-01-30T13:26:09Z" changeset="161937505" uid="11691953" user="ItsLouisAnderson" />
  <node id="10137756395" lat="20.9999980" lon="105.8709163" version="2" timestamp="2025-01-30T13:26:09Z" changeset="161937505" uid="11691953" user="ItsLouisAnderson" />
  <node id="10137756396" lat="20.9998299" lon="105.8711073" version="2" timestamp="2025-01-30T13:26:09Z" changeset="161937505" uid="11691953" user="ItsLouisAnderson" />
  <node id="10137756411" lat="21.0003593" lon="105.8707297" version="1" timestamp="2022-10-29T13:21:50Z" changeset="128211214" uid="11691953" user="ItsLouisAnderson">
    <tag k="highway" v="crossing" />
  </node>
  <node id="10137756459" lat="20.9974105" lon="105.8657285" version="1" timestamp="2022-10-29T13:21:50Z" changeset="128211214" uid="11691953" user="ItsLouisAnderson">
    <tag k="crossing" v="traffic_signals" />
    <tag k="highway" v="crossing" />
  </node>
  <node id="10139155861" lat="20.9978600" lon="105.8674096" version="3" timestamp="2026-05-04T10:24:39Z" changeset="182197605" uid="23326231" user="Vmosnokia31">
    <tag k="crossing" v="marked" />
    <tag k="crossing:markings" v="yes" />
    <tag k="highway" v="crossing" />
  </node>
  <node id="10139155862" lat="20.9979466" lon="105.8677125" version="3" timestamp="2026-05-04T10:24:39Z" changeset="182197605" uid="23326231" user="Vmosnokia31">
    <tag k="crossing" v="marked" />
    <tag k="crossing:markings" v="yes" />
    <tag k="highway" v="crossing" />
  </node>
  <node id="10139175318" lat="20.9984887" lon="105.8690204" version="1" timestamp="2022-10-30T06:54:17Z" changeset="128234263" uid="11691953" user="ItsLouisAnderson">
    <tag k="highway" v="crossing" />
  </node>
  <node id="10139175319" lat="20.9986733" lon="105.8695457" version="2" timestamp="2026-05-10T08:56:38Z" changeset="182455948" uid="23326231" user="Vmosnokia31">
    <tag k="highway" v="crossing" />
  </node>
  <node id="10139175320" lat="20.9992222" lon="105.8708604" version="1" timestamp="2022-10-30T06:54:17Z" changeset="128234263" uid="11691953" user="ItsLouisAnderson">
    <tag k="highway" v="crossing" />
  </node>
  <node id="10139175321" lat="20.9993718" lon="105.8711437" version="3" timestamp="2026-06-08T04:32:24Z" changeset="183807915" uid="23326231" user="Vmosnokia31">
    <tag k="highway" v="crossing" />
  </node>
  <node id="10139175322" lat="21.0004212" lon="105.8718544" version="1" timestamp="2022-10-30T06:54:17Z" changeset="128234263" uid="11691953" user="ItsLouisAnderson">
    <tag k="highway" v="crossing" />
  </node>
  <node id="10139175526" lat="20.9977329" lon="105.8674699" version="3" timestamp="2024-09-09T02:24:56Z" changeset="156374193" uid="3323343" user="phoenixsaigon1698" />
  <node id="10139175541" lat="20.9970065" lon="105.8674715" version="3" timestamp="2024-09-09T02:24:56Z" changeset="156374193" uid="3323343" user="phoenixsaigon1698" />
  <node id="10139175542" lat="20.9970023" lon="105.8677024" version="1" timestamp="2022-10-30T06:54:17Z" changeset="128234263" uid="11691953" user="ItsLouisAnderson" />
  <node id="10139175543" lat="20.9968442" lon="105.8673317" version="2" timestamp="2022-12-24T16:43:32Z" changeset="130462015" uid="11691953" user="ItsLouisAnderson">
    <tag k="crossing" v="uncontrolled" />
    <tag k="crossing:markings" v="zebra" />
    <tag k="highway" v="crossing" />
  </node>
  <node id="10197232329" lat="20.9996997" lon="105.8682613" version="1" timestamp="2022-11-17T14:29:45Z" changeset="129045106" uid="349964" user="jmbangate" />
  <node id="10197232330" lat="20.9998531" lon="105.8686871" version="1" timestamp="2022-11-17T14:29:45Z" changeset="129045106" uid="349964" user="jmbangate" />
  <node id="10197232331" lat="21.0000534" lon="105.8686043" version="1" timestamp="2022-11-17T14:29:45Z" changeset="129045106" uid="349964" user="jmbangate" />
  <node id="10197232332" lat="20.9999000" lon="105.8681785" version="1" timestamp="2022-11-17T14:29:45Z" changeset="129045106" uid="349964" user="jmbangate" />
  <node id="10197232333" lat="21.0000546" lon="105.8691582" version="1" timestamp="2022-11-17T14:29:45Z" changeset="129045106" uid="349964" user="jmbangate" />
  <node id="10197232334" lat="20.9998894" lon="105.8686781" version="1" timestamp="2022-11-17T14:29:45Z" changeset="129045106" uid="349964" user="jmbangate" />
  <node id="10197232335" lat="21.0000847" lon="105.8686010" version="1" timestamp="2022-11-17T14:29:45Z" changeset="129045106" uid="349964" user="jmbangate" />
  <node id="10197232336" lat="21.0002500" lon="105.8690811" version="1" timestamp="2022-11-17T14:29:45Z" changeset="129045106" uid="349964" user="jmbangate" />
  <node id="10197232395" lat="20.9944980" lon="105.8704290" version="3" timestamp="2026-04-27T13:42:24Z" changeset="181891746" uid="23326231" user="Vmosnokia31" />
  <node id="10197232396" lat="20.9946755" lon="105.8704315" version="3" timestamp="2026-04-27T13:42:24Z" changeset="181891746" uid="23326231" user="Vmosnokia31" />
  <node id="10197232397" lat="20.9946796" lon="105.8702219" version="2" timestamp="2026-04-27T13:42:24Z" changeset="181891746" uid="23326231" user="Vmosnokia31" />
  <node id="10197232398" lat="20.9945043" lon="105.8702152" version="2" timestamp="2026-04-27T13:42:24Z" changeset="181891746" uid="23326231" user="Vmosnokia31" />
  <node id="10284859780" lat="20.9963537" lon="105.8674484" version="2" timestamp="2024-09-06T08:03:39Z" changeset="156261242" uid="3323343" user="phoenixsaigon1698">
    <tag k="crossing" v="uncontrolled" />
    <tag k="crossing:markings" v="yes" />
    <tag k="highway" v="crossing" />
  </node>
  <node id="10284859782" lat="20.9954293" lon="105.8674251" version="3" timestamp="2025-07-21T10:22:51Z" changeset="169235410" uid="16194143" user="Tewuzij">
    <tag k="crossing" v="unmarked" />
    <tag k="crossing:markings" v="no" />
    <tag k="highway" v="crossing" />
  </node>
  <node id="10284859787" lat="20.9945357" lon="105.8674469" version="1" timestamp="2022-12-24T16:43:32Z" changeset="130462015" uid="11691953" user="ItsLouisAnderson">
    <tag k="highway" v="crossing" />
  </node>
  <node id="10284859788" lat="20.9951015" lon="105.8674490" version="1" timestamp="2022-12-24T16:43:32Z" changeset="130462015" uid="11691953" user="ItsLouisAnderson">
    <tag k="highway" v="crossing" />
  </node>
  <node id="10284870819" lat="20.9966418" lon="105.8675616" version="5" timestamp="2024-09-09T02:24:56Z" changeset="156374193" uid="3323343" user="phoenixsaigon1698">
    <tag k="crossing" v="uncontrolled" />
    <tag k="crossing:markings" v="zebra" />
    <tag k="highway" v="crossing" />
  </node>
  <node id="10284870822" lat="20.9968484" lon="105.8678631" version="2" timestamp="2026-05-04T10:20:51Z" changeset="182197444" uid="23326231" user="Vmosnokia31">
    <tag k="crossing" v="uncontrolled" />
    <tag k="crossing:markings" v="zebra" />
    <tag k="highway" v="crossing" />
  </node>
  <node id="10284870844" lat="20.9950751" lon="105.8673870" version="1" timestamp="2022-12-24T16:43:32Z" changeset="130462015" uid="11691953" user="ItsLouisAnderson" />
  <node id="10284870845" lat="20.9950186" lon="105.8673517" version="1" timestamp="2022-12-24T16:43:32Z" changeset="130462015" uid="11691953" user="ItsLouisAnderson" />
  <node id="10284870846" lat="20.9946028" lon="105.8673561" version="1" timestamp="2022-12-24T16:43:32Z" changeset="130462015" uid="11691953" user="ItsLouisAnderson" />
  <node id="10284870885" lat="20.9963302" lon="105.8659994" version="1" timestamp="2022-12-24T16:43:32Z" changeset="130462015" uid="11691953" user="ItsLouisAnderson">
    <tag k="highway" v="crossing" />
  </node>
  <node id="10284870902" lat="20.9956364" lon="105.8689725" version="1" timestamp="2022-12-24T16:43:32Z" changeset="130462015" uid="11691953" user="ItsLouisAnderson">
    <tag k="highway" v="crossing" />
  </node>
  <node id="10284870903" lat="20.9967811" lon="105.8685903" version="1" timestamp="2022-12-24T16:43:32Z" changeset="130462015" uid="11691953" user="ItsLouisAnderson">
    <tag k="highway" v="crossing" />
  </node>
  <node id="10284870938" lat="20.9969156" lon="105.8656992" version="1" timestamp="2022-12-24T16:43:32Z" changeset="130462015" uid="11691953" user="ItsLouisAnderson">
    <tag k="crossing" v="uncontrolled" />
    <tag k="crossing:markings" v="zebra" />
    <tag k="highway" v="crossing" />
  </node>
  <node id="10284870939" lat="20.9968334" lon="105.8658341" version="2" timestamp="2025-07-21T10:22:51Z" changeset="169235410" uid="16194143" user="Tewuzij">
    <tag k="crossing" v="unmarked" />
    <tag k="crossing:markings" v="no" />
    <tag k="highway" v="crossing" />
  </node>
  <node id="11025855344" lat="21.0001205" lon="105.8715466" version="1" timestamp="2023-07-04T14:37:51Z" changeset="138111185" uid="11196308" user="vietnam321" />
  <node id="11046698472" lat="20.9977040" lon="105.8657891" version="1" timestamp="2023-07-14T14:13:04Z" changeset="138510042" uid="11691953" user="ItsLouisAnderson" />
  <node id="11046698473" lat="20.9974668" lon="105.8658923" version="1" timestamp="2023-07-14T14:13:04Z" changeset="138510042" uid="11691953" user="ItsLouisAnderson" />
  <node id="11169871356" lat="20.9963525" lon="105.8674105" version="3" timestamp="2024-11-07T15:22:54Z" changeset="158860536" uid="3323343" user="phoenixsaigon1698" />
  <node id="11169871357" lat="20.9954303" lon="105.8673837" version="2" timestamp="2026-02-12T14:54:40Z" changeset="178462032" uid="21825758" user="GrabVN_HHanh">
    <tag k="access" v="no" />
    <tag k="barrier" v="gate" />
  </node>
  <node id="11169871364" lat="20.9967465" lon="105.8660797" version="1" timestamp="2023-09-05T15:27:41Z" changeset="140856282" uid="11691953" user="ItsLouisAnderson" />
  <node id="11169871365" lat="20.9964371" lon="105.8660734" version="1" timestamp="2023-09-05T15:27:41Z" changeset="140856282" uid="11691953" user="ItsLouisAnderson" />
  <node id="11169871366" lat="20.9964330" lon="105.8663030" version="1" timestamp="2023-09-05T15:27:41Z" changeset="140856282" uid="11691953" user="ItsLouisAnderson" />
  <node id="11169871367" lat="20.9967424" lon="105.8663093" version="1" timestamp="2023-09-05T15:27:41Z" changeset="140856282" uid="11691953" user="ItsLouisAnderson" />
  <node id="11169871368" lat="20.9961135" lon="105.8661669" version="1" timestamp="2023-09-05T15:27:41Z" changeset="140856282" uid="11691953" user="ItsLouisAnderson" />
  <node id="11169871369" lat="20.9952736" lon="105.8661617" version="1" timestamp="2023-09-05T15:27:41Z" changeset="140856282" uid="11691953" user="ItsLouisAnderson" />
  <node id="11169871370" lat="20.9952729" lon="105.8663011" version="1" timestamp="2023-09-05T15:27:41Z" changeset="140856282" uid="11691953" user="ItsLouisAnderson" />
  <node id="11169871371" lat="20.9961128" lon="105.8663064" version="1" timestamp="2023-09-05T15:27:41Z" changeset="140856282" uid="11691953" user="ItsLouisAnderson" />
  <node id="11169871372" lat="20.9953600" lon="105.8664380" version="1" timestamp="2023-09-05T15:27:41Z" changeset="140856282" uid="11691953" user="ItsLouisAnderson" />
  <node id="11169871373" lat="20.9953599" lon="105.8664984" version="1" timestamp="2023-09-05T15:27:41Z" changeset="140856282" uid="11691953" user="ItsLouisAnderson" />
  <node id="11169871374" lat="20.9953033" lon="105.8664982" version="1" timestamp="2023-09-05T15:27:41Z" changeset="140856282" uid="11691953" user="ItsLouisAnderson" />
  <node id="11169871375" lat="20.9953030" lon="105.8666647" version="1" timestamp="2023-09-05T15:27:41Z" changeset="140856282" uid="11691953" user="ItsLouisAnderson" />
  <node id="11169871376" lat="20.9955307" lon="105.8666652" version="1" timestamp="2023-09-05T15:27:41Z" changeset="140856282" uid="11691953" user="ItsLouisAnderson" />
  <node id="11169871377" lat="20.9955309" lon="105.8665921" version="1" timestamp="2023-09-05T15:27:41Z" changeset="140856282" uid="11691953" user="ItsLouisAnderson" />
  <node id="11169871378" lat="20.9954627" lon="105.8665919" version="1" timestamp="2023-09-05T15:27:41Z" changeset="140856282" uid="11691953" user="ItsLouisAnderson" />
  <node id="11169871379" lat="20.9954630" lon="105.8664382" version="1" timestamp="2023-09-05T15:27:41Z" changeset="140856282" uid="11691953" user="ItsLouisAnderson" />
  <node id="11169871380" lat="20.9954070" lon="105.8673030" version="1" timestamp="2023-09-05T15:27:41Z" changeset="140856282" uid="11691953" user="ItsLouisAnderson" />
  <node id="11169871381" lat="20.9954087" lon="105.8670288" version="1" timestamp="2023-09-05T15:27:41Z" changeset="140856282" uid="11691953" user="ItsLouisAnderson">
    <tag k="amenity" v="parking_entrance" />
    <tag k="parking" v="underground" />
  </node>
  <node id="11170051918" lat="21.0005949" lon="105.8708197" version="1" timestamp="2023-09-05T17:28:19Z" changeset="140861161" uid="11691953" user="ItsLouisAnderson" />
  <node id="11170051919" lat="21.0004520" lon="105.8708975" version="1" timestamp="2023-09-05T17:28:19Z" changeset="140861161" uid="11691953" user="ItsLouisAnderson" />
  <node id="11170051920" lat="21.0005267" lon="105.8710473" version="1" timestamp="2023-09-05T17:28:19Z" changeset="140861161" uid="11691953" user="ItsLouisAnderson" />
  <node id="11170051921" lat="21.0003985" lon="105.8711005" version="1" timestamp="2023-09-05T17:28:19Z" changeset="140861161" uid="11691953" user="ItsLouisAnderson" />
  <node id="11170051922" lat="21.0004275" lon="105.8711840" version="1" timestamp="2023-09-05T17:28:19Z" changeset="140861161" uid="11691953" user="ItsLouisAnderson" />
  <node id="11170051923" lat="21.0005210" lon="105.8711680" version="1" timestamp="2023-09-05T17:28:19Z" changeset="140861161" uid="11691953" user="ItsLouisAnderson" />
  <node id="11170051924" lat="21.0007030" lon="105.8710573" version="1" timestamp="2023-09-05T17:28:19Z" changeset="140861161" uid="11691953" user="ItsLouisAnderson" />
  <node id="11173421915" lat="20.9967216" lon="105.8690552" version="1" timestamp="2023-09-07T05:46:50Z" changeset="140922180" uid="11691953" user="ItsLouisAnderson" />
  <node id="11173421916" lat="20.9967177" lon="105.8694752" version="2" timestamp="2026-04-27T13:35:28Z" changeset="181891442" uid="23326231" user="Vmosnokia31">
    <tag k="amenity" v="parking_entrance" />
    <tag k="parking" v="underground" />
  </node>
  <node id="11259015853" lat="20.9997554" lon="105.8669614" version="4" timestamp="2026-03-15T06:11:58Z" changeset="179884342" uid="20910140" user="Hung Tran 9x0">
    <tag k="access" v="no" />
    <tag k="barrier" v="gate" />
    <tag k="locked" v="yes" />
  </node>
  <node id="11259015854" lat="20.9993152" lon="105.8655678" version="4" timestamp="2026-06-06T12:21:41Z" changeset="183735867" uid="20910140" user="Hung Tran 9x0" />
  <node id="11289952329" lat="20.9968442" lon="105.8686702" version="2" timestamp="2026-05-04T10:20:51Z" changeset="182197444" uid="23326231" user="Vmosnokia31" />
  <node id="11289952330" lat="20.9974596" lon="105.8686593" version="1" timestamp="2023-10-26T02:22:18Z" changeset="143140683" uid="18820325" user="Grab_Cong" />
  <node id="11289952331" lat="20.9974583" lon="105.8677104" version="1" timestamp="2023-10-26T02:22:18Z" changeset="143140683" uid="18820325" user="Grab_Cong" />
  <node id="11484347391" lat="20.9989289" lon="105.8677435" version="1" timestamp="2024-01-04T02:52:58Z" changeset="145861908" uid="18820325" user="Grab_Cong" />
  <node id="11484347392" lat="20.9990590" lon="105.8677225" version="1" timestamp="2024-01-04T02:52:58Z" changeset="145861908" uid="18820325" user="Grab_Cong" />
  <node id="11484347393" lat="20.9989874" lon="105.8675201" version="1" timestamp="2024-01-04T02:52:58Z" changeset="145861908" uid="18820325" user="Grab_Cong" />
  <node id="11484347394" lat="20.9993674" lon="105.8674939" version="1" timestamp="2024-01-04T02:52:58Z" changeset="145861908" uid="18820325" user="Grab_Cong" />
  <node id="11484347395" lat="20.9993390" lon="105.8677710" version="1" timestamp="2024-01-04T02:52:58Z" changeset="145861908" uid="18820325" user="Grab_Cong" />
  <node id="11484347396" lat="20.9993517" lon="105.8678076" version="1" timestamp="2024-01-04T02:52:58Z" changeset="145861908" uid="18820325" user="Grab_Cong" />
  <node id="11484347397" lat="20.9993669" lon="105.8678537" version="1" timestamp="2024-01-04T02:52:58Z" changeset="145861908" uid="18820325" user="Grab_Cong" />
  <node id="11484347398" lat="20.9993884" lon="105.8679703" version="1" timestamp="2024-01-04T02:52:58Z" changeset="145861908" uid="18820325" user="Grab_Cong" />
  <node id="11484347399" lat="20.9994007" lon="105.8680331" version="1" timestamp="2024-01-04T02:52:58Z" changeset="145861908" uid="18820325" user="Grab_Cong" />
  <node id="11484347400" lat="20.9994079" lon="105.8673990" version="1" timestamp="2024-01-04T02:52:58Z" changeset="145861908" uid="18820325" user="Grab_Cong" />
  <node id="11484356938" lat="20.9997299" lon="105.8670967" version="2" timestamp="2025-08-02T05:33:19Z" changeset="169845514" uid="20910140" user="Hung Tran 9x0" />
  <node id="11484356939" lat="20.9996335" lon="105.8671322" version="1" timestamp="2024-01-04T03:00:42Z" changeset="145862055" uid="18820325" user="Grab_Cong" />
  <node id="11484356940" lat="21.0006691" lon="105.8664465" version="2" timestamp="2024-06-30T01:40:38Z" changeset="153352705" uid="3323343" user="phoenixsaigon1698" />
  <node id="11500379299" lat="20.9963874" lon="105.8673481" version="2" timestamp="2024-09-06T08:03:39Z" changeset="156261242" uid="3323343" user="phoenixsaigon1698" />
  <node id="11500379300" lat="20.9964103" lon="105.8673210" version="2" timestamp="2024-09-06T08:03:39Z" changeset="156261242" uid="3323343" user="phoenixsaigon1698" />
  <node id="11500379301" lat="20.9964184" lon="105.8672962" version="2" timestamp="2024-09-06T08:03:39Z" changeset="156261242" uid="3323343" user="phoenixsaigon1698" />
  <node id="11500379302" lat="20.9964226" lon="105.8672737" version="2" timestamp="2024-09-06T08:03:39Z" changeset="156261242" uid="3323343" user="phoenixsaigon1698" />
  <node id="11500379303" lat="20.9964179" lon="105.8672487" version="1" timestamp="2024-01-08T15:38:29Z" changeset="146033805" uid="3323343" user="phoenixsaigon1698" />
  <node id="11648222514" lat="21.0014130" lon="105.8717611" version="1" timestamp="2024-02-21T04:25:51Z" changeset="147716430" uid="16294132" user="Takeshi Nagayama" />
  <node id="11648222515" lat="21.0011010" lon="105.8719488" version="1" timestamp="2024-02-21T04:25:51Z" changeset="147716430" uid="16294132" user="Takeshi Nagayama" />
  <node id="11648222516" lat="21.0009931" lon="105.8717543" version="1" timestamp="2024-02-21T04:25:51Z" changeset="147716430" uid="16294132" user="Takeshi Nagayama" />
  <node id="11648222517" lat="21.0013083" lon="105.8715643" version="1" timestamp="2024-02-21T04:25:51Z" changeset="147716430" uid="16294132" user="Takeshi Nagayama" />
  <node id="11648637185" lat="21.0011368" lon="105.8716571" version="1" timestamp="2024-02-21T08:37:44Z" changeset="147722764" uid="16294132" user="Takeshi Nagayama" />
  <node id="11648637186" lat="21.0009991" lon="105.8717413" version="1" timestamp="2024-02-21T08:37:44Z" changeset="147722764" uid="16294132" user="Takeshi Nagayama" />
  <node id="11648637187" lat="21.0009254" lon="105.8716052" version="1" timestamp="2024-02-21T08:37:44Z" changeset="147722764" uid="16294132" user="Takeshi Nagayama" />
  <node id="11648637188" lat="21.0010641" lon="105.8715190" version="1" timestamp="2024-02-21T08:37:44Z" changeset="147722764" uid="16294132" user="Takeshi Nagayama" />
  <node id="11674976952" lat="20.9983245" lon="105.8708777" version="2" timestamp="2024-04-29T05:43:01Z" changeset="150645278" uid="11196308" user="vietnam321" />
  <node id="11674976953" lat="20.9984142" lon="105.8708786" version="2" timestamp="2024-04-29T05:43:01Z" changeset="150645278" uid="11196308" user="vietnam321" />
  <node id="11674976954" lat="20.9984187" lon="105.8703809" version="2" timestamp="2024-04-29T05:43:01Z" changeset="150645278" uid="11196308" user="vietnam321" />
  <node id="11674976955" lat="20.9979818" lon="105.8703764" version="2" timestamp="2024-04-29T05:43:01Z" changeset="150645278" uid="11196308" user="vietnam321" />
  <node id="11674976956" lat="20.9979810" lon="105.8704644" version="2" timestamp="2024-04-29T05:43:01Z" changeset="150645278" uid="11196308" user="vietnam321" />
  <node id="11674976957" lat="20.9979336" lon="105.8704639" version="2" timestamp="2024-04-29T05:43:01Z" changeset="150645278" uid="11196308" user="vietnam321" />
  <node id="11674976958" lat="20.9979311" lon="105.8707426" version="2" timestamp="2024-04-29T05:43:01Z" changeset="150645278" uid="11196308" user="vietnam321" />
  <node id="11674976959" lat="20.9980641" lon="105.8707439" version="2" timestamp="2024-04-29T05:43:01Z" changeset="150645278" uid="11196308" user="vietnam321" />
  <node id="11674976960" lat="20.9980665" lon="105.8704661" version="2" timestamp="2024-04-29T05:43:01Z" changeset="150645278" uid="11196308" user="vietnam321" />
  <node id="11674976961" lat="20.9983281" lon="105.8704688" version="2" timestamp="2024-04-29T05:43:01Z" changeset="150645278" uid="11196308" user="vietnam321" />
  <node id="11809437634" lat="21.0004260" lon="105.8712058" version="1" timestamp="2024-04-11T11:37:29Z" changeset="149860686" uid="11196308" user="vietnam321" />
  <node id="11809437635" lat="21.0004309" lon="105.8713013" version="1" timestamp="2024-04-11T11:37:29Z" changeset="149860686" uid="11196308" user="vietnam321" />
  <node id="11809437636" lat="21.0003764" lon="105.8712898" version="1" timestamp="2024-04-11T11:37:29Z" changeset="149860686" uid="11196308" user="vietnam321" />
  <node id="11809437637" lat="21.0002880" lon="105.8712483" version="1" timestamp="2024-04-11T11:37:29Z" changeset="149860686" uid="11196308" user="vietnam321" />
  <node id="11809437638" lat="21.0003045" lon="105.8711890" version="1" timestamp="2024-04-11T11:37:29Z" changeset="149860686" uid="11196308" user="vietnam321" />
  <node id="11809437639" lat="21.0003244" lon="105.8711952" version="1" timestamp="2024-04-11T11:37:29Z" changeset="149860686" uid="11196308" user="vietnam321" />
  <node id="11809437640" lat="21.0003285" lon="105.8711775" version="1" timestamp="2024-04-11T11:37:29Z" changeset="149860686" uid="11196308" user="vietnam321" />
  <node id="11809437641" lat="21.0003665" lon="105.8711775" version="1" timestamp="2024-04-11T11:37:29Z" changeset="149860686" uid="11196308" user="vietnam321" />
  <node id="11809437642" lat="21.0003673" lon="105.8712031" version="1" timestamp="2024-04-11T11:37:29Z" changeset="149860686" uid="11196308" user="vietnam321" />
  <node id="11865416917" lat="20.9986020" lon="105.8704975" version="1" timestamp="2024-04-29T05:43:01Z" changeset="150645278" uid="11196308" user="vietnam321" />
  <node id="11865416918" lat="20.9986014" lon="105.8706194" version="1" timestamp="2024-04-29T05:43:01Z" changeset="150645278" uid="11196308" user="vietnam321" />
  <node id="11865416919" lat="20.9986138" lon="105.8706195" version="1" timestamp="2024-04-29T05:43:01Z" changeset="150645278" uid="11196308" user="vietnam321" />
  <node id="11865416920" lat="20.9986140" lon="105.8705869" version="1" timestamp="2024-04-29T05:43:01Z" changeset="150645278" uid="11196308" user="vietnam321" />
  <node id="11865416921" lat="20.9987304" lon="105.8705876" version="1" timestamp="2024-04-29T05:43:01Z" changeset="150645278" uid="11196308" user="vietnam321" />
  <node id="11865416922" lat="20.9987384" lon="105.8706026" version="1" timestamp="2024-04-29T05:43:01Z" changeset="150645278" uid="11196308" user="vietnam321" />
  <node id="11865416923" lat="20.9987648" lon="105.8705865" version="1" timestamp="2024-04-29T05:43:01Z" changeset="150645278" uid="11196308" user="vietnam321" />
  <node id="11865416924" lat="20.9987790" lon="105.8706134" version="1" timestamp="2024-04-29T05:43:01Z" changeset="150645278" uid="11196308" user="vietnam321" />
  <node id="11865416925" lat="20.9988060" lon="105.8705969" version="1" timestamp="2024-04-29T05:43:01Z" changeset="150645278" uid="11196308" user="vietnam321" />
  <node id="11865416926" lat="20.9988688" lon="105.8707151" version="1" timestamp="2024-04-29T05:43:01Z" changeset="150645278" uid="11196308" user="vietnam321" />
  <node id="11865416927" lat="20.9987654" lon="105.8707782" version="1" timestamp="2024-04-29T05:43:01Z" changeset="150645278" uid="11196308" user="vietnam321" />
  <node id="11865416928" lat="20.9986965" lon="105.8706486" version="1" timestamp="2024-04-29T05:43:01Z" changeset="150645278" uid="11196308" user="vietnam321" />
  <node id="11865416929" lat="20.9986001" lon="105.8706480" version="1" timestamp="2024-04-29T05:43:01Z" changeset="150645278" uid="11196308" user="vietnam321" />
  <node id="11865416930" lat="20.9985985" lon="105.8709241" version="1" timestamp="2024-04-29T05:43:01Z" changeset="150645278" uid="11196308" user="vietnam321" />
  <node id="11865416931" lat="20.9985004" lon="105.8709234" version="1" timestamp="2024-04-29T05:43:01Z" changeset="150645278" uid="11196308" user="vietnam321" />
  <node id="11865416932" lat="20.9985012" lon="105.8707800" version="1" timestamp="2024-04-29T05:43:01Z" changeset="150645278" uid="11196308" user="vietnam321" />
  <node id="11865416933" lat="20.9984897" lon="105.8707799" version="1" timestamp="2024-04-29T05:43:01Z" changeset="150645278" uid="11196308" user="vietnam321" />
  <node id="11865416934" lat="20.9984904" lon="105.8706491" version="1" timestamp="2024-04-29T05:43:01Z" changeset="150645278" uid="11196308" user="vietnam321" />
  <node id="11865416935" lat="20.9985029" lon="105.8706491" version="1" timestamp="2024-04-29T05:43:01Z" changeset="150645278" uid="11196308" user="vietnam321" />
  <node id="11865416936" lat="20.9985037" lon="105.8704969" version="1" timestamp="2024-04-29T05:43:01Z" changeset="150645278" uid="11196308" user="vietnam321" />
  <node id="11876062129" lat="20.9961612" lon="105.8710592" version="1" timestamp="2024-05-03T09:43:21Z" changeset="150827793" uid="3323343" user="phoenixsaigon1698" />
  <node id="11876062130" lat="20.9959445" lon="105.8703433" version="1" timestamp="2024-05-03T09:43:21Z" changeset="150827793" uid="3323343" user="phoenixsaigon1698" />
  <node id="11876062139" lat="20.9962200" lon="105.8710452" version="1" timestamp="2024-05-03T09:43:21Z" changeset="150827793" uid="3323343" user="phoenixsaigon1698" />
  <node id="11876062140" lat="20.9961998" lon="105.8709466" version="1" timestamp="2024-05-03T09:43:21Z" changeset="150827793" uid="3323343" user="phoenixsaigon1698" />
  <node id="11876062142" lat="20.9973967" lon="105.8718079" version="1" timestamp="2024-05-03T09:43:21Z" changeset="150827793" uid="3323343" user="phoenixsaigon1698" />
  <node id="11921518179" lat="20.9953426" lon="105.8652448" version="1" timestamp="2024-05-21T06:02:32Z" changeset="151610300" uid="3323343" user="phoenixsaigon1698" />
  <node id="11921518180" lat="20.9951165" lon="105.8652300" version="2" timestamp="2024-06-22T08:03:25Z" changeset="153019263" uid="11196308" user="vietnam321" />
  <node id="11921518181" lat="20.9950978" lon="105.8656452" version="3" timestamp="2026-04-25T18:41:38Z" changeset="181819167" uid="23326231" user="Vmosnokia31" />
  <node id="12021450377" lat="20.9966998" lon="105.8672365" version="1" timestamp="2024-06-30T01:40:38Z" changeset="153352705" uid="3323343" user="phoenixsaigon1698" />
  <node id="12021450378" lat="20.9966827" lon="105.8673266" version="1" timestamp="2024-06-30T01:40:38Z" changeset="153352705" uid="3323343" user="phoenixsaigon1698" />
  <node id="12021450379" lat="20.9966080" lon="105.8673698" version="1" timestamp="2024-06-30T01:40:38Z" changeset="153352705" uid="3323343" user="phoenixsaigon1698" />
  <node id="12021450380" lat="20.9966594" lon="105.8673648" version="1" timestamp="2024-06-30T01:40:38Z" changeset="153352705" uid="3323343" user="phoenixsaigon1698" />
  <node id="12021450385" lat="21.0014028" lon="105.8658636" version="1" timestamp="2024-06-30T01:40:38Z" changeset="153352705" uid="3323343" user="phoenixsaigon1698" />
  <node id="12048754174" lat="20.9974839" lon="105.8693031" version="1" timestamp="2024-07-12T06:05:36Z" changeset="153838834" uid="3323343" user="phoenixsaigon1698" />
  <node id="12048754175" lat="20.9975345" lon="105.8705887" version="1" timestamp="2024-07-12T06:05:36Z" changeset="153838834" uid="3323343" user="phoenixsaigon1698" />
  <node id="12048754176" lat="20.9967165" lon="105.8716112" version="1" timestamp="2024-07-12T06:05:36Z" changeset="153838834" uid="3323343" user="phoenixsaigon1698" />
  <node id="12048754177" lat="20.9978977" lon="105.8714745" version="1" timestamp="2024-07-12T06:05:36Z" changeset="153838834" uid="3323343" user="phoenixsaigon1698" />
  <node id="12091395938" lat="20.9981097" lon="105.8664975" version="1" timestamp="2024-08-04T07:05:34Z" changeset="154798272" uid="20910140" user="Hung Tran 9x0" />
  <node id="12091395939" lat="20.9982467" lon="105.8666481" version="1" timestamp="2024-08-04T07:05:34Z" changeset="154798272" uid="20910140" user="Hung Tran 9x0" />
  <node id="12091395940" lat="20.9984685" lon="105.8664902" version="1" timestamp="2024-08-04T07:05:34Z" changeset="154798272" uid="20910140" user="Hung Tran 9x0" />
  <node id="12091395941" lat="20.9990972" lon="105.8662370" version="1" timestamp="2024-08-04T07:05:34Z" changeset="154798272" uid="20910140" user="Hung Tran 9x0" />
  <node id="12091395942" lat="20.9993743" lon="105.8661892" version="1" timestamp="2024-08-04T07:05:34Z" changeset="154798272" uid="20910140" user="Hung Tran 9x0" />
  <node id="12091395943" lat="20.9992998" lon="105.8660150" version="1" timestamp="2024-08-04T07:05:34Z" changeset="154798272" uid="20910140" user="Hung Tran 9x0" />
  <node id="12091395944" lat="20.9990821" lon="105.8660777" version="1" timestamp="2024-08-04T07:05:34Z" changeset="154798272" uid="20910140" user="Hung Tran 9x0" />
  <node id="12091395945" lat="20.9990863" lon="105.8658538" version="1" timestamp="2024-08-04T07:05:34Z" changeset="154798272" uid="20910140" user="Hung Tran 9x0" />
  <node id="12091395946" lat="20.9988909" lon="105.8658753" version="1" timestamp="2024-08-04T07:05:34Z" changeset="154798272" uid="20910140" user="Hung Tran 9x0" />
  <node id="12091395947" lat="20.9989046" lon="105.8660968" version="1" timestamp="2024-08-04T07:05:34Z" changeset="154798272" uid="20910140" user="Hung Tran 9x0" />
  <node id="12091395948" lat="20.9987175" lon="105.8661520" version="1" timestamp="2024-08-04T07:05:34Z" changeset="154798272" uid="20910140" user="Hung Tran 9x0" />
  <node id="12091395949" lat="20.9986706" lon="105.8659504" version="1" timestamp="2024-08-04T07:05:34Z" changeset="154798272" uid="20910140" user="Hung Tran 9x0" />
  <node id="12091395950" lat="20.9985128" lon="105.8660255" version="1" timestamp="2024-08-04T07:05:34Z" changeset="154798272" uid="20910140" user="Hung Tran 9x0" />
  <node id="12091395951" lat="20.9985579" lon="105.8662025" version="1" timestamp="2024-08-04T07:05:34Z" changeset="154798272" uid="20910140" user="Hung Tran 9x0" />
  <node id="12091395952" lat="20.9984076" lon="105.8662722" version="1" timestamp="2024-08-04T07:05:34Z" changeset="154798272" uid="20910140" user="Hung Tran 9x0" />
  <node id="12091395953" lat="20.9982749" lon="105.8661113" version="1" timestamp="2024-08-04T07:05:34Z" changeset="154798272" uid="20910140" user="Hung Tran 9x0" />
  <node id="12091395954" lat="20.9981572" lon="105.8662427" version="1" timestamp="2024-08-04T07:05:34Z" changeset="154798272" uid="20910140" user="Hung Tran 9x0" />
  <node id="12091395955" lat="20.9982549" lon="105.8663741" version="1" timestamp="2024-08-04T07:05:34Z" changeset="154798272" uid="20910140" user="Hung Tran 9x0" />
  <node id="12091395956" lat="20.9995285" lon="105.8665993" version="1" timestamp="2024-08-04T07:05:34Z" changeset="154798272" uid="20910140" user="Hung Tran 9x0" />
  <node id="12091395957" lat="20.9993925" lon="105.8664476" version="1" timestamp="2024-08-04T07:05:34Z" changeset="154798272" uid="20910140" user="Hung Tran 9x0" />
  <node id="12091395958" lat="20.9991696" lon="105.8666038" version="1" timestamp="2024-08-04T07:05:34Z" changeset="154798272" uid="20910140" user="Hung Tran 9x0" />
  <node id="12091395959" lat="20.9985392" lon="105.8668520" version="1" timestamp="2024-08-04T07:05:34Z" changeset="154798272" uid="20910140" user="Hung Tran 9x0" />
  <node id="12091395960" lat="20.9982618" lon="105.8668976" version="1" timestamp="2024-08-04T07:05:34Z" changeset="154798272" uid="20910140" user="Hung Tran 9x0" />
  <node id="12091395961" lat="20.9983351" lon="105.8670724" version="1" timestamp="2024-08-04T07:05:34Z" changeset="154798272" uid="20910140" user="Hung Tran 9x0" />
  <node id="12091395962" lat="20.9985532" lon="105.8670114" version="1" timestamp="2024-08-04T07:05:34Z" changeset="154798272" uid="20910140" user="Hung Tran 9x0" />
  <node id="12091395963" lat="20.9985475" lon="105.8672353" version="1" timestamp="2024-08-04T07:05:34Z" changeset="154798272" uid="20910140" user="Hung Tran 9x0" />
  <node id="12091395964" lat="20.9987430" lon="105.8672154" version="1" timestamp="2024-08-04T07:05:34Z" changeset="154798272" uid="20910140" user="Hung Tran 9x0" />
  <node id="12091395965" lat="20.9987309" lon="105.8669937" version="1" timestamp="2024-08-04T07:05:34Z" changeset="154798272" uid="20910140" user="Hung Tran 9x0" />
  <node id="12091395966" lat="20.9989183" lon="105.8669400" version="1" timestamp="2024-08-04T07:05:34Z" changeset="154798272" uid="20910140" user="Hung Tran 9x0" />
  <node id="12091395967" lat="20.9989639" lon="105.8671420" version="1" timestamp="2024-08-04T07:05:34Z" changeset="154798272" uid="20910140" user="Hung Tran 9x0" />
  <node id="12091395968" lat="20.9991221" lon="105.8670681" version="1" timestamp="2024-08-04T07:05:34Z" changeset="154798272" uid="20910140" user="Hung Tran 9x0" />
  <node id="12091427869" lat="20.9990783" lon="105.8668908" version="1" timestamp="2024-08-04T07:05:34Z" changeset="154798272" uid="20910140" user="Hung Tran 9x0" />
  <node id="12091427870" lat="20.9992290" lon="105.8668222" version="1" timestamp="2024-08-04T07:05:34Z" changeset="154798272" uid="20910140" user="Hung Tran 9x0" />
  <node id="12091427871" lat="20.9993606" lon="105.8669842" version="1" timestamp="2024-08-04T07:05:34Z" changeset="154798272" uid="20910140" user="Hung Tran 9x0" />
  <node id="12091427872" lat="20.9994792" lon="105.8668537" version="1" timestamp="2024-08-04T07:05:34Z" changeset="154798272" uid="20910140" user="Hung Tran 9x0" />
  <node id="12091427873" lat="20.9993824" lon="105.8667215" version="1" timestamp="2024-08-04T07:05:34Z" changeset="154798272" uid="20910140" user="Hung Tran 9x0" />
  <node id="12091427874" lat="20.9987039" lon="105.8663954" version="1" timestamp="2024-08-04T07:05:34Z" changeset="154798272" uid="20910140" user="Hung Tran 9x0" />
  <node id="12091427875" lat="20.9985792" lon="105.8659939" version="1" timestamp="2024-08-04T07:05:34Z" changeset="154798272" uid="20910140" user="Hung Tran 9x0" />
  <node id="12091427876" lat="20.9990485" lon="105.8671025" version="1" timestamp="2024-08-04T07:05:34Z" changeset="154798272" uid="20910140" user="Hung Tran 9x0" />
  <node id="12091427877" lat="20.9989285" lon="105.8666987" version="1" timestamp="2024-08-04T07:05:34Z" changeset="154798272" uid="20910140" user="Hung Tran 9x0" />
  <node id="12091427878" lat="20.9988237" lon="105.8670500" version="1" timestamp="2024-08-04T07:05:34Z" changeset="154798272" uid="20910140" user="Hung Tran 9x0" />
  <node id="12091427879" lat="20.9992691" lon="105.8671579" version="2" timestamp="2026-02-08T05:15:47Z" changeset="178252551" uid="11141338" user="FanaticAir75626" />
  <node id="12091427880" lat="20.9991717" lon="105.8669003" version="1" timestamp="2024-08-04T07:05:34Z" changeset="154798272" uid="20910140" user="Hung Tran 9x0" />
  <node id="12091427882" lat="20.9987529" lon="105.8657909" version="2" timestamp="2026-02-08T05:15:47Z" changeset="178252551" uid="11141338" user="FanaticAir75626" />
  <node id="12091427883" lat="20.9988309" lon="105.8660089" version="1" timestamp="2024-08-04T07:05:34Z" changeset="154798272" uid="20910140" user="Hung Tran 9x0" />
  <node id="12091427884" lat="20.9984009" lon="105.8659305" version="2" timestamp="2026-02-08T05:15:47Z" changeset="178252551" uid="11141338" user="FanaticAir75626" />
  <node id="12091427885" lat="20.9984792" lon="105.8661521" version="1" timestamp="2024-08-04T07:05:34Z" changeset="154798272" uid="20910140" user="Hung Tran 9x0" />
  <node id="12098983477" lat="20.9967205" lon="105.8691809" version="2" timestamp="2026-04-27T13:35:28Z" changeset="181891442" uid="23326231" user="Vmosnokia31">
    <tag k="highway" v="crossing" />
  </node>
  <node id="12098983478" lat="20.9963043" lon="105.8700629" version="3" timestamp="2026-05-04T10:20:51Z" changeset="182197444" uid="23326231" user="Vmosnokia31">
    <tag k="highway" v="crossing" />
  </node>
  <node id="12098983479" lat="20.9950768" lon="105.8700563" version="2" timestamp="2026-04-27T13:35:28Z" changeset="181891442" uid="23326231" user="Vmosnokia31">
    <tag k="highway" v="crossing" />
  </node>
  <node id="12098983482" lat="20.9967316" lon="105.8701107" version="2" timestamp="2026-04-27T13:35:28Z" changeset="181891442" uid="23326231" user="Vmosnokia31" />
  <node id="12107190554" lat="21.0005114" lon="105.8671274" version="2" timestamp="2025-08-22T15:19:18Z" changeset="170838172" uid="20910140" user="Hung Tran 9x0" />
  <node id="12107190555" lat="21.0005268" lon="105.8676448" version="2" timestamp="2025-08-22T15:19:18Z" changeset="170838172" uid="20910140" user="Hung Tran 9x0">
    <tag k="noexit" v="yes" />
  </node>
  <node id="12107190556" lat="21.0005178" lon="105.8673244" version="1" timestamp="2024-08-13T03:39:32Z" changeset="155175197" uid="18820325" user="Grab_Cong" />
  <node id="12155254874" lat="20.9970241" lon="105.8723641" version="1" timestamp="2024-09-04T11:33:45Z" changeset="156181729" uid="21213273" user="openmap-vn" />
  <node id="12155254875" lat="20.9969262" lon="105.8719418" version="2" timestamp="2026-05-10T08:56:38Z" changeset="182455948" uid="23326231" user="Vmosnokia31" />
  <node id="12159495202" lat="20.9964207" lon="105.8672514" version="1" timestamp="2024-09-06T08:03:39Z" changeset="156261242" uid="3323343" user="phoenixsaigon1698" />
  <node id="12159495203" lat="20.9962619" lon="105.8672505" version="1" timestamp="2024-09-06T08:03:39Z" changeset="156261242" uid="3323343" user="phoenixsaigon1698" />
  <node id="12159495204" lat="20.9962716" lon="105.8672874" version="1" timestamp="2024-09-06T08:03:39Z" changeset="156261242" uid="3323343" user="phoenixsaigon1698" />
  <node id="12159495205" lat="20.9962791" lon="105.8673133" version="1" timestamp="2024-09-06T08:03:39Z" changeset="156261242" uid="3323343" user="phoenixsaigon1698" />
  <node id="12159495206" lat="20.9963107" lon="105.8673587" version="1" timestamp="2024-09-06T08:03:39Z" changeset="156261242" uid="3323343" user="phoenixsaigon1698" />
  <node id="12159495207" lat="20.9962934" lon="105.8673389" version="1" timestamp="2024-09-06T08:03:39Z" changeset="156261242" uid="3323343" user="phoenixsaigon1698" />
  <node id="12164681272" lat="20.9968467" lon="105.8676238" version="1" timestamp="2024-09-09T02:24:56Z" changeset="156374193" uid="3323343" user="phoenixsaigon1698" />
  <node id="12270506437" lat="21.0000636" lon="105.8710022" version="1" timestamp="2024-10-20T08:03:56Z" changeset="158117092" uid="20881381" user="edumiz624" />
  <node id="12270506438" lat="21.0002722" lon="105.8708413" version="1" timestamp="2024-10-20T08:03:56Z" changeset="158117092" uid="20881381" user="edumiz624" />
  <node id="12293322784" lat="21.0010087" lon="105.8672126" version="1" timestamp="2024-10-28T07:17:57Z" changeset="158442125" uid="3323343" user="phoenixsaigon1698" />
  <node id="12317957255" lat="20.9984819" lon="105.8726648" version="2" timestamp="2026-06-08T04:32:24Z" changeset="183807915" uid="23326231" user="Vmosnokia31" />
  <node id="12317957256" lat="20.9984300" lon="105.8725135" version="2" timestamp="2026-06-08T04:32:24Z" changeset="183807915" uid="23326231" user="Vmosnokia31" />
  <node id="12320800700" lat="21.0007564" lon="105.8683519" version="1" timestamp="2024-11-07T15:22:54Z" changeset="158860536" uid="3323343" user="phoenixsaigon1698" />
  <node id="12323676005" lat="20.9957238" lon="105.8687025" version="2" timestamp="2024-11-08T15:10:14Z" changeset="158899654" uid="11691953" user="ItsLouisAnderson" />
  <node id="12413812160" lat="20.9974584" lon="105.8677834" version="2" timestamp="2026-04-27T13:35:28Z" changeset="181891442" uid="23326231" user="Vmosnokia31">
    <tag k="highway" v="crossing" />
  </node>
  <node id="12413812161" lat="20.9969018" lon="105.8686706" version="1" timestamp="2024-12-11T21:06:17Z" changeset="160185425" uid="161619" user="FvGordon" />
  <node id="12543711238" lat="20.9996270" lon="105.8713385" version="1" timestamp="2025-01-30T13:26:09Z" changeset="161937505" uid="11691953" user="ItsLouisAnderson" />
  <node id="12543711239" lat="20.9997425" lon="105.8713226" version="1" timestamp="2025-01-30T13:26:09Z" changeset="161937505" uid="11691953" user="ItsLouisAnderson" />
  <node id="12543711240" lat="20.9997897" lon="105.8712845" version="1" timestamp="2025-01-30T13:26:09Z" changeset="161937505" uid="11691953" user="ItsLouisAnderson" />
  <node id="12543711241" lat="20.9994494" lon="105.8710880" version="3" timestamp="2026-06-08T04:32:24Z" changeset="183807915" uid="23326231" user="Vmosnokia31" />
  <node id="12556203771" lat="20.9952302" lon="105.8652309" version="2" timestamp="2026-04-25T18:41:38Z" changeset="181819167" uid="23326231" user="Vmosnokia31" />
  <node id="12618273878" lat="20.9983411" lon="105.8656253" version="1" timestamp="2025-02-25T14:14:19Z" changeset="162934157" uid="11196308" user="vietnam321" />
  <node id="12618273881" lat="20.9989402" lon="105.8655598" version="1" timestamp="2025-02-25T14:14:19Z" changeset="162934157" uid="11196308" user="vietnam321" />
  <node id="12618273882" lat="20.9988572" lon="105.8655773" version="1" timestamp="2025-02-25T14:14:19Z" changeset="162934157" uid="11196308" user="vietnam321" />
  <node id="12618273883" lat="20.9988513" lon="105.8655452" version="1" timestamp="2025-02-25T14:14:19Z" changeset="162934157" uid="11196308" user="vietnam321" />
  <node id="12618273884" lat="20.9987783" lon="105.8655606" version="1" timestamp="2025-02-25T14:14:19Z" changeset="162934157" uid="11196308" user="vietnam321" />
  <node id="12618273885" lat="20.9987844" lon="105.8655942" version="1" timestamp="2025-02-25T14:14:19Z" changeset="162934157" uid="11196308" user="vietnam321" />
  <node id="12618273886" lat="20.9987486" lon="105.8656018" version="1" timestamp="2025-02-25T14:14:19Z" changeset="162934157" uid="11196308" user="vietnam321" />
  <node id="12618273887" lat="20.9987583" lon="105.8656548" version="1" timestamp="2025-02-25T14:14:19Z" changeset="162934157" uid="11196308" user="vietnam321" />
  <node id="12618273888" lat="20.9987912" lon="105.8656478" version="1" timestamp="2025-02-25T14:14:19Z" changeset="162934157" uid="11196308" user="vietnam321" />
  <node id="12618273889" lat="20.9987940" lon="105.8656632" version="1" timestamp="2025-02-25T14:14:19Z" changeset="162934157" uid="11196308" user="vietnam321" />
  <node id="12618273890" lat="20.9989530" lon="105.8656297" version="1" timestamp="2025-02-25T14:14:19Z" changeset="162934157" uid="11196308" user="vietnam321" />
  <node id="12618273891" lat="20.9988738" lon="105.8654621" version="1" timestamp="2025-02-25T14:14:19Z" changeset="162934157" uid="11196308" user="vietnam321" />
  <node id="12618273892" lat="20.9989695" lon="105.8654436" version="1" timestamp="2025-02-25T14:14:19Z" changeset="162934157" uid="11196308" user="vietnam321" />
  <node id="12618273893" lat="20.9989975" lon="105.8655776" version="1" timestamp="2025-02-25T14:14:19Z" changeset="162934157" uid="11196308" user="vietnam321" />
  <node id="12618273894" lat="20.9989500" lon="105.8655930" version="1" timestamp="2025-02-25T14:14:19Z" changeset="162934157" uid="11196308" user="vietnam321" />
  <node id="12618273895" lat="20.9989378" lon="105.8655375" version="1" timestamp="2025-02-25T14:14:19Z" changeset="162934157" uid="11196308" user="vietnam321" />
  <node id="12618273896" lat="20.9988896" lon="105.8655483" version="1" timestamp="2025-02-25T14:14:19Z" changeset="162934157" uid="11196308" user="vietnam321" />
  <node id="12618273897" lat="20.9989989" lon="105.8654374" version="1" timestamp="2025-02-25T14:14:19Z" changeset="162934157" uid="11196308" user="vietnam321" />
  <node id="12618273898" lat="20.9990284" lon="105.8655653" version="1" timestamp="2025-02-25T14:14:19Z" changeset="162934157" uid="11196308" user="vietnam321" />
  <node id="12618285401" lat="20.9983240" lon="105.8655873" version="1" timestamp="2025-02-25T14:14:19Z" changeset="162934157" uid="11196308" user="vietnam321" />
  <node id="12618285402" lat="20.9983014" lon="105.8655214" version="1" timestamp="2025-02-25T14:14:19Z" changeset="162934157" uid="11196308" user="vietnam321" />
  <node id="12618285403" lat="20.9980418" lon="105.8656236" version="1" timestamp="2025-02-25T14:14:19Z" changeset="162934157" uid="11196308" user="vietnam321" />
  <node id="12618285404" lat="20.9980720" lon="105.8657116" version="1" timestamp="2025-02-25T14:14:19Z" changeset="162934157" uid="11196308" user="vietnam321" />
  <node id="12618285405" lat="20.9983129" lon="105.8656169" version="1" timestamp="2025-02-25T14:14:19Z" changeset="162934157" uid="11196308" user="vietnam321" />
  <node id="12618285406" lat="20.9977682" lon="105.8657125" version="1" timestamp="2025-02-25T14:14:19Z" changeset="162934157" uid="11196308" user="vietnam321" />
  <node id="12618285407" lat="20.9978905" lon="105.8656623" version="1" timestamp="2025-02-25T14:14:19Z" changeset="162934157" uid="11196308" user="vietnam321" />
  <node id="12618285408" lat="20.9979019" lon="105.8656420" version="1" timestamp="2025-02-25T14:14:19Z" changeset="162934157" uid="11196308" user="vietnam321" />
  <node id="12618285409" lat="20.9979188" lon="105.8656894" version="1" timestamp="2025-02-25T14:14:19Z" changeset="162934157" uid="11196308" user="vietnam321" />
  <node id="12618285410" lat="20.9979264" lon="105.8656863" version="1" timestamp="2025-02-25T14:14:19Z" changeset="162934157" uid="11196308" user="vietnam321" />
  <node id="12618285411" lat="20.9979449" lon="105.8657381" version="1" timestamp="2025-02-25T14:14:19Z" changeset="162934157" uid="11196308" user="vietnam321" />
  <node id="12618285412" lat="20.9977988" lon="105.8657980" version="1" timestamp="2025-02-25T14:14:19Z" changeset="162934157" uid="11196308" user="vietnam321" />
  <node id="12618285413" lat="20.9977208" lon="105.8654804" version="1" timestamp="2025-02-25T14:14:19Z" changeset="162934157" uid="11196308" user="vietnam321" />
  <node id="12618285414" lat="20.9977864" lon="105.8656618" version="1" timestamp="2025-02-25T14:14:19Z" changeset="162934157" uid="11196308" user="vietnam321" />
  <node id="12618285415" lat="20.9978099" lon="105.8656520" version="1" timestamp="2025-02-25T14:14:19Z" changeset="162934157" uid="11196308" user="vietnam321" />
  <node id="12618285416" lat="20.9978159" lon="105.8656686" version="1" timestamp="2025-02-25T14:14:19Z" changeset="162934157" uid="11196308" user="vietnam321" />
  <node id="12618285417" lat="20.9978670" lon="105.8656474" version="1" timestamp="2025-02-25T14:14:19Z" changeset="162934157" uid="11196308" user="vietnam321" />
  <node id="12618285418" lat="20.9978611" lon="105.8656311" version="1" timestamp="2025-02-25T14:14:19Z" changeset="162934157" uid="11196308" user="vietnam321" />
  <node id="12618285419" lat="20.9978868" lon="105.8656204" version="1" timestamp="2025-02-25T14:14:19Z" changeset="162934157" uid="11196308" user="vietnam321" />
  <node id="12618285420" lat="20.9978211" lon="105.8654388" version="1" timestamp="2025-02-25T14:14:19Z" changeset="162934157" uid="11196308" user="vietnam321" />
  <node id="12618285421" lat="20.9978012" lon="105.8654471" version="1" timestamp="2025-02-25T14:14:19Z" changeset="162934157" uid="11196308" user="vietnam321" />
  <node id="12618285422" lat="20.9977960" lon="105.8654327" version="1" timestamp="2025-02-25T14:14:19Z" changeset="162934157" uid="11196308" user="vietnam321" />
  <node id="12618285423" lat="20.9977402" lon="105.8654558" version="1" timestamp="2025-02-25T14:14:19Z" changeset="162934157" uid="11196308" user="vietnam321" />
  <node id="12618285424" lat="20.9977454" lon="105.8654702" version="1" timestamp="2025-02-25T14:14:19Z" changeset="162934157" uid="11196308" user="vietnam321" />
  <node id="12777639277" lat="20.9979945" lon="105.8668481" version="3" timestamp="2026-02-07T16:56:42Z" changeset="178236579" uid="22065819" user="Hung159" />
  <node id="12863626858" lat="20.9961758" lon="105.8705577" version="2" timestamp="2026-05-10T08:56:38Z" changeset="182455948" uid="23326231" user="Vmosnokia31" />
  <node id="12863626859" lat="20.9962617" lon="105.8705579" version="2" timestamp="2026-05-10T08:56:38Z" changeset="182455948" uid="23326231" user="Vmosnokia31" />
  <node id="12888207314" lat="21.0014936" lon="105.8671995" version="1" timestamp="2025-06-05T07:34:57Z" changeset="167208923" uid="3323343" user="phoenixsaigon1698" />
  <node id="12944186092" lat="20.9960945" lon="105.8653090" version="1" timestamp="2025-06-22T06:51:12Z" changeset="167939729" uid="20910140" user="Hung Tran 9x0" />
  <node id="12944186093" lat="20.9959631" lon="105.8654352" version="1" timestamp="2025-06-22T06:51:12Z" changeset="167939729" uid="20910140" user="Hung Tran 9x0" />
  <node id="12944186094" lat="20.9959622" lon="105.8655122" version="1" timestamp="2025-06-22T06:51:12Z" changeset="167939729" uid="20910140" user="Hung Tran 9x0" />
  <node id="12944186095" lat="20.9961226" lon="105.8652622" version="1" timestamp="2025-06-22T06:51:12Z" changeset="167939729" uid="20910140" user="Hung Tran 9x0" />
  <node id="12944186096" lat="20.9956263" lon="105.8654420" version="1" timestamp="2025-06-22T06:51:12Z" changeset="167939729" uid="20910140" user="Hung Tran 9x0" />
  <node id="12969157888" lat="20.9996663" lon="105.8713460" version="1" timestamp="2025-07-02T09:12:45Z" changeset="168388240" uid="3323343" user="phoenixsaigon1698" />
  <node id="13042463434" lat="21.0008060" lon="105.8665528" version="1" timestamp="2025-08-02T05:33:19Z" changeset="169845514" uid="20910140" user="Hung Tran 9x0">
    <tag k="barrier" v="bollard" />
    <tag k="bicycle" v="yes" />
    <tag k="foot" v="yes" />
    <tag k="horse" v="no" />
    <tag k="material" v="concrete" />
    <tag k="mofa" v="yes" />
    <tag k="moped" v="yes" />
    <tag k="motor_vehicle" v="no" />
    <tag k="motorcycle" v="yes" />
  </node>
  <node id="13042463435" lat="20.9989055" lon="105.8677895" version="1" timestamp="2025-08-02T05:33:19Z" changeset="169845514" uid="20910140" user="Hung Tran 9x0" />
  <node id="13050147688" lat="20.9974348" lon="105.8713905" version="1" timestamp="2025-08-05T14:20:25Z" changeset="170009909" uid="20910140" user="Hung Tran 9x0">
    <tag k="entrance" v="yes" />
    <tag k="name" v="A2" />
  </node>
  <node id="13050147689" lat="20.9979318" lon="105.8713881" version="1" timestamp="2025-08-05T14:20:25Z" changeset="170009909" uid="20910140" user="Hung Tran 9x0">
    <tag k="entrance" v="yes" />
    <tag k="name" v="A1" />
  </node>
  <node id="13050147690" lat="20.9972148" lon="105.8712182" version="1" timestamp="2025-08-05T14:20:25Z" changeset="170009909" uid="20910140" user="Hung Tran 9x0">
    <tag k="amenity" v="parking_entrance" />
  </node>
  <node id="13050147691" lat="20.9970880" lon="105.8712179" version="1" timestamp="2025-08-05T14:20:25Z" changeset="170009909" uid="20910140" user="Hung Tran 9x0" />
  <node id="13089371175" lat="21.0005885" lon="105.8668288" version="1" timestamp="2025-08-22T15:19:18Z" changeset="170838172" uid="20910140" user="Hung Tran 9x0">
    <tag k="barrier" v="gate" />
  </node>
  <node id="13089391609" lat="21.0009840" lon="105.8668785" version="2" timestamp="2026-01-06T15:18:31Z" changeset="176907828" uid="20910140" user="Hung Tran 9x0" />
  <node id="13089391610" lat="21.0009868" lon="105.8670714" version="2" timestamp="2026-01-06T15:18:31Z" changeset="176907828" uid="20910140" user="Hung Tran 9x0" />
  <node id="13089391611" lat="21.0006384" lon="105.8670772" version="2" timestamp="2026-01-06T15:18:31Z" changeset="176907828" uid="20910140" user="Hung Tran 9x0" />
  <node id="13089391612" lat="21.0006356" lon="105.8668844" version="2" timestamp="2026-01-06T15:18:31Z" changeset="176907828" uid="20910140" user="Hung Tran 9x0" />
  <node id="13159227284" lat="20.9990512" lon="105.8703708" version="1" timestamp="2025-09-21T06:16:56Z" changeset="172230786" uid="22065819" user="Hung159" />
  <node id="13286747971" lat="21.0009011" lon="105.8658531" version="1" timestamp="2025-11-07T07:38:31Z" changeset="174320123" uid="11141338" user="FanaticAir75626" />
  <node id="13286747972" lat="21.0009013" lon="105.8656917" version="1" timestamp="2025-11-07T07:38:31Z" changeset="174320123" uid="11141338" user="FanaticAir75626" />
  <node id="13286747973" lat="21.0012425" lon="105.8656923" version="1" timestamp="2025-11-07T07:38:31Z" changeset="174320123" uid="11141338" user="FanaticAir75626" />
  <node id="13286747974" lat="21.0012423" lon="105.8658536" version="1" timestamp="2025-11-07T07:38:31Z" changeset="174320123" uid="11141338" user="FanaticAir75626" />
  <node id="13449278284" lat="20.9957249" lon="105.8711169" version="2" timestamp="2026-05-10T08:56:38Z" changeset="182455948" uid="23326231" user="Vmosnokia31" />
  <node id="13449278285" lat="20.9957546" lon="105.8713404" version="2" timestamp="2026-05-10T08:56:38Z" changeset="182455948" uid="23326231" user="Vmosnokia31" />
  <node id="13454798261" lat="20.9960212" lon="105.8690600" version="1" timestamp="2026-01-14T03:23:43Z" changeset="177203049" uid="21597372" user="Evgeny Arbatov" />
  <node id="13454798262" lat="20.9960240" lon="105.8685983" version="1" timestamp="2026-01-14T03:23:43Z" changeset="177203049" uid="21597372" user="Evgeny Arbatov" />
  <node id="13454798263" lat="20.9960217" lon="105.8689748" version="1" timestamp="2026-01-14T03:23:43Z" changeset="177203049" uid="21597372" user="Evgeny Arbatov">
    <tag k="highway" v="crossing" />
  </node>
  <node id="13532420523" lat="20.9981368" lon="105.8672474" version="1" timestamp="2026-02-07T16:56:42Z" changeset="178236579" uid="22065819" user="Hung159" />
  <node id="13533539884" lat="20.9998360" lon="105.8653612" version="1" timestamp="2026-02-08T05:15:47Z" changeset="178252551" uid="11141338" user="FanaticAir75626" />
  <node id="13546419876" lat="20.9950847" lon="105.8674095" version="1" timestamp="2026-02-12T14:54:40Z" changeset="178462032" uid="21825758" user="GrabVN_HHanh">
    <tag k="barrier" v="yes" />
  </node>
  <node id="13649015838" lat="21.0002445" lon="105.8666262" version="1" timestamp="2026-03-15T06:11:58Z" changeset="179884342" uid="20910140" user="Hung Tran 9x0" />
  <node id="13649015839" lat="21.0002306" lon="105.8666438" version="1" timestamp="2026-03-15T06:11:58Z" changeset="179884342" uid="20910140" user="Hung Tran 9x0">
    <tag k="barrier" v="gate" />
  </node>
  <node id="13649015840" lat="21.0002320" lon="105.8667193" version="1" timestamp="2026-03-15T06:11:58Z" changeset="179884342" uid="20910140" user="Hung Tran 9x0" />
  <node id="13761314892" lat="20.9964020" lon="105.8652165" version="1" timestamp="2026-04-25T18:41:38Z" changeset="181819167" uid="23326231" user="Vmosnokia31" />
  <node id="13761314893" lat="20.9964736" lon="105.8654963" version="1" timestamp="2026-04-25T18:41:38Z" changeset="181819167" uid="23326231" user="Vmosnokia31" />
  <node id="13761314894" lat="20.9964684" lon="105.8654761" version="1" timestamp="2026-04-25T18:41:38Z" changeset="181819167" uid="23326231" user="Vmosnokia31" />
  <node id="13761314895" lat="20.9967944" lon="105.8654448" version="1" timestamp="2026-04-25T18:41:38Z" changeset="181819167" uid="23326231" user="Vmosnokia31" />
  <node id="13761314896" lat="20.9963082" lon="105.8652348" version="1" timestamp="2026-04-25T18:41:38Z" changeset="181819167" uid="23326231" user="Vmosnokia31" />
  <node id="13761314897" lat="20.9963643" lon="105.8654700" version="1" timestamp="2026-04-25T18:41:38Z" changeset="181819167" uid="23326231" user="Vmosnokia31" />
  <node id="13761314898" lat="20.9961736" lon="105.8655227" version="1" timestamp="2026-04-25T18:41:38Z" changeset="181819167" uid="23326231" user="Vmosnokia31" />
  <node id="13761314899" lat="20.9965498" lon="105.8651895" version="1" timestamp="2026-04-25T18:41:38Z" changeset="181819167" uid="23326231" user="Vmosnokia31" />
  <node id="13761314900" lat="20.9965743" lon="105.8653146" version="1" timestamp="2026-04-25T18:41:38Z" changeset="181819167" uid="23326231" user="Vmosnokia31" />
  <node id="13761406801" lat="20.9965823" lon="105.8653737" version="1" timestamp="2026-04-25T18:41:38Z" changeset="181819167" uid="23326231" user="Vmosnokia31" />
  <node id="13761406802" lat="20.9965691" lon="105.8653765" version="1" timestamp="2026-04-25T18:41:38Z" changeset="181819167" uid="23326231" user="Vmosnokia31" />
  <node id="13761406803" lat="20.9966571" lon="105.8653714" version="1" timestamp="2026-04-25T18:41:38Z" changeset="181819167" uid="23326231" user="Vmosnokia31" />
  <node id="13761406804" lat="20.9953019" lon="105.8652421" version="1" timestamp="2026-04-25T18:41:38Z" changeset="181819167" uid="23326231" user="Vmosnokia31" />
  <node id="13761406805" lat="20.9952958" lon="105.8654066" version="1" timestamp="2026-04-25T18:41:38Z" changeset="181819167" uid="23326231" user="Vmosnokia31" />
  <node id="13761406806" lat="20.9952704" lon="105.8654221" version="1" timestamp="2026-04-25T18:41:38Z" changeset="181819167" uid="23326231" user="Vmosnokia31" />
  <node id="13761406807" lat="20.9951638" lon="105.8654193" version="1" timestamp="2026-04-25T18:41:38Z" changeset="181819167" uid="23326231" user="Vmosnokia31" />
  <node id="13761406808" lat="20.9954571" lon="105.8654102" version="1" timestamp="2026-04-25T18:41:38Z" changeset="181819167" uid="23326231" user="Vmosnokia31" />
  <node id="13761406819" lat="20.9950977" lon="105.8657907" version="1" timestamp="2026-04-25T18:41:38Z" changeset="181819167" uid="23326231" user="Vmosnokia31" />
  <node id="13761406820" lat="20.9952546" lon="105.8657950" version="1" timestamp="2026-04-25T18:41:38Z" changeset="181819167" uid="23326231" user="Vmosnokia31" />
  <node id="13761406821" lat="20.9950977" lon="105.8657321" version="1" timestamp="2026-04-25T18:41:38Z" changeset="181819167" uid="23326231" user="Vmosnokia31" />
  <node id="13761406822" lat="20.9949633" lon="105.8657293" version="1" timestamp="2026-04-25T18:41:38Z" changeset="181819167" uid="23326231" user="Vmosnokia31" />
  <node id="13761406823" lat="20.9949593" lon="105.8655259" version="1" timestamp="2026-04-25T18:41:38Z" changeset="181819167" uid="23326231" user="Vmosnokia31" />
  <node id="13766857230" lat="20.9948926" lon="105.8701111" version="1" timestamp="2026-04-27T13:42:24Z" changeset="181891746" uid="23326231" user="Vmosnokia31" />
  <node id="13766857231" lat="20.9948940" lon="105.8703130" version="1" timestamp="2026-04-27T13:42:24Z" changeset="181891746" uid="23326231" user="Vmosnokia31" />
  <node id="13766857232" lat="20.9947387" lon="105.8702960" version="1" timestamp="2026-04-27T13:42:24Z" changeset="181891746" uid="23326231" user="Vmosnokia31" />
  <node id="13766857233" lat="20.9948930" lon="105.8701633" version="1" timestamp="2026-04-27T13:42:24Z" changeset="181891746" uid="23326231" user="Vmosnokia31">
    <tag k="highway" v="crossing" />
  </node>
  <node id="13766865521" lat="20.9968385" lon="105.8695772" version="1" timestamp="2026-04-27T13:35:28Z" changeset="181891442" uid="23326231" user="Vmosnokia31" />
  <node id="13766865522" lat="20.9967333" lon="105.8696348" version="1" timestamp="2026-04-27T13:35:28Z" changeset="181891442" uid="23326231" user="Vmosnokia31" />
  <node id="13766865530" lat="20.9946817" lon="105.8673450" version="1" timestamp="2026-04-27T13:35:28Z" changeset="181891442" uid="23326231" user="Vmosnokia31">
    <tag k="crossing" v="uncontrolled" />
    <tag k="crossing:markings" v="zebra" />
    <tag k="highway" v="crossing" />
  </node>
  <node id="13786292741" lat="20.9995224" lon="105.8712606" version="1" timestamp="2026-05-02T07:52:56Z" changeset="182104342" uid="23326231" user="Vmosnokia31" />
  <node id="13793919785" lat="20.9968474" lon="105.8704346" version="2" timestamp="2026-07-18T10:16:30Z" changeset="185949488" uid="23326231" user="Vmosnokia31">
    <tag k="barrier" v="gate" />
  </node>
  <node id="13813225535" lat="20.9985263" lon="105.8696071" version="1" timestamp="2026-05-10T08:56:38Z" changeset="182455948" uid="23326231" user="Vmosnokia31" />
  <node id="13813225536" lat="20.9985017" lon="105.8695636" version="1" timestamp="2026-05-10T08:56:38Z" changeset="182455948" uid="23326231" user="Vmosnokia31" />
  <node id="13813225537" lat="20.9982006" lon="105.8696837" version="1" timestamp="2026-05-10T08:56:38Z" changeset="182455948" uid="23326231" user="Vmosnokia31" />
  <node id="13813225538" lat="20.9981891" lon="105.8696471" version="1" timestamp="2026-05-10T08:56:38Z" changeset="182455948" uid="23326231" user="Vmosnokia31" />
  <node id="13813225539" lat="20.9981073" lon="105.8696781" version="1" timestamp="2026-05-10T08:56:38Z" changeset="182455948" uid="23326231" user="Vmosnokia31" />
  <node id="13813225540" lat="20.9980392" lon="105.8697075" version="1" timestamp="2026-05-10T08:56:38Z" changeset="182455948" uid="23326231" user="Vmosnokia31" />
  <node id="13813225541" lat="20.9980401" lon="105.8694865" version="1" timestamp="2026-05-10T08:56:38Z" changeset="182455948" uid="23326231" user="Vmosnokia31" />
  <node id="13813225542" lat="20.9989960" lon="105.8702415" version="1" timestamp="2026-05-10T08:56:38Z" changeset="182455948" uid="23326231" user="Vmosnokia31" />
  <node id="13813225543" lat="20.9987182" lon="105.8703672" version="1" timestamp="2026-05-10T08:56:38Z" changeset="182455948" uid="23326231" user="Vmosnokia31" />
  <node id="13813225544" lat="20.9986072" lon="105.8703968" version="1" timestamp="2026-05-10T08:56:38Z" changeset="182455948" uid="23326231" user="Vmosnokia31" />
  <node id="13813225545" lat="20.9989463" lon="105.8702640" version="1" timestamp="2026-05-10T08:56:38Z" changeset="182455948" uid="23326231" user="Vmosnokia31">
    <tag k="highway" v="crossing" />
  </node>
  <node id="13813225546" lat="20.9989752" lon="105.8701928" version="1" timestamp="2026-05-10T08:56:38Z" changeset="182455948" uid="23326231" user="Vmosnokia31" />
  <node id="13813225547" lat="20.9988634" lon="105.8702401" version="1" timestamp="2026-05-10T08:56:38Z" changeset="182455948" uid="23326231" user="Vmosnokia31" />
  <node id="13813225548" lat="20.9988513" lon="105.8701993" version="1" timestamp="2026-05-10T08:56:38Z" changeset="182455948" uid="23326231" user="Vmosnokia31" />
  <node id="13813225549" lat="20.9986034" lon="105.8702253" version="1" timestamp="2026-05-10T08:56:38Z" changeset="182455948" uid="23326231" user="Vmosnokia31" />
  <node id="13813225550" lat="20.9986055" lon="105.8703247" version="1" timestamp="2026-05-10T08:56:38Z" changeset="182455948" uid="23326231" user="Vmosnokia31" />
  <node id="13813225551" lat="20.9989263" lon="105.8702135" version="1" timestamp="2026-05-10T08:56:38Z" changeset="182455948" uid="23326231" user="Vmosnokia31">
    <tag k="highway" v="crossing" />
  </node>
  <node id="13813225557" lat="20.9989076" lon="105.8702214" version="1" timestamp="2026-05-10T08:56:38Z" changeset="182455948" uid="23326231" user="Vmosnokia31">
    <tag k="barrier" v="gate" />
  </node>
  <node id="13813225558" lat="20.9982111" lon="105.8712976" version="1" timestamp="2026-05-10T08:56:38Z" changeset="182455948" uid="23326231" user="Vmosnokia31" />
  <node id="13813225563" lat="20.9950902" lon="105.8705245" version="1" timestamp="2026-05-10T08:56:38Z" changeset="182455948" uid="23326231" user="Vmosnokia31" />
  <node id="13813225564" lat="20.9950797" lon="105.8703963" version="1" timestamp="2026-05-10T08:56:38Z" changeset="182455948" uid="23326231" user="Vmosnokia31" />
  <node id="13813225565" lat="20.9948879" lon="105.8704113" version="1" timestamp="2026-05-10T08:56:38Z" changeset="182455948" uid="23326231" user="Vmosnokia31" />
  <node id="13813225566" lat="20.9948991" lon="105.8705021" version="1" timestamp="2026-05-10T08:56:38Z" changeset="182455948" uid="23326231" user="Vmosnokia31" />
  <node id="13813225567" lat="20.9949203" lon="105.8705810" version="1" timestamp="2026-05-10T08:56:38Z" changeset="182455948" uid="23326231" user="Vmosnokia31" />
  <node id="13813225568" lat="20.9949741" lon="105.8707123" version="1" timestamp="2026-05-10T08:56:38Z" changeset="182455948" uid="23326231" user="Vmosnokia31" />
  <node id="13813225569" lat="20.9949661" lon="105.8705658" version="1" timestamp="2026-05-10T08:56:38Z" changeset="182455948" uid="23326231" user="Vmosnokia31" />
  <node id="13813225570" lat="20.9950188" lon="105.8707080" version="1" timestamp="2026-05-10T08:56:38Z" changeset="182455948" uid="23326231" user="Vmosnokia31" />
  <node id="13813225571" lat="20.9951360" lon="105.8706784" version="1" timestamp="2026-05-10T08:56:38Z" changeset="182455948" uid="23326231" user="Vmosnokia31" />
  <node id="13813225572" lat="20.9946547" lon="105.8707154" version="1" timestamp="2026-05-10T08:56:38Z" changeset="182455948" uid="23326231" user="Vmosnokia31" />
  <node id="13813225578" lat="20.9957537" lon="105.8704676" version="1" timestamp="2026-05-10T08:56:38Z" changeset="182455948" uid="23326231" user="Vmosnokia31" />
  <node id="13813225590" lat="20.9948855" lon="105.8709115" version="1" timestamp="2026-05-10T08:56:38Z" changeset="182455948" uid="23326231" user="Vmosnokia31" />
  <node id="13813225592" lat="20.9945063" lon="105.8713518" version="1" timestamp="2026-05-10T08:56:38Z" changeset="182455948" uid="23326231" user="Vmosnokia31" />
  <node id="13813225593" lat="20.9954296" lon="105.8713704" version="1" timestamp="2026-05-10T08:56:38Z" changeset="182455948" uid="23326231" user="Vmosnokia31" />
  <node id="13813225594" lat="20.9948619" lon="105.8708738" version="1" timestamp="2026-05-10T08:56:38Z" changeset="182455948" uid="23326231" user="Vmosnokia31" />
  <node id="13813225595" lat="20.9954200" lon="105.8712769" version="1" timestamp="2026-05-10T08:56:38Z" changeset="182455948" uid="23326231" user="Vmosnokia31" />
  <node id="13813225596" lat="20.9961605" lon="105.8720059" version="1" timestamp="2026-05-10T08:56:38Z" changeset="182455948" uid="23326231" user="Vmosnokia31" />
  <node id="13813225597" lat="20.9962499" lon="105.8720017" version="1" timestamp="2026-05-10T08:56:38Z" changeset="182455948" uid="23326231" user="Vmosnokia31" />
  <node id="13813225598" lat="20.9962460" lon="105.8717675" version="1" timestamp="2026-05-10T08:56:38Z" changeset="182455948" uid="23326231" user="Vmosnokia31" />
  <node id="13813225599" lat="20.9968047" lon="105.8717711" version="1" timestamp="2026-05-10T08:56:38Z" changeset="182455948" uid="23326231" user="Vmosnokia31" />
  <node id="13813225600" lat="20.9961168" lon="105.8723322" version="1" timestamp="2026-05-10T08:56:38Z" changeset="182455948" uid="23326231" user="Vmosnokia31" />
  <node id="13813226801" lat="20.9961679" lon="105.8724837" version="1" timestamp="2026-05-10T08:56:38Z" changeset="182455948" uid="23326231" user="Vmosnokia31" />
  <node id="13813226802" lat="20.9961096" lon="105.8725063" version="1" timestamp="2026-05-10T08:56:38Z" changeset="182455948" uid="23326231" user="Vmosnokia31" />
  <node id="13813226803" lat="20.9961291" lon="105.8725640" version="1" timestamp="2026-05-10T08:56:38Z" changeset="182455948" uid="23326231" user="Vmosnokia31" />
  <node id="13813226804" lat="20.9959740" lon="105.8726240" version="1" timestamp="2026-05-10T08:56:38Z" changeset="182455948" uid="23326231" user="Vmosnokia31" />
  <node id="13813226805" lat="20.9959330" lon="105.8725026" version="1" timestamp="2026-05-10T08:56:38Z" changeset="182455948" uid="23326231" user="Vmosnokia31" />
  <node id="13813226806" lat="20.9959653" lon="105.8724901" version="1" timestamp="2026-05-10T08:56:38Z" changeset="182455948" uid="23326231" user="Vmosnokia31" />
  <node id="13813226807" lat="20.9959357" lon="105.8724023" version="1" timestamp="2026-05-10T08:56:38Z" changeset="182455948" uid="23326231" user="Vmosnokia31" />
  <node id="13813226808" lat="20.9961160" lon="105.8718884" version="1" timestamp="2026-05-10T08:56:38Z" changeset="182455948" uid="23326231" user="Vmosnokia31" />
  <node id="13813226809" lat="20.9961152" lon="105.8721624" version="1" timestamp="2026-05-10T08:56:38Z" changeset="182455948" uid="23326231" user="Vmosnokia31" />
  <node id="13813226810" lat="20.9959176" lon="105.8721618" version="1" timestamp="2026-05-10T08:56:38Z" changeset="182455948" uid="23326231" user="Vmosnokia31" />
  <node id="13813226811" lat="20.9959182" lon="105.8719632" version="1" timestamp="2026-05-10T08:56:38Z" changeset="182455948" uid="23326231" user="Vmosnokia31" />
  <node id="13813226812" lat="20.9959747" lon="105.8719634" version="1" timestamp="2026-05-10T08:56:38Z" changeset="182455948" uid="23326231" user="Vmosnokia31" />
  <node id="13813226813" lat="20.9959748" lon="105.8719221" version="1" timestamp="2026-05-10T08:56:38Z" changeset="182455948" uid="23326231" user="Vmosnokia31" />
  <node id="13813226814" lat="20.9960330" lon="105.8719223" version="1" timestamp="2026-05-10T08:56:38Z" changeset="182455948" uid="23326231" user="Vmosnokia31" />
  <node id="13813226815" lat="20.9960331" lon="105.8718881" version="1" timestamp="2026-05-10T08:56:38Z" changeset="182455948" uid="23326231" user="Vmosnokia31" />
  <node id="13813226821" lat="20.9988886" lon="105.8709731" version="1" timestamp="2026-05-10T08:56:38Z" changeset="182455948" uid="23326231" user="Vmosnokia31" />
  <node id="13813226822" lat="20.9989277" lon="105.8712414" version="1" timestamp="2026-05-10T08:56:38Z" changeset="182455948" uid="23326231" user="Vmosnokia31" />
  <node id="13813226823" lat="20.9988563" lon="105.8709768" version="1" timestamp="2026-05-10T08:56:38Z" changeset="182455948" uid="23326231" user="Vmosnokia31" />
  <node id="13813226824" lat="20.9988636" lon="105.8711790" version="1" timestamp="2026-05-10T08:56:38Z" changeset="182455948" uid="23326231" user="Vmosnokia31" />
  <node id="13813226825" lat="20.9987399" lon="105.8711838" version="1" timestamp="2026-05-10T08:56:38Z" changeset="182455948" uid="23326231" user="Vmosnokia31" />
  <node id="13813226826" lat="20.9988582" lon="105.8710282" version="1" timestamp="2026-05-10T08:56:38Z" changeset="182455948" uid="23326231" user="Vmosnokia31">
    <tag k="barrier" v="gate" />
  </node>
  <node id="13813226831" lat="20.9987491" lon="105.8713309" version="1" timestamp="2026-05-10T08:56:38Z" changeset="182455948" uid="23326231" user="Vmosnokia31" />
  <node id="13813226832" lat="20.9987079" lon="105.8713329" version="1" timestamp="2026-05-10T08:56:38Z" changeset="182455948" uid="23326231" user="Vmosnokia31" />
  <node id="13814556003" lat="20.9966803" lon="105.8702170" version="1" timestamp="2026-05-10T14:19:14Z" changeset="182469117" uid="23326231" user="Vmosnokia31" />
  <node id="13814556004" lat="20.9967721" lon="105.8703086" version="1" timestamp="2026-05-10T14:19:14Z" changeset="182469117" uid="23326231" user="Vmosnokia31" />
  <node id="13814556005" lat="20.9967730" lon="105.8703816" version="1" timestamp="2026-05-10T14:19:14Z" changeset="182469117" uid="23326231" user="Vmosnokia31" />
  <node id="13814556006" lat="20.9966250" lon="105.8703837" version="1" timestamp="2026-05-10T14:19:14Z" changeset="182469117" uid="23326231" user="Vmosnokia31" />
  <node id="13814556007" lat="20.9966247" lon="105.8703610" version="1" timestamp="2026-05-10T14:19:14Z" changeset="182469117" uid="23326231" user="Vmosnokia31" />
  <node id="13814556008" lat="20.9963430" lon="105.8703652" version="1" timestamp="2026-05-10T14:19:14Z" changeset="182469117" uid="23326231" user="Vmosnokia31" />
  <node id="13814556009" lat="20.9963424" lon="105.8703188" version="1" timestamp="2026-05-10T14:19:14Z" changeset="182469117" uid="23326231" user="Vmosnokia31" />
  <node id="13814556010" lat="20.9962840" lon="105.8703196" version="1" timestamp="2026-05-10T14:19:14Z" changeset="182469117" uid="23326231" user="Vmosnokia31" />
  <node id="13814556011" lat="20.9962827" lon="105.8702229" version="1" timestamp="2026-05-10T14:19:14Z" changeset="182469117" uid="23326231" user="Vmosnokia31" />
  <node id="13919232702" lat="20.9995954" lon="105.8718251" version="1" timestamp="2026-06-08T04:32:24Z" changeset="183807915" uid="23326231" user="Vmosnokia31" />
  <node id="13919232703" lat="20.9996106" lon="105.8718797" version="1" timestamp="2026-06-08T04:32:24Z" changeset="183807915" uid="23326231" user="Vmosnokia31" />
  <node id="13919232704" lat="20.9994152" lon="105.8719363" version="1" timestamp="2026-06-08T04:32:24Z" changeset="183807915" uid="23326231" user="Vmosnokia31" />
  <node id="13919232705" lat="20.9995129" lon="105.8719080" version="1" timestamp="2026-06-08T04:32:24Z" changeset="183807915" uid="23326231" user="Vmosnokia31" />
  <node id="13919232706" lat="20.9995272" lon="105.8719657" version="1" timestamp="2026-06-08T04:32:24Z" changeset="183807915" uid="23326231" user="Vmosnokia31" />
  <node id="13919232707" lat="20.9994843" lon="105.8719745" version="1" timestamp="2026-06-08T04:32:24Z" changeset="183807915" uid="23326231" user="Vmosnokia31" />
  <node id="13919232708" lat="20.9994959" lon="105.8719721" version="1" timestamp="2026-06-08T04:32:24Z" changeset="183807915" uid="23326231" user="Vmosnokia31" />
  <node id="13919232709" lat="20.9995049" lon="105.8720144" version="1" timestamp="2026-06-08T04:32:24Z" changeset="183807915" uid="23326231" user="Vmosnokia31" />
  <node id="13919232710" lat="20.9995222" lon="105.8720099" version="1" timestamp="2026-06-08T04:32:24Z" changeset="183807915" uid="23326231" user="Vmosnokia31" />
  <node id="13919232711" lat="20.9995611" lon="105.8721347" version="1" timestamp="2026-06-08T04:32:24Z" changeset="183807915" uid="23326231" user="Vmosnokia31" />
  <node id="13919232712" lat="20.9991774" lon="105.8715717" version="1" timestamp="2026-06-08T04:32:24Z" changeset="183807915" uid="23326231" user="Vmosnokia31" />
  <node id="13919232713" lat="20.9990569" lon="105.8716378" version="1" timestamp="2026-06-08T04:32:24Z" changeset="183807915" uid="23326231" user="Vmosnokia31" />
  <node id="13919232714" lat="20.9989003" lon="105.8717079" version="1" timestamp="2026-06-08T04:32:24Z" changeset="183807915" uid="23326231" user="Vmosnokia31" />
  <node id="13919232715" lat="20.9992382" lon="105.8715994" version="1" timestamp="2026-06-08T04:32:24Z" changeset="183807915" uid="23326231" user="Vmosnokia31" />
  <node id="13919232716" lat="20.9992638" lon="105.8715593" version="1" timestamp="2026-06-08T04:32:24Z" changeset="183807915" uid="23326231" user="Vmosnokia31" />
  <node id="13919232717" lat="20.9991230" lon="105.8718583" version="1" timestamp="2026-06-08T04:32:24Z" changeset="183807915" uid="23326231" user="Vmosnokia31" />
  <node id="13919232718" lat="20.9991715" lon="105.8719553" version="1" timestamp="2026-06-08T04:32:24Z" changeset="183807915" uid="23326231" user="Vmosnokia31" />
  <node id="13919232719" lat="20.9993245" lon="105.8721408" version="1" timestamp="2026-06-08T04:32:24Z" changeset="183807915" uid="23326231" user="Vmosnokia31" />
  <node id="13919232720" lat="20.9992690" lon="105.8720670" version="1" timestamp="2026-06-08T04:32:24Z" changeset="183807915" uid="23326231" user="Vmosnokia31" />
  <node id="13919232721" lat="20.9994063" lon="105.8720054" version="1" timestamp="2026-06-08T04:32:24Z" changeset="183807915" uid="23326231" user="Vmosnokia31" />
  <node id="13919232722" lat="20.9990206" lon="105.8719128" version="1" timestamp="2026-06-08T04:32:24Z" changeset="183807915" uid="23326231" user="Vmosnokia31" />
  <node id="13919232723" lat="20.9990823" lon="105.8720288" version="1" timestamp="2026-06-08T04:32:24Z" changeset="183807915" uid="23326231" user="Vmosnokia31" />
  <node id="13919232724" lat="20.9989349" lon="105.8719583" version="1" timestamp="2026-06-08T04:32:24Z" changeset="183807915" uid="23326231" user="Vmosnokia31" />
  <node id="13919232725" lat="20.9989693" lon="105.8720298" version="1" timestamp="2026-06-08T04:32:24Z" changeset="183807915" uid="23326231" user="Vmosnokia31" />
  <node id="13919232726" lat="20.9986216" lon="105.8721343" version="1" timestamp="2026-06-08T04:32:24Z" changeset="183807915" uid="23326231" user="Vmosnokia31" />
  <node id="13919232727" lat="20.9985809" lon="105.8719616" version="1" timestamp="2026-06-08T04:32:24Z" changeset="183807915" uid="23326231" user="Vmosnokia31" />
  <node id="13919232728" lat="20.9986166" lon="105.8720362" version="1" timestamp="2026-06-08T04:32:24Z" changeset="183807915" uid="23326231" user="Vmosnokia31" />
  <node id="13919232729" lat="20.9985271" lon="105.8717186" version="1" timestamp="2026-06-08T04:32:24Z" changeset="183807915" uid="23326231" user="Vmosnokia31" />
  <node id="13919232730" lat="20.9986082" lon="105.8716446" version="1" timestamp="2026-06-08T04:32:24Z" changeset="183807915" uid="23326231" user="Vmosnokia31" />
  <node id="13919232731" lat="20.9986826" lon="105.8717449" version="1" timestamp="2026-06-08T04:32:24Z" changeset="183807915" uid="23326231" user="Vmosnokia31" />
  <node id="13919232732" lat="20.9985752" lon="105.8717888" version="1" timestamp="2026-06-08T04:32:24Z" changeset="183807915" uid="23326231" user="Vmosnokia31" />
  <node id="13919232733" lat="20.9984048" lon="105.8719294" version="1" timestamp="2026-06-08T04:32:24Z" changeset="183807915" uid="23326231" user="Vmosnokia31" />
  <node id="13919232734" lat="20.9984927" lon="105.8716727" version="1" timestamp="2026-06-08T04:32:24Z" changeset="183807915" uid="23326231" user="Vmosnokia31" />
  <node id="13919232735" lat="20.9983359" lon="105.8718127" version="1" timestamp="2026-06-08T04:32:24Z" changeset="183807915" uid="23326231" user="Vmosnokia31" />
  <node id="13919232736" lat="20.9984076" lon="105.8724901" version="1" timestamp="2026-06-08T04:32:24Z" changeset="183807915" uid="23326231" user="Vmosnokia31" />
  <node id="13919232737" lat="20.9985406" lon="105.8724107" version="1" timestamp="2026-06-08T04:32:24Z" changeset="183807915" uid="23326231" user="Vmosnokia31" />
  <node id="13919232738" lat="20.9986169" lon="105.8723616" version="1" timestamp="2026-06-08T04:32:24Z" changeset="183807915" uid="23326231" user="Vmosnokia31" />
  <node id="13919232739" lat="20.9989193" lon="105.8723752" version="1" timestamp="2026-06-08T04:32:24Z" changeset="183807915" uid="23326231" user="Vmosnokia31" />
  <node id="13919232740" lat="20.9988511" lon="105.8722651" version="1" timestamp="2026-06-08T04:32:24Z" changeset="183807915" uid="23326231" user="Vmosnokia31" />
  <node id="13919232741" lat="20.9988236" lon="105.8722509" version="1" timestamp="2026-06-08T04:32:24Z" changeset="183807915" uid="23326231" user="Vmosnokia31" />
  <node id="13919232742" lat="20.9987771" lon="105.8721584" version="1" timestamp="2026-06-08T04:32:24Z" changeset="183807915" uid="23326231" user="Vmosnokia31" />
  <node id="13919232743" lat="20.9990020" lon="105.8722011" version="1" timestamp="2026-06-08T04:32:24Z" changeset="183807915" uid="23326231" user="Vmosnokia31" />
  <node id="13919232744" lat="20.9991492" lon="105.8724671" version="1" timestamp="2026-06-08T04:32:24Z" changeset="183807915" uid="23326231" user="Vmosnokia31" />
  <node id="13919232745" lat="20.9992851" lon="105.8723653" version="1" timestamp="2026-06-08T04:32:24Z" changeset="183807915" uid="23326231" user="Vmosnokia31" />
  <node id="13919232746" lat="20.9992982" lon="105.8723723" version="1" timestamp="2026-06-08T04:32:24Z" changeset="183807915" uid="23326231" user="Vmosnokia31" />
  <node id="13919232747" lat="20.9993353" lon="105.8723501" version="1" timestamp="2026-06-08T04:32:24Z" changeset="183807915" uid="23326231" user="Vmosnokia31" />
  <node id="13919232748" lat="20.9994971" lon="105.8726865" version="1" timestamp="2026-06-08T04:32:24Z" changeset="183807915" uid="23326231" user="Vmosnokia31">
    <tag k="crossing:markings" v="yes" />
    <tag k="highway" v="crossing" />
  </node>
  <node id="13919232749" lat="20.9994323" lon="105.8725755" version="1" timestamp="2026-06-08T04:32:24Z" changeset="183807915" uid="23326231" user="Vmosnokia31" />
  <node id="13919232750" lat="20.9994137" lon="105.8725638" version="1" timestamp="2026-06-08T04:32:24Z" changeset="183807915" uid="23326231" user="Vmosnokia31" />
  <node id="13919232751" lat="20.9995371" lon="105.8727511" version="1" timestamp="2026-06-08T04:32:24Z" changeset="183807915" uid="23326231" user="Vmosnokia31" />
  <node id="13919232752" lat="20.9997114" lon="105.8722343" version="1" timestamp="2026-06-08T04:32:24Z" changeset="183807915" uid="23326231" user="Vmosnokia31" />
  <node id="13919232753" lat="20.9996169" lon="105.8722698" version="1" timestamp="2026-06-08T04:32:24Z" changeset="183807915" uid="23326231" user="Vmosnokia31" />
  <node id="13919232754" lat="20.9997250" lon="105.8722820" version="1" timestamp="2026-06-08T04:32:24Z" changeset="183807915" uid="23326231" user="Vmosnokia31" />
  <node id="13919232755" lat="20.9998436" lon="105.8722446" version="1" timestamp="2026-06-08T04:32:24Z" changeset="183807915" uid="23326231" user="Vmosnokia31" />
  <node id="13919232756" lat="20.9996430" lon="105.8719937" version="1" timestamp="2026-06-08T04:32:24Z" changeset="183807915" uid="23326231" user="Vmosnokia31" />
  <node id="13919232757" lat="20.9996850" lon="105.8719809" version="1" timestamp="2026-06-08T04:32:24Z" changeset="183807915" uid="23326231" user="Vmosnokia31" />
  <node id="13919232769" lat="20.9987224" lon="105.8725056" version="1" timestamp="2026-06-08T04:32:24Z" changeset="183807915" uid="23326231" user="Vmosnokia31" />
  <node id="13919232770" lat="20.9987919" lon="105.8726153" version="1" timestamp="2026-06-08T04:32:24Z" changeset="183807915" uid="23326231" user="Vmosnokia31" />
  <node id="13919232793" lat="20.9976933" lon="105.8725960" version="1" timestamp="2026-06-08T04:32:24Z" changeset="183807915" uid="23326231" user="Vmosnokia31" />
  <node id="13919232794" lat="20.9977997" lon="105.8727980" version="1" timestamp="2026-06-08T04:32:24Z" changeset="183807915" uid="23326231" user="Vmosnokia31" />
  <node id="13919232795" lat="20.9980390" lon="105.8723023" version="1" timestamp="2026-06-08T04:32:24Z" changeset="183807915" uid="23326231" user="Vmosnokia31" />
  <node id="13919232796" lat="20.9983310" lon="105.8720541" version="1" timestamp="2026-06-08T04:32:24Z" changeset="183807915" uid="23326231" user="Vmosnokia31" />
  <node id="13919232797" lat="20.9980722" lon="105.8723870" version="1" timestamp="2026-06-08T04:32:24Z" changeset="183807915" uid="23326231" user="Vmosnokia31" />
  <node id="13919232798" lat="20.9977903" lon="105.8725486" version="1" timestamp="2026-06-08T04:32:24Z" changeset="183807915" uid="23326231" user="Vmosnokia31" />
  <node id="13919232799" lat="20.9981603" lon="105.8723729" version="2" timestamp="2026-08-04T05:26:56Z" changeset="186902967" uid="20910140" user="Hung Tran 9x0">
    <tag k="noexit" v="yes" />
  </node>
  <node id="13919232800" lat="20.9979833" lon="105.8727137" version="1" timestamp="2026-06-08T04:32:24Z" changeset="183807915" uid="23326231" user="Vmosnokia31" />
  <node id="13919232801" lat="20.9979582" lon="105.8726761" version="1" timestamp="2026-06-08T04:32:24Z" changeset="183807915" uid="23326231" user="Vmosnokia31" />
  <node id="13919232804" lat="20.9975261" lon="105.8720909" version="1" timestamp="2026-06-08T04:32:24Z" changeset="183807915" uid="23326231" user="Vmosnokia31" />
  <node id="13919232805" lat="20.9975972" lon="105.8720417" version="1" timestamp="2026-06-08T04:32:24Z" changeset="183807915" uid="23326231" user="Vmosnokia31" />
  <node id="13919232806" lat="20.9976171" lon="105.8720752" version="1" timestamp="2026-06-08T04:32:24Z" changeset="183807915" uid="23326231" user="Vmosnokia31" />
  <node id="13919232807" lat="20.9976465" lon="105.8720549" version="1" timestamp="2026-06-08T04:32:24Z" changeset="183807915" uid="23326231" user="Vmosnokia31" />
  <node id="13919232814" lat="20.9973065" lon="105.8721192" version="1" timestamp="2026-06-08T04:32:24Z" changeset="183807915" uid="23326231" user="Vmosnokia31" />
  <node id="13919232815" lat="20.9973487" lon="105.8723968" version="1" timestamp="2026-06-08T04:32:24Z" changeset="183807915" uid="23326231" user="Vmosnokia31" />
  <node id="13919232816" lat="20.9973236" lon="105.8724116" version="1" timestamp="2026-06-08T04:32:24Z" changeset="183807915" uid="23326231" user="Vmosnokia31" />
  <node id="13919232817" lat="20.9974023" lon="105.8723697" version="1" timestamp="2026-06-08T04:32:24Z" changeset="183807915" uid="23326231" user="Vmosnokia31" />
  <node id="13919232818" lat="20.9974163" lon="105.8724961" version="1" timestamp="2026-06-08T04:32:24Z" changeset="183807915" uid="23326231" user="Vmosnokia31" />
  <node id="13919232819" lat="20.9975611" lon="105.8726045" version="1" timestamp="2026-06-08T04:32:24Z" changeset="183807915" uid="23326231" user="Vmosnokia31" />
  <node id="13919232820" lat="20.9973668" lon="105.8726179" version="1" timestamp="2026-06-08T04:32:24Z" changeset="183807915" uid="23326231" user="Vmosnokia31" />
  <node id="13919232821" lat="20.9973693" lon="105.8726528" version="1" timestamp="2026-06-08T04:32:24Z" changeset="183807915" uid="23326231" user="Vmosnokia31" />
  <node id="13919232892" lat="20.9970810" lon="105.8725489" version="1" timestamp="2026-06-08T04:32:24Z" changeset="183807915" uid="23326231" user="Vmosnokia31" />
  <node id="13919232893" lat="20.9970950" lon="105.8726377" version="1" timestamp="2026-06-08T04:32:24Z" changeset="183807915" uid="23326231" user="Vmosnokia31" />
  <node id="13919232894" lat="20.9970196" lon="105.8726513" version="1" timestamp="2026-06-08T04:32:24Z" changeset="183807915" uid="23326231" user="Vmosnokia31" />
  <node id="13919232895" lat="20.9970451" lon="105.8728129" version="1" timestamp="2026-06-08T04:32:24Z" changeset="183807915" uid="23326231" user="Vmosnokia31" />
  <node id="13919232896" lat="20.9969646" lon="105.8728274" version="1" timestamp="2026-06-08T04:32:24Z" changeset="183807915" uid="23326231" user="Vmosnokia31" />
  <node id="13919232897" lat="20.9969137" lon="105.8725040" version="1" timestamp="2026-06-08T04:32:24Z" changeset="183807915" uid="23326231" user="Vmosnokia31" />
  <node id="13919232898" lat="20.9970059" lon="105.8724874" version="1" timestamp="2026-06-08T04:32:24Z" changeset="183807915" uid="23326231" user="Vmosnokia31" />
  <node id="13919232899" lat="20.9970174" lon="105.8725604" version="1" timestamp="2026-06-08T04:32:24Z" changeset="183807915" uid="23326231" user="Vmosnokia31" />
  <node id="13919232900" lat="20.9990233" lon="105.8713805" version="1" timestamp="2026-06-08T04:32:24Z" changeset="183807915" uid="23326231" user="Vmosnokia31" />
  <node id="13919232901" lat="20.9993530" lon="105.8711717" version="1" timestamp="2026-06-08T04:32:24Z" changeset="183807915" uid="23326231" user="Vmosnokia31" />
  <node id="13949039559" lat="20.9997623" lon="105.8653904" version="1" timestamp="2026-06-18T05:28:51Z" changeset="184254505" uid="15330182" user="GrabVN_Nguyen Thi Ngoc Tram" />
  <node id="14021589197" lat="20.9967332" lon="105.8660794" version="1" timestamp="2026-07-17T06:22:52Z" changeset="185886222" uid="17344224" user="Arkskyle" />
  <node id="14021589200" lat="20.9964976" lon="105.8660746" version="1" timestamp="2026-07-17T06:22:52Z" changeset="185886222" uid="17344224" user="Arkskyle" />
  <node id="14021655401" lat="20.9974592" lon="105.8683811" version="1" timestamp="2026-07-17T06:22:52Z" changeset="185886222" uid="17344224" user="Arkskyle" />
  <node id="14021655404" lat="20.9974595" lon="105.8686142" version="1" timestamp="2026-07-17T06:22:52Z" changeset="185886222" uid="17344224" user="Arkskyle" />
  <node id="14023849878" lat="20.9948935" lon="105.8701942" version="1" timestamp="2026-07-18T10:16:30Z" changeset="185949488" uid="23326231" user="Vmosnokia31">
    <tag k="barrier" v="gate" />
  </node>
  <node id="14072066147" lat="20.9981146" lon="105.8724071" version="1" timestamp="2026-08-04T05:26:56Z" changeset="186902967" uid="20910140" user="Hung Tran 9x0">
    <tag k="access" v="private" />
    <tag k="barrier" v="gate" />
  </node>
  <node id="14072066148" lat="20.9983841" lon="105.8722523" version="1" timestamp="2026-08-04T05:26:56Z" changeset="186902967" uid="20910140" user="Hung Tran 9x0" />
  <way id="25934075" version="19" timestamp="2026-06-10T09:19:09Z" changeset="183912581" uid="11196308" user="vietnam321">
    <nd ref="282889741" />
    <nd ref="8265789346" />
    <nd ref="5707821237" />
    <nd ref="282889744" />
    <nd ref="8265789281" />
    <nd ref="10137756345" />
    <nd ref="2953971625" />
    <tag k="cycleway:both" v="shared_lane" />
    <tag k="highway" v="residential" />
    <tag k="maxspeed:type" v="VN:urban" />
    <tag k="name" v="Phố Mạc Thị Bưởi" />
    <tag k="name:en" v="Mac Thi Buoi Street" />
    <tag k="name:etymology:wikidata" v="Q10796468" />
    <tag k="surface" v="asphalt" />
  </way>
  <way id="25934078" version="16" timestamp="2025-09-21T07:06:16Z" changeset="172231918" uid="20910140" user="Hung Tran 9x0">
    <nd ref="4955947825" />
    <nd ref="8265788881" />
    <nd ref="915324262" />
    <nd ref="282890373" />
    <nd ref="915324263" />
    <nd ref="282890374" />
    <nd ref="282890375" />
    <nd ref="282890376" />
    <tag k="highway" v="residential" />
    <tag k="name" v="Ngõ 198 Phố Dương Văn Bé" />
    <tag k="old_name" v="Ngách 34/232 Phố Vĩnh Tuy" />
    <tag k="surface" v="concrete" />
  </way>
  <way id="28920237" version="31" timestamp="2026-06-10T09:20:10Z" changeset="183912581" uid="11196308" user="vietnam321">
    <nd ref="4955947857" />
    <nd ref="4955947879" />
    <nd ref="5707821244" />
    <nd ref="6685532115" />
    <nd ref="8265788857" />
    <nd ref="11046698472" />
    <tag k="highway" v="primary" />
    <tag k="lanes" v="2" />
    <tag k="lit" v="yes" />
    <tag k="name" v="Phố Minh Khai" />
    <tag k="name:en" v="Minh Khai Street" />
    <tag k="name:etymology:wikidata" v="Q7022971" />
    <tag k="oneway" v="yes" />
    <tag k="surface" v="asphalt" />
  </way>
  <way id="220306281" version="7" timestamp="2022-04-22T07:38:38Z" changeset="120034225" uid="13749044" user="GrabVN_Ánh Linh Lê">
    <nd ref="5721861416" />
    <nd ref="5704267790" />
    <tag k="highway" v="residential" />
  </way>
  <way id="220306282" version="13" timestamp="2026-06-10T09:19:09Z" changeset="183912581" uid="11196308" user="vietnam321">
    <nd ref="2294389037" />
    <nd ref="8342022369" />
    <nd ref="2294389047" />
    <nd ref="2294389046" />
    <nd ref="2294389052" />
    <tag k="highway" v="residential" />
    <tag k="name" v="Phố Mạc Thị Bưởi" />
    <tag k="name:en" v="Mac Thi Buoi Street" />
    <tag k="name:etymology:wikidata" v="Q10796468" />
    <tag k="surface" v="concrete" />
  </way>
  <way id="220306285" version="7" timestamp="2025-11-07T07:38:31Z" changeset="174320123" uid="11141338" user="FanaticAir75626">
    <nd ref="2294389036" />
    <nd ref="2294389042" />
    <nd ref="2294389056" />
    <nd ref="2294389057" />
    <nd ref="2294389036" />
    <tag k="highway" v="service" />
    <tag k="surface" v="asphalt" />
  </way>
  <way id="220306287" version="8" timestamp="2025-09-27T16:57:10Z" changeset="172535003" uid="22065819" user="Hung159">
    <nd ref="2294389045" />
    <nd ref="12021450385" />
    <nd ref="2294389050" />
    <tag k="highway" v="service" />
    <tag k="name" v="Ngách 61/10 Phố Lạc Trung" />
    <tag k="service" v="alley" />
    <tag k="surface" v="asphalt" />
  </way>
  <way id="291885690" version="13" timestamp="2026-06-10T09:20:10Z" changeset="183912581" uid="11196308" user="vietnam321">
    <nd ref="2953971627" />
    <nd ref="6684880032" />
    <nd ref="2953971626" />
    <nd ref="2953971625" />
    <nd ref="4955947881" />
    <tag k="cycleway:right" v="shared_lane" />
    <tag k="highway" v="primary" />
    <tag k="lanes" v="2" />
    <tag k="lit" v="yes" />
    <tag k="name" v="Phố Minh Khai" />
    <tag k="name:en" v="Minh Khai Street" />
    <tag k="name:etymology:wikidata" v="Q7022971" />
    <tag k="oneway" v="yes" />
    <tag k="surface" v="asphalt" />
  </way>
  <way id="505717905" version="5" timestamp="2022-10-29T13:21:50Z" changeset="128211214" uid="11691953" user="ItsLouisAnderson">
    <nd ref="4955947893" />
    <nd ref="4955947892" />
    <nd ref="4955947891" />
    <tag k="highway" v="primary_link" />
    <tag k="lanes" v="1" />
    <tag k="oneway" v="yes" />
    <tag k="surface" v="asphalt" />
  </way>
  <way id="505717907" version="5" timestamp="2025-01-30T13:26:09Z" changeset="161937505" uid="11691953" user="ItsLouisAnderson">
    <nd ref="4955947897" />
    <nd ref="6684880033" />
    <nd ref="6684880035" />
    <nd ref="4955947895" />
    <nd ref="2953971627" />
    <tag k="highway" v="primary_link" />
    <tag k="lanes" v="1" />
    <tag k="oneway" v="yes" />
    <tag k="surface" v="asphalt" />
  </way>
  <way id="505717909" version="21" timestamp="2026-05-10T08:56:38Z" changeset="182455948" uid="23326231" user="Vmosnokia31">
    <nd ref="282890366" />
    <nd ref="5845486385" />
    <nd ref="282889845" />
    <nd ref="6684929540" />
    <nd ref="13813226823" />
    <nd ref="13813226821" />
    <nd ref="5707821263" />
    <nd ref="10139175320" />
    <nd ref="110375590" />
    <tag k="highway" v="residential" />
    <tag k="lanes" v="2" />
    <tag k="name" v="Ngõ 622 Phố Minh Khai" />
    <tag k="surface" v="asphalt" />
  </way>
  <way id="505717911" version="18" timestamp="2026-06-10T09:20:10Z" changeset="183912581" uid="11196308" user="vietnam321">
    <nd ref="4955947880" />
    <nd ref="5707821261" />
    <nd ref="4955947903" />
    <nd ref="13813225546" />
    <nd ref="13813225542" />
    <nd ref="13159227284" />
    <nd ref="110375590" />
    <tag k="cycleway:right" v="shared_lane" />
    <tag k="highway" v="primary" />
    <tag k="lanes" v="2" />
    <tag k="lit" v="yes" />
    <tag k="name" v="Phố Minh Khai" />
    <tag k="name:en" v="Minh Khai Street" />
    <tag k="name:etymology:wikidata" v="Q7022971" />
    <tag k="oneway" v="yes" />
    <tag k="surface" v="asphalt" />
  </way>
  <way id="505717914" version="16" timestamp="2025-07-02T09:12:45Z" changeset="168388240" uid="3323343" user="phoenixsaigon1698">
    <nd ref="317910213" />
    <nd ref="12543711238" />
    <nd ref="12969157888" />
    <nd ref="4955947909" />
    <nd ref="12543711239" />
    <nd ref="12543711240" />
    <nd ref="5845486477" />
    <nd ref="4955947908" />
    <nd ref="4955947907" />
    <tag k="access" v="no" />
    <tag k="highway" v="primary" />
    <tag k="junction" v="roundabout" />
    <tag k="lanes" v="1" />
    <tag k="note" v="Đóng một nửa vòng xuyến chân cầu Vĩnh Tuy từ tháng 2 năm 2023, không cho các phương tiện quay đầu, rẽ trái đi phố Minh Khai, Lạc Trung." />
    <tag k="oneway" v="yes" />
    <tag k="surface" v="asphalt" />
  </way>
  <way id="589521899" version="8" timestamp="2026-06-10T09:20:10Z" changeset="183912581" uid="11196308" user="vietnam321">
    <nd ref="5629422884" />
    <nd ref="9055631299" />
    <nd ref="4955947880" />
    <tag k="highway" v="primary" />
    <tag k="lanes" v="2" />
    <tag k="lit" v="yes" />
    <tag k="name" v="Phố Minh Khai" />
    <tag k="name:en" v="Minh Khai Street" />
    <tag k="name:etymology:wikidata" v="Q7022971" />
    <tag k="oneway" v="yes" />
    <tag k="surface" v="asphalt" />
  </way>
  <way id="589521900" version="12" timestamp="2026-06-10T09:20:10Z" changeset="183912581" uid="11196308" user="vietnam321">
    <nd ref="11046698473" />
    <nd ref="4955947878" />
    <tag k="highway" v="primary" />
    <tag k="lanes" v="2" />
    <tag k="lit" v="yes" />
    <tag k="name" v="Phố Minh Khai" />
    <tag k="name:en" v="Minh Khai Street" />
    <tag k="name:etymology:wikidata" v="Q7022971" />
    <tag k="oneway" v="yes" />
    <tag k="surface" v="asphalt" />
  </way>
  <way id="589521904" version="13" timestamp="2026-04-27T13:35:28Z" changeset="181891442" uid="23326231" user="Vmosnokia31">
    <nd ref="4955947860" />
    <nd ref="12164681272" />
    <nd ref="10284870822" />
    <nd ref="4022914505" />
    <nd ref="11289952329" />
    <nd ref="5629422903" />
    <tag k="highway" v="residential" />
    <tag k="lanes" v="2" />
    <tag k="name" v="Đường Số 2 Times City" />
    <tag k="name:en" v="Road Number 2 Times City" />
    <tag k="surface" v="asphalt" />
  </way>
  <way id="589521906" version="10" timestamp="2026-04-27T13:35:28Z" changeset="181891442" uid="23326231" user="Vmosnokia31">
    <nd ref="5629422887" />
    <nd ref="10284870939" />
    <nd ref="10139175543" />
    <nd ref="4955947860" />
    <tag k="highway" v="tertiary" />
    <tag k="name" v="Đường Số 2 Times City" />
    <tag k="name:en" v="Road Number 2 Times City" />
    <tag k="surface" v="asphalt" />
  </way>
  <way id="589521913" version="6" timestamp="2026-05-04T10:20:51Z" changeset="182197444" uid="23326231" user="Vmosnokia31">
    <nd ref="5629422892" />
    <nd ref="12098983479" />
    <nd ref="5629422891" />
    <tag k="highway" v="residential" />
    <tag k="name" v="Lối vào sảnh tòa T4 &amp; T3" />
    <tag k="surface" v="asphalt" />
  </way>
  <way id="589521914" version="6" timestamp="2026-05-04T10:20:51Z" changeset="182197444" uid="23326231" user="Vmosnokia31">
    <nd ref="5629422894" />
    <nd ref="12098983478" />
    <nd ref="5629422893" />
    <tag k="highway" v="residential" />
    <tag k="name" v="Lối vào sảnh tòa T1 &amp; T2" />
    <tag k="surface" v="asphalt" />
  </way>
  <way id="589521915" version="6" timestamp="2026-05-04T10:20:51Z" changeset="182197444" uid="23326231" user="Vmosnokia31">
    <nd ref="4022914505" />
    <nd ref="10284870903" />
    <nd ref="5629422895" />
    <tag k="highway" v="residential" />
    <tag k="name" v="Lối vào sảnh tòa T5" />
  </way>
  <way id="589521917" version="6" timestamp="2026-05-04T10:20:51Z" changeset="182197444" uid="23326231" user="Vmosnokia31">
    <nd ref="5629422898" />
    <nd ref="10284870902" />
    <nd ref="5629422897" />
    <tag k="highway" v="residential" />
    <tag k="name" v="Lối vào sảnh tòa T7 &amp; T6" />
    <tag k="surface" v="asphalt" />
  </way>
  <way id="589521937" version="3" timestamp="2020-10-04T08:43:42Z" changeset="91924239" uid="11691953" user="ItsLouisAnderson">
    <nd ref="5629423378" />
    <nd ref="5629423377" />
    <nd ref="5629423376" />
    <nd ref="5629423375" />
    <nd ref="5629423378" />
    <tag k="building" v="school" />
    <tag k="building:levels" v="5" />
  </way>
  <way id="589521940" version="5" timestamp="2026-06-22T08:02:04Z" changeset="184419674" uid="23326231" user="Vmosnokia31">
    <nd ref="5629423408" />
    <nd ref="5629423407" />
    <nd ref="5629423406" />
    <nd ref="5629423405" />
    <nd ref="5629423408" />
    <tag k="addr:housenumber" v="T1" />
    <tag k="building" v="apartments" />
    <tag k="building:levels" v="27" />
    <tag k="name" v="T1" />
  </way>
  <way id="589521941" version="5" timestamp="2026-06-22T08:02:04Z" changeset="184419674" uid="23326231" user="Vmosnokia31">
    <nd ref="5629423412" />
    <nd ref="5629423411" />
    <nd ref="5629423410" />
    <nd ref="5629423409" />
    <nd ref="5629423412" />
    <tag k="addr:housenumber" v="T5" />
    <tag k="building" v="apartments" />
    <tag k="building:levels" v="27" />
    <tag k="name" v="T5" />
  </way>
  <way id="589521942" version="5" timestamp="2026-06-22T08:02:04Z" changeset="184419674" uid="23326231" user="Vmosnokia31">
    <nd ref="5629423416" />
    <nd ref="5629423415" />
    <nd ref="5629423414" />
    <nd ref="5629423413" />
    <nd ref="5629423416" />
    <tag k="addr:housenumber" v="T7" />
    <tag k="building" v="apartments" />
    <tag k="building:levels" v="27" />
    <tag k="name" v="T7" />
  </way>
  <way id="589521943" version="6" timestamp="2026-06-22T08:02:04Z" changeset="184419674" uid="23326231" user="Vmosnokia31">
    <nd ref="5629423420" />
    <nd ref="5629423419" />
    <nd ref="5629423418" />
    <nd ref="12323676005" />
    <nd ref="5629423417" />
    <nd ref="5629423420" />
    <tag k="addr:housenumber" v="T6" />
    <tag k="building" v="apartments" />
    <tag k="building:levels" v="27" />
    <tag k="name" v="T6" />
  </way>
  <way id="589521944" version="5" timestamp="2026-06-22T08:02:04Z" changeset="184419674" uid="23326231" user="Vmosnokia31">
    <nd ref="5629423524" />
    <nd ref="5629423523" />
    <nd ref="5629423522" />
    <nd ref="5629423521" />
    <nd ref="5629423524" />
    <tag k="addr:housenumber" v="T2" />
    <tag k="building" v="apartments" />
    <tag k="building:levels" v="31" />
    <tag k="name" v="T2" />
  </way>
  <way id="589521945" version="5" timestamp="2026-06-22T08:02:04Z" changeset="184419674" uid="23326231" user="Vmosnokia31">
    <nd ref="5629423528" />
    <nd ref="5629423527" />
    <nd ref="5629423526" />
    <nd ref="5629423525" />
    <nd ref="5629423528" />
    <tag k="addr:housenumber" v="T3" />
    <tag k="building" v="apartments" />
    <tag k="building:levels" v="31" />
    <tag k="name" v="T3" />
  </way>
  <way id="589521958" version="5" timestamp="2026-06-22T08:02:04Z" changeset="184419674" uid="23326231" user="Vmosnokia31">
    <nd ref="5629423642" />
    <nd ref="5629423641" />
    <nd ref="5629423640" />
    <nd ref="5629423639" />
    <nd ref="5629423642" />
    <tag k="addr:housenumber" v="T4" />
    <tag k="building" v="apartments" />
    <tag k="building:levels" v="27" />
    <tag k="name" v="T4" />
  </way>
  <way id="591087602" version="2" timestamp="2023-09-08T14:35:52Z" changeset="140989933" uid="11691953" user="ItsLouisAnderson">
    <nd ref="5642645715" />
    <nd ref="5642645716" />
    <nd ref="5642645717" />
    <nd ref="5642645718" />
    <nd ref="5642645719" />
    <nd ref="5642645720" />
    <nd ref="5642646221" />
    <nd ref="5642646222" />
    <nd ref="5642646223" />
    <nd ref="5642646224" />
    <nd ref="5642646225" />
    <nd ref="5642646226" />
    <nd ref="5642646236" />
    <nd ref="5642646235" />
    <nd ref="5642646234" />
    <nd ref="5642646233" />
    <nd ref="5642646232" />
    <nd ref="5642646231" />
    <nd ref="5642646230" />
    <nd ref="5642646229" />
    <nd ref="5642646228" />
    <nd ref="5642646227" />
    <nd ref="5642645715" />
    <tag k="building" v="yes" />
  </way>
  <way id="599594528" version="5" timestamp="2025-06-05T07:34:57Z" changeset="167208923" uid="3323343" user="phoenixsaigon1698">
    <nd ref="5704144784" />
    <nd ref="6668068893" />
    <nd ref="12888207314" />
    <nd ref="5704144783" />
    <tag k="highway" v="service" />
    <tag k="name" v="Ngách 61/25 Lạc Trung" />
    <tag k="service" v="alley" />
    <tag k="surface" v="asphalt" />
  </way>
  <way id="599594532" version="2" timestamp="2019-07-31T20:30:00Z" changeset="72872200" uid="10028130" user="Solra">
    <nd ref="5704144788" />
    <nd ref="5704144787" />
    <tag k="highway" v="service" />
    <tag k="surface" v="concrete" />
  </way>
  <way id="599594534" version="3" timestamp="2024-11-07T15:22:54Z" changeset="158860536" uid="3323343" user="phoenixsaigon1698">
    <nd ref="5704144793" />
    <nd ref="5704144787" />
    <nd ref="5704144789" />
    <tag k="highway" v="service" />
    <tag k="surface" v="concrete" />
  </way>
  <way id="599594536" version="4" timestamp="2024-11-07T15:22:54Z" changeset="158860536" uid="3323343" user="phoenixsaigon1698">
    <nd ref="5704144794" />
    <nd ref="5704144793" />
    <nd ref="12293322784" />
    <nd ref="5704144792" />
    <nd ref="5704144791" />
    <nd ref="5704144788" />
    <nd ref="12320800700" />
    <nd ref="5704144789" />
    <tag k="highway" v="service" />
    <tag k="surface" v="concrete" />
  </way>
  <way id="599594542" version="9" timestamp="2026-06-10T09:20:10Z" changeset="183912581" uid="11196308" user="vietnam321">
    <nd ref="4955947899" />
    <nd ref="10137756394" />
    <nd ref="10137756395" />
    <nd ref="4955947897" />
    <tag k="highway" v="secondary" />
    <tag k="lanes" v="1" />
    <tag k="name" v="Phố Minh Khai" />
    <tag k="name:en" v="Minh Khai Street" />
    <tag k="name:etymology:wikidata" v="Q7022971" />
    <tag k="oneway" v="yes" />
    <tag k="surface" v="asphalt" />
  </way>
  <way id="599594546" version="6" timestamp="2025-09-27T16:57:10Z" changeset="172535003" uid="22065819" user="Hung159">
    <nd ref="8265789347" />
    <nd ref="282889741" />
    <tag k="highway" v="service" />
    <tag k="name" v="Ngõ 37 Phố Mạc Thị Bưởi" />
    <tag k="service" v="alley" />
    <tag k="surface" v="concrete" />
  </way>
  <way id="599594556" version="4" timestamp="2024-11-07T15:22:54Z" changeset="158860536" uid="3323343" user="phoenixsaigon1698">
    <nd ref="5703980379" />
    <nd ref="2294389045" />
    <tag k="highway" v="service" />
    <tag k="service" v="alley" />
    <tag k="surface" v="asphalt" />
  </way>
  <way id="599619352" version="3" timestamp="2025-08-22T15:19:18Z" changeset="170838172" uid="20910140" user="Hung Tran 9x0">
    <nd ref="12107190555" />
    <nd ref="12107190556" />
    <nd ref="12107190554" />
    <nd ref="5704267781" />
    <nd ref="13089371175" />
    <nd ref="282889278" />
    <tag k="highway" v="service" />
    <tag k="name" v="Ngách 61/37 Phố Lạc Trung" />
  </way>
  <way id="600079554" version="9" timestamp="2026-06-10T09:20:10Z" changeset="183912581" uid="11196308" user="vietnam321">
    <nd ref="4955947891" />
    <nd ref="12270506437" />
    <nd ref="5704144806" />
    <tag k="highway" v="secondary" />
    <tag k="lanes" v="1" />
    <tag k="name" v="Phố Minh Khai" />
    <tag k="name:en" v="Minh Khai Street" />
    <tag k="name:etymology:wikidata" v="Q7022971" />
    <tag k="oneway" v="yes" />
    <tag k="surface" v="asphalt" />
  </way>
  <way id="600126206" version="3" timestamp="2024-07-12T06:05:36Z" changeset="153838834" uid="3323343" user="phoenixsaigon1698">
    <nd ref="282890375" />
    <nd ref="5710114705" />
    <nd ref="5710114713" />
    <nd ref="5707645690" />
    <tag k="highway" v="residential" />
    <tag k="name" v="Ngách 624/12 Phố Minh Khai" />
  </way>
  <way id="600126212" version="16" timestamp="2026-06-08T04:32:24Z" changeset="183807915" uid="23326231" user="Vmosnokia31">
    <nd ref="5707645699" />
    <nd ref="5707645698" />
    <nd ref="5707645697" />
    <nd ref="13919232900" />
    <nd ref="5707645696" />
    <nd ref="8265788935" />
    <nd ref="10139175321" />
    <nd ref="12543711241" />
    <tag k="highway" v="service" />
    <tag k="moped" v="yes" />
    <tag k="motorcar" v="destination" />
    <tag k="motorcycle" v="yes" />
    <tag k="name" v="Ngách 624/12 Phố Minh Khai" />
    <tag k="service" v="alley" />
    <tag k="surface" v="asphalt" />
  </way>
  <way id="600126221" version="5" timestamp="2024-09-04T11:33:45Z" changeset="156181729" uid="21213273" user="openmap-vn">
    <nd ref="5707645690" />
    <nd ref="12155254875" />
    <nd ref="8265788905" />
    <nd ref="11876062142" />
    <nd ref="5707645713" />
    <tag k="highway" v="service" />
    <tag k="name" v="Ngách 624/12 Phố Minh Khai" />
    <tag k="service" v="alley" />
  </way>
  <way id="600126224" version="7" timestamp="2026-05-10T08:56:38Z" changeset="182455948" uid="23326231" user="Vmosnokia31">
    <nd ref="282890366" />
    <nd ref="5707645715" />
    <nd ref="13050147691" />
    <nd ref="4955947827" />
    <nd ref="5707646223" />
    <nd ref="282889845" />
    <tag k="access" v="destination" />
    <tag k="highway" v="service" />
    <tag k="oneway" v="yes" />
    <tag k="surface" v="asphalt" />
  </way>
  <way id="600157775" version="8" timestamp="2026-02-08T05:15:47Z" changeset="178252551" uid="11141338" user="FanaticAir75626">
    <nd ref="4955947857" />
    <nd ref="10137756343" />
    <nd ref="8265789249" />
    <nd ref="12091427879" />
    <nd ref="5707821240" />
    <tag k="highway" v="residential" />
    <tag k="oneway" v="yes" />
    <tag k="surface" v="asphalt" />
  </way>
  <way id="600157782" version="3" timestamp="2019-07-31T21:12:57Z" changeset="72873292" uid="10028130" user="Solra">
    <nd ref="5707821238" />
    <nd ref="5707821237" />
    <tag k="highway" v="residential" />
    <tag k="surface" v="concrete" />
  </way>
  <way id="600157786" version="1" timestamp="2018-06-21T08:51:35Z" changeset="60035866" uid="7868172" user="poornima1">
    <nd ref="5707821246" />
    <nd ref="5707821245" />
    <tag k="highway" v="service" />
  </way>
  <way id="600157787" version="2" timestamp="2024-11-13T05:36:39Z" changeset="159076498" uid="3323343" user="phoenixsaigon1698">
    <nd ref="5707821246" />
    <nd ref="5707821249" />
    <nd ref="5707821248" />
    <nd ref="5707821245" />
    <nd ref="5707821247" />
    <tag k="highway" v="service" />
  </way>
  <way id="600157788" version="2" timestamp="2024-11-13T05:36:39Z" changeset="159076498" uid="3323343" user="phoenixsaigon1698">
    <nd ref="5707821246" />
    <nd ref="5707821250" />
    <tag k="highway" v="service" />
  </way>
  <way id="600157789" version="1" timestamp="2018-06-21T08:51:35Z" changeset="60035866" uid="7868172" user="poornima1">
    <nd ref="5707821256" />
    <nd ref="5707821255" />
    <nd ref="5707821250" />
    <nd ref="5707821247" />
    <nd ref="5707821252" />
    <tag k="highway" v="service" />
  </way>
  <way id="600157790" version="3" timestamp="2024-06-30T01:40:38Z" changeset="153352705" uid="3323343" user="phoenixsaigon1698">
    <nd ref="5707821253" />
    <nd ref="5707821256" />
    <tag k="highway" v="service" />
  </way>
  <way id="600157791" version="2" timestamp="2024-11-13T05:36:39Z" changeset="159076498" uid="3323343" user="phoenixsaigon1698">
    <nd ref="282889744" />
    <nd ref="5707821252" />
    <nd ref="5707821257" />
    <nd ref="5707821256" />
    <tag k="highway" v="service" />
  </way>
  <way id="600157792" version="5" timestamp="2026-05-10T08:56:38Z" changeset="182455948" uid="23326231" user="Vmosnokia31">
    <nd ref="8833066268" />
    <nd ref="5707821260" />
    <nd ref="8833066267" />
    <tag k="highway" v="service" />
    <tag k="name" v="536A Phố Minh Khai" />
  </way>
  <way id="600157795" version="5" timestamp="2024-07-12T06:05:36Z" changeset="153838834" uid="3323343" user="phoenixsaigon1698">
    <nd ref="5845486385" />
    <nd ref="12048754175" />
    <nd ref="5707821270" />
    <nd ref="5707821262" />
    <nd ref="5707821269" />
    <tag k="highway" v="residential" />
    <tag k="name" v="Ngõ 622 Phố Minh Khai" />
    <tag k="surface" v="asphalt" />
  </way>
  <way id="600162238" version="6" timestamp="2024-07-12T06:05:36Z" changeset="153838834" uid="3323343" user="phoenixsaigon1698">
    <nd ref="9055631299" />
    <nd ref="10139175318" />
    <nd ref="5707840051" />
    <nd ref="5707840050" />
    <nd ref="8265788862" />
    <nd ref="12048754174" />
    <nd ref="8265788861" />
    <tag k="highway" v="service" />
  </way>
  <way id="600485248" version="2" timestamp="2025-02-25T14:14:19Z" changeset="162934157" uid="11196308" user="vietnam321">
    <nd ref="5709913437" />
    <nd ref="5709913436" />
    <tag k="highway" v="service" />
    <tag k="service" v="alley" />
  </way>
  <way id="600485249" version="4" timestamp="2025-02-25T14:14:19Z" changeset="162934157" uid="11196308" user="vietnam321">
    <nd ref="5709913439" />
    <nd ref="5709913438" />
    <nd ref="12618273878" />
    <nd ref="8265788858" />
    <nd ref="10137756341" />
    <nd ref="8265788857" />
    <tag k="highway" v="service" />
    <tag k="service" v="alley" />
  </way>
  <way id="600489138" version="7" timestamp="2025-07-09T15:46:07Z" changeset="168702841" uid="20910140" user="Hung Tran 9x0">
    <nd ref="5629422885" />
    <nd ref="5709913463" />
    <tag k="highway" v="primary_link" />
    <tag k="surface" v="asphalt" />
  </way>
  <way id="600496185" version="4" timestamp="2024-06-30T01:40:38Z" changeset="153352705" uid="3323343" user="phoenixsaigon1698">
    <nd ref="5709990992" />
    <nd ref="5709990991" />
    <tag k="highway" v="service" />
  </way>
  <way id="600496188" version="7" timestamp="2026-04-25T18:41:38Z" changeset="181819167" uid="23326231" user="Vmosnokia31">
    <nd ref="5710043983" />
    <nd ref="13761314892" />
    <nd ref="13761314896" />
    <nd ref="5709990982" />
    <nd ref="12944186095" />
    <nd ref="5709990996" />
    <nd ref="5710043981" />
    <nd ref="11921518179" />
    <nd ref="13761406804" />
    <nd ref="12556203771" />
    <nd ref="11921518180" />
    <nd ref="5709990998" />
    <nd ref="13761406823" />
    <tag k="highway" v="service" />
    <tag k="name" v="Ngõ 454 Phố Minh Khai" />
    <tag k="service" v="alley" />
  </way>
  <way id="600509228" version="4" timestamp="2023-09-05T15:27:41Z" changeset="140856282" uid="11691953" user="ItsLouisAnderson">
    <nd ref="5710080967" />
    <nd ref="10284859780" />
    <nd ref="11169871356" />
    <nd ref="5710080966" />
    <tag k="highway" v="service" />
    <tag k="surface" v="asphalt" />
  </way>
  <way id="600509238" version="1" timestamp="2018-06-22T03:51:19Z" changeset="60061444" uid="7868172" user="poornima1">
    <nd ref="5710080991" />
    <nd ref="5710080990" />
    <tag k="highway" v="residential" />
  </way>
  <way id="600509241" version="1" timestamp="2018-06-22T03:51:19Z" changeset="60061444" uid="7868172" user="poornima1">
    <nd ref="5710080999" />
    <nd ref="5709990991" />
    <tag k="highway" v="service" />
  </way>
  <way id="600509242" version="4" timestamp="2024-06-30T01:40:38Z" changeset="153352705" uid="3323343" user="phoenixsaigon1698">
    <nd ref="5709990992" />
    <nd ref="5710081001" />
    <nd ref="12021450377" />
    <nd ref="12021450378" />
    <nd ref="12021450380" />
    <nd ref="12021450379" />
    <nd ref="5710080966" />
    <tag k="access" v="private" />
    <tag k="highway" v="service" />
  </way>
  <way id="600509243" version="7" timestamp="2026-02-12T14:54:40Z" changeset="178462032" uid="21825758" user="GrabVN_HHanh">
    <nd ref="5710080998" />
    <nd ref="5710080966" />
    <tag k="highway" v="service" />
    <tag k="surface" v="asphalt" />
  </way>
  <way id="600515214" version="3" timestamp="2026-05-10T08:56:38Z" changeset="182455948" uid="23326231" user="Vmosnokia31">
    <nd ref="282890373" />
    <nd ref="5710114706" />
    <nd ref="13813225596" />
    <nd ref="5710114705" />
    <tag k="highway" v="residential" />
  </way>
  <way id="600515218" version="2" timestamp="2024-05-03T09:43:21Z" changeset="150827793" uid="3323343" user="phoenixsaigon1698">
    <nd ref="5710114709" />
    <nd ref="5710114708" />
    <tag k="highway" v="service" />
    <tag k="service" v="alley" />
  </way>
  <way id="600515221" version="8" timestamp="2026-05-10T08:56:38Z" changeset="182455948" uid="23326231" user="Vmosnokia31">
    <nd ref="8265788880" />
    <nd ref="13813225593" />
    <nd ref="5710114712" />
    <nd ref="5710114711" />
    <nd ref="5710149355" />
    <nd ref="5710114708" />
    <nd ref="5710139859" />
    <nd ref="5710114710" />
    <nd ref="13813225590" />
    <nd ref="13813225594" />
    <tag k="highway" v="residential" />
    <tag k="motorcar" v="no" />
    <tag k="motorcycle" v="yes" />
    <tag k="name" v="Ngách 622/107 Phố Minh Khai" />
  </way>
  <way id="600515223" version="2" timestamp="2024-03-06T03:00:53Z" changeset="148274177" uid="20636026" user="Vietnam Outdoor [VNO]">
    <nd ref="5710114714" />
    <nd ref="5710114713" />
    <tag k="highway" v="service" />
    <tag k="name" v="Hẻm 624/12/109 Phố Minh Khai" />
    <tag k="service" v="alley" />
  </way>
  <way id="600515225" version="2" timestamp="2018-06-22T04:48:56Z" changeset="60062144" uid="7868172" user="poornima1">
    <nd ref="5710114705" />
    <nd ref="5710114715" />
    <nd ref="282890376" />
    <tag k="highway" v="residential" />
  </way>
  <way id="602360149" version="2" timestamp="2024-01-04T03:00:42Z" changeset="145862055" uid="18820325" user="Grab_Cong">
    <nd ref="5721861414" />
    <nd ref="11484356940" />
    <tag k="highway" v="residential" />
  </way>
  <way id="602360150" version="3" timestamp="2026-02-08T05:15:47Z" changeset="178252551" uid="11141338" user="FanaticAir75626">
    <nd ref="5721861416" />
    <nd ref="5721861414" />
    <nd ref="5721861412" />
    <nd ref="8831237457" />
    <tag k="highway" v="residential" />
  </way>
  <way id="615273089" version="6" timestamp="2025-02-18T14:27:38Z" changeset="162663663" uid="20910140" user="Hung Tran 9x0">
    <nd ref="5818229809" />
    <nd ref="5818229822" />
    <nd ref="5818229828" />
    <nd ref="5818229836" />
    <nd ref="5818229842" />
    <nd ref="5818229811" />
    <nd ref="5818229816" />
    <nd ref="5818229823" />
    <nd ref="5818229830" />
    <nd ref="5818229838" />
    <nd ref="5818229844" />
    <nd ref="5818229813" />
    <nd ref="5818229819" />
    <nd ref="5818229825" />
    <nd ref="5818229833" />
    <nd ref="5818229840" />
    <nd ref="5818229809" />
    <tag k="addr:district" v="Quận Hai Bà Trưng" />
    <tag k="addr:province" v="Thành phố Hà Nội" />
    <tag k="addr:street" v="Đường Số 1 Times City - 458 Minh Khai" />
    <tag k="building" v="office" />
    <tag k="building:levels" v="5" />
    <tag k="name" v="Tower 2 Times City" />
  </way>
  <way id="615273091" version="5" timestamp="2025-02-18T14:27:38Z" changeset="162663663" uid="20910140" user="Hung Tran 9x0">
    <nd ref="5818229808" />
    <nd ref="5818229821" />
    <nd ref="5818229827" />
    <nd ref="5818229835" />
    <nd ref="5818229841" />
    <nd ref="5818229810" />
    <nd ref="5818229808" />
    <tag k="addr:district" v="Quận Hai Bà Trưng" />
    <tag k="addr:province" v="Thành phố Hà Nội" />
    <tag k="building" v="office" />
    <tag k="building:levels" v="5" />
    <tag k="name" v="Tower 1 Times City" />
  </way>
  <way id="618429968" version="4" timestamp="2022-10-29T13:21:50Z" changeset="128211214" uid="11691953" user="ItsLouisAnderson">
    <nd ref="5845485952" />
    <nd ref="5707821238" />
    <nd ref="10137756346" />
    <nd ref="2953971626" />
    <tag k="highway" v="residential" />
    <tag k="surface" v="asphalt" />
  </way>
  <way id="618429990" version="5" timestamp="2024-07-12T06:05:36Z" changeset="153838834" uid="3323343" user="phoenixsaigon1698">
    <nd ref="5845486393" />
    <nd ref="11876062140" />
    <nd ref="5845486391" />
    <nd ref="5845486390" />
    <nd ref="5845486389" />
    <nd ref="5845486388" />
    <nd ref="5845486387" />
    <nd ref="5707821269" />
    <tag k="highway" v="residential" />
    <tag k="name" v="Ngõ 622 Phố Minh Khai" />
    <tag k="surface" v="asphalt" />
  </way>
  <way id="618429992" version="6" timestamp="2026-05-04T10:20:51Z" changeset="182197444" uid="23326231" user="Vmosnokia31">
    <nd ref="282890366" />
    <nd ref="6684913287" />
    <nd ref="5845486396" />
    <nd ref="5707821269" />
    <nd ref="5845486395" />
    <nd ref="13793919785" />
    <nd ref="5845486394" />
    <nd ref="4022914506" />
    <tag k="highway" v="residential" />
    <tag k="surface" v="asphalt" />
  </way>
  <way id="632693307" version="3" timestamp="2025-05-26T01:14:41Z" changeset="166755929" uid="8538718" user="SymbollicA">
    <nd ref="5973650156" />
    <nd ref="5973650140" />
    <nd ref="5973650134" />
    <nd ref="5973650128" />
    <nd ref="5973650156" />
    <tag k="building" v="apartments" />
    <tag k="building:levels" v="17" />
    <tag k="height" v="65" />
    <tag k="name" v="Toà nhà 622 Minh Khai (Handico 5)" />
  </way>
  <way id="675243984" version="2" timestamp="2022-04-22T07:38:38Z" changeset="120034225" uid="13749044" user="GrabVN_Ánh Linh Lê">
    <nd ref="5721861412" />
    <nd ref="9684708227" />
    <tag k="highway" v="residential" />
  </way>
  <way id="675243993" version="8" timestamp="2024-07-12T06:05:36Z" changeset="153838834" uid="3323343" user="phoenixsaigon1698">
    <nd ref="8265788921" />
    <nd ref="5707645713" />
    <tag k="highway" v="service" />
    <tag k="name" v="Ngách 624/12 Phố Minh Khai" />
    <tag k="service" v="alley" />
  </way>
  <way id="685980639" version="14" timestamp="2026-04-27T13:35:28Z" changeset="181891442" uid="23326231" user="Vmosnokia31">
    <nd ref="4955947860" />
    <nd ref="10139175542" />
    <nd ref="11289952331" />
    <nd ref="5707821236" />
    <nd ref="10139155862" />
    <nd ref="4955947858" />
    <tag k="highway" v="tertiary" />
    <tag k="lanes" v="2" />
    <tag k="maxspeed" v="30" />
    <tag k="name" v="Đường Số 1 Times City - 458 Minh Khai" />
    <tag k="name:en" v="Road Number 1 Times City - 458 Minh Khai" />
    <tag k="oneway" v="yes" />
    <tag k="surface" v="asphalt" />
  </way>
  <way id="702795321" version="11" timestamp="2025-10-01T10:04:17Z" changeset="172698335" uid="22065819" user="Hung159">
    <nd ref="317910213" />
    <nd ref="6678035908" />
    <nd ref="2218609331" />
    <nd ref="4955948032" />
    <nd ref="6678035906" />
    <nd ref="6678035905" />
    <tag k="highway" v="primary" />
    <tag k="lanes" v="2" />
    <tag k="lit" v="yes" />
    <tag k="name" v="Phố Nguyễn Văn Viên" />
    <tag k="name:en" v="Nguyen Van Vien Street" />
    <tag k="old_name" v="Phố Vĩnh Tuy" />
    <tag k="oneway" v="yes" />
    <tag k="surface" v="asphalt" />
  </way>
  <way id="709359145" version="3" timestamp="2024-06-30T01:40:38Z" changeset="153352705" uid="3323343" user="phoenixsaigon1698">
    <nd ref="5704144794" />
    <nd ref="6668068893" />
    <tag k="fixme" v="name" />
    <tag k="highway" v="service" />
    <tag k="service" v="alley" />
    <tag k="surface" v="concrete" />
  </way>
  <way id="709359146" version="1" timestamp="2019-07-31T20:30:00Z" changeset="72872200" uid="10028130" user="Solra">
    <nd ref="6668068896" />
    <nd ref="6668068895" />
    <tag k="highway" v="service" />
    <tag k="surface" v="concrete" />
  </way>
  <way id="710374971" version="5" timestamp="2025-02-12T12:29:37Z" changeset="162427169" uid="16194143" user="Tewuzij">
    <nd ref="6678035901" />
    <nd ref="6685192086" />
    <nd ref="6678035900" />
    <nd ref="6678070315" />
    <nd ref="6678035899" />
    <nd ref="6685192087" />
    <nd ref="2218609322" />
    <tag k="highway" v="primary_link" />
    <tag k="lanes" v="1" />
    <tag k="lit" v="yes" />
    <tag k="oneway" v="yes" />
    <tag k="surface" v="asphalt" />
  </way>
  <way id="710374972" version="4" timestamp="2025-02-12T12:29:34Z" changeset="162427169" uid="16194143" user="Tewuzij">
    <nd ref="6678035905" />
    <nd ref="6685192089" />
    <nd ref="6678035902" />
    <nd ref="6678070316" />
    <nd ref="6678035903" />
    <nd ref="6685192088" />
    <nd ref="6678035904" />
    <tag k="highway" v="primary_link" />
    <tag k="lanes" v="1" />
    <tag k="lit" v="yes" />
    <tag k="oneway" v="yes" />
    <tag k="surface" v="asphalt" />
  </way>
  <way id="711042234" version="8" timestamp="2026-06-10T09:20:10Z" changeset="183912581" uid="11196308" user="vietnam321">
    <nd ref="6684638484" />
    <nd ref="12270506438" />
    <nd ref="6684756988" />
    <nd ref="6684646085" />
    <nd ref="5704144807" />
    <tag k="highway" v="secondary" />
    <tag k="lanes" v="2" />
    <tag k="lit" v="yes" />
    <tag k="name" v="Phố Minh Khai" />
    <tag k="name:en" v="Minh Khai Street" />
    <tag k="name:etymology:wikidata" v="Q7022971" />
    <tag k="surface" v="asphalt" />
  </way>
  <way id="711042235" version="7" timestamp="2026-06-10T09:20:10Z" changeset="183912581" uid="11196308" user="vietnam321">
    <nd ref="5704144806" />
    <nd ref="6684638482" />
    <nd ref="6684638484" />
    <tag k="highway" v="secondary" />
    <tag k="lanes" v="1" />
    <tag k="name" v="Phố Minh Khai" />
    <tag k="name:en" v="Minh Khai Street" />
    <tag k="name:etymology:wikidata" v="Q7022971" />
    <tag k="oneway" v="yes" />
    <tag k="surface" v="asphalt" />
  </way>
  <way id="711042236" version="7" timestamp="2026-06-10T09:20:10Z" changeset="183912581" uid="11196308" user="vietnam321">
    <nd ref="6684638484" />
    <nd ref="6684638481" />
    <nd ref="4955947899" />
    <tag k="highway" v="secondary" />
    <tag k="lanes" v="1" />
    <tag k="name" v="Phố Minh Khai" />
    <tag k="name:en" v="Minh Khai Street" />
    <tag k="name:etymology:wikidata" v="Q7022971" />
    <tag k="oneway" v="yes" />
    <tag k="surface" v="asphalt" />
  </way>
  <way id="711053407" version="2" timestamp="2022-10-29T13:21:50Z" changeset="128211214" uid="11691953" user="ItsLouisAnderson">
    <nd ref="6684756988" />
    <nd ref="10137756411" />
    <nd ref="6684756987" />
    <tag k="highway" v="service" />
    <tag k="surface" v="asphalt" />
  </way>
  <way id="711063460" version="10" timestamp="2026-04-27T13:35:28Z" changeset="181891442" uid="23326231" user="Vmosnokia31">
    <nd ref="4955947860" />
    <nd ref="10284870819" />
    <nd ref="5710080967" />
    <tag k="highway" v="tertiary" />
    <tag k="lanes" v="4" />
    <tag k="maxspeed" v="30" />
    <tag k="name" v="Đường Số 1 Times City - 458 Minh Khai" />
    <tag k="name:en" v="Road Number 1 Times City - 458 Minh Khai" />
    <tag k="surface" v="asphalt" />
    <tag k="turn:lanes:backward" v="left;through|through;right" />
    <tag k="turn:lanes:forward" v="through|through;right" />
  </way>
  <way id="711072218" version="3" timestamp="2026-05-10T08:56:38Z" changeset="182455948" uid="23326231" user="Vmosnokia31">
    <nd ref="6684929540" />
    <nd ref="6684929539" />
    <nd ref="13813225558" />
    <tag k="highway" v="service" />
    <tag k="name" v="Ngách 622/11 Phố Minh Khai" />
    <tag k="service" v="alley" />
    <tag k="surface" v="concrete" />
  </way>
  <way id="711076964" version="6" timestamp="2026-01-12T03:33:30Z" changeset="177120453" uid="15330182" user="GrabVN_Nguyen Thi Ngoc Tram">
    <nd ref="5845486393" />
    <nd ref="11876062139" />
    <nd ref="11876062129" />
    <nd ref="10131986951" />
    <nd ref="5710080990" />
    <nd ref="8333865840" />
    <nd ref="13449278284" />
    <nd ref="5973650122" />
    <tag k="highway" v="residential" />
    <tag k="lanes" v="2" />
    <tag k="name" v="Ngõ 622 Phố Minh Khai" />
    <tag k="surface" v="asphalt" />
  </way>
  <way id="711131256" version="7" timestamp="2026-02-08T05:15:47Z" changeset="178252551" uid="11141338" user="FanaticAir75626">
    <nd ref="5707820717" />
    <nd ref="12091427882" />
    <nd ref="12091427884" />
    <nd ref="10137756342" />
    <nd ref="6685532115" />
    <tag k="highway" v="residential" />
    <tag k="lanes" v="2" />
    <tag k="oneway" v="yes" />
    <tag k="surface" v="asphalt" />
  </way>
  <way id="761177384" version="11" timestamp="2026-04-27T13:35:28Z" changeset="181891442" uid="23326231" user="Vmosnokia31">
    <nd ref="4955947878" />
    <nd ref="10139155861" />
    <nd ref="10139175526" />
    <nd ref="10139175541" />
    <nd ref="4955947860" />
    <tag k="highway" v="tertiary" />
    <tag k="lanes" v="2" />
    <tag k="maxspeed" v="30" />
    <tag k="name" v="Đường Số 1 Times City - 458 Minh Khai" />
    <tag k="name:en" v="Road Number 1 Times City - 458 Minh Khai" />
    <tag k="oneway" v="yes" />
    <tag k="surface" v="asphalt" />
  </way>
  <way id="774534246" version="6" timestamp="2025-12-16T02:52:57Z" changeset="175985749" uid="3323343" user="phoenixsaigon1698">
    <nd ref="4955947826" />
    <nd ref="12048754176" />
    <nd ref="9596673550" />
    <nd ref="4955947825" />
    <tag k="highway" v="service" />
    <tag k="name" v="Ngõ 198 Phố Dương Văn Bé" />
    <tag k="service" v="alley" />
  </way>
  <way id="840421675" version="6" timestamp="2026-04-27T13:35:28Z" changeset="181891442" uid="23326231" user="Vmosnokia31">
    <nd ref="7842197879" />
    <nd ref="10284859788" />
    <nd ref="13546419876" />
    <nd ref="10284870844" />
    <nd ref="7842197880" />
    <nd ref="10284870845" />
    <nd ref="13766865530" />
    <nd ref="7842197882" />
    <nd ref="10284870846" />
    <nd ref="7842197883" />
    <nd ref="10284859787" />
    <nd ref="7842197884" />
    <tag k="highway" v="service" />
  </way>
  <way id="860575439" version="1" timestamp="2020-10-19T07:13:00Z" changeset="92686552" uid="11691953" user="ItsLouisAnderson">
    <nd ref="8021076059" />
    <nd ref="8021076060" />
    <nd ref="8021076061" />
    <nd ref="8021076062" />
    <nd ref="8021076063" />
    <nd ref="8021076064" />
    <nd ref="8021076065" />
    <nd ref="8021076066" />
    <nd ref="8021076067" />
    <nd ref="8021076068" />
    <nd ref="8021076069" />
    <nd ref="8021076075" />
    <nd ref="8021076078" />
    <nd ref="8021076070" />
    <nd ref="8021076071" />
    <nd ref="8021076072" />
    <nd ref="8021076073" />
    <nd ref="8021076074" />
    <nd ref="8021076059" />
    <tag k="building" v="apartments" />
    <tag k="building:levels" v="5" />
    <tag k="name" v="Hòa Bình Green City A" />
  </way>
  <way id="860575441" version="1" timestamp="2020-10-19T07:13:00Z" changeset="92686552" uid="11691953" user="ItsLouisAnderson">
    <nd ref="8021076079" />
    <nd ref="8021076080" />
    <nd ref="8021076081" />
    <nd ref="8021076082" />
    <nd ref="8021076083" />
    <nd ref="8021076084" />
    <nd ref="8021076085" />
    <nd ref="8021076086" />
    <nd ref="8021076087" />
    <nd ref="8021076088" />
    <nd ref="8021076089" />
    <nd ref="8021076090" />
    <nd ref="8021076079" />
    <tag k="building" v="apartments" />
    <tag k="building:levels" v="27" />
    <tag k="name" v="Hòa Bình Green City B" />
  </way>
  <way id="889095046" version="2" timestamp="2024-07-12T06:05:36Z" changeset="153838834" uid="3323343" user="phoenixsaigon1698">
    <nd ref="8265788859" />
    <nd ref="8265788865" />
    <tag k="highway" v="service" />
    <tag k="motorcar" v="no" />
    <tag k="motorcycle" v="yes" />
  </way>
  <way id="889095047" version="2" timestamp="2024-07-12T06:05:36Z" changeset="153838834" uid="3323343" user="phoenixsaigon1698">
    <nd ref="8265788861" />
    <nd ref="8265788859" />
    <nd ref="8265788860" />
    <tag k="highway" v="service" />
    <tag k="motorcar" v="no" />
    <tag k="motorcycle" v="yes" />
  </way>
  <way id="889095048" version="2" timestamp="2025-12-16T03:36:58Z" changeset="175986506" uid="3323343" user="phoenixsaigon1698">
    <nd ref="8265788863" />
    <nd ref="8265788862" />
    <tag k="highway" v="service" />
    <tag k="motorcar" v="no" />
    <tag k="motorcycle" v="yes" />
  </way>
  <way id="889095049" version="3" timestamp="2024-07-12T06:05:36Z" changeset="153838834" uid="3323343" user="phoenixsaigon1698">
    <nd ref="8265788861" />
    <nd ref="8265788868" />
    <nd ref="8265788867" />
    <nd ref="8265788860" />
    <nd ref="8265788866" />
    <nd ref="8265788865" />
    <nd ref="8265788864" />
    <nd ref="8265788863" />
    <nd ref="5707840047" />
    <nd ref="5707840050" />
    <tag k="highway" v="service" />
    <tag k="motorcar" v="no" />
    <tag k="motorcycle" v="yes" />
  </way>
  <way id="889095050" version="2" timestamp="2024-05-03T09:43:21Z" changeset="150827793" uid="3323343" user="phoenixsaigon1698">
    <nd ref="8265788875" />
    <nd ref="8265788870" />
    <tag k="highway" v="service" />
    <tag k="motorcar" v="no" />
    <tag k="motorcycle" v="yes" />
    <tag k="service" v="alley" />
  </way>
  <way id="889095052" version="3" timestamp="2026-05-10T08:56:38Z" changeset="182455948" uid="23326231" user="Vmosnokia31">
    <nd ref="8265788880" />
    <nd ref="13813225595" />
    <nd ref="8265788879" />
    <nd ref="8265788878" />
    <tag k="highway" v="residential" />
    <tag k="motorcar" v="no" />
    <tag k="motorcycle" v="yes" />
    <tag k="name" v="Ngõ 622 Phố Minh Khai" />
  </way>
  <way id="889095056" version="3" timestamp="2026-06-08T04:32:24Z" changeset="183807915" uid="23326231" user="Vmosnokia31">
    <nd ref="8265788896" />
    <nd ref="13919232817" />
    <nd ref="8265788894" />
    <tag k="highway" v="service" />
    <tag k="motorcar" v="no" />
    <tag k="motorcycle" v="yes" />
    <tag k="service" v="alley" />
  </way>
  <way id="889095064" version="5" timestamp="2026-08-04T05:21:17Z" changeset="186902862" uid="20910140" user="Hung Tran 9x0">
    <nd ref="8265788921" />
    <nd ref="8265788920" />
    <nd ref="13919232795" />
    <nd ref="13919232797" />
    <nd ref="8265788919" />
    <nd ref="8265788918" />
    <tag k="highway" v="service" />
    <tag k="motorcar" v="no" />
    <tag k="motorcycle" v="yes" />
    <tag k="name" v="Hẻm 624/12/75 Phố Minh Khai" />
    <tag k="service" v="alley" />
  </way>
  <way id="889095065" version="4" timestamp="2026-08-04T05:26:56Z" changeset="186902967" uid="20910140" user="Hung Tran 9x0">
    <nd ref="8265788930" />
    <nd ref="13919232716" />
    <nd ref="8265788929" />
    <nd ref="13919232715" />
    <nd ref="8265788928" />
    <nd ref="13919232717" />
    <nd ref="13919232722" />
    <nd ref="13919232724" />
    <nd ref="8265788927" />
    <nd ref="8265788926" />
    <nd ref="8265788925" />
    <nd ref="13919232727" />
    <nd ref="8265788924" />
    <nd ref="8265788923" />
    <nd ref="14072066148" />
    <nd ref="8265788922" />
    <tag k="highway" v="service" />
    <tag k="motorcar" v="no" />
    <tag k="motorcycle" v="yes" />
    <tag k="name" v="Ngách 624/16 Phố Minh Khai" />
    <tag k="service" v="alley" />
  </way>
  <way id="889095067" version="4" timestamp="2026-06-08T04:32:24Z" changeset="183807915" uid="23326231" user="Vmosnokia31">
    <nd ref="10139175321" />
    <nd ref="13919232901" />
    <nd ref="8265788930" />
    <nd ref="8265788934" />
    <nd ref="13919232702" />
    <nd ref="13919232703" />
    <nd ref="13919232756" />
    <nd ref="13919232752" />
    <nd ref="13919232754" />
    <nd ref="8265788933" />
    <nd ref="4955948033" />
    <tag k="highway" v="service" />
    <tag k="motorcar" v="no" />
    <tag k="motorcycle" v="yes" />
    <tag k="name" v="Ngõ 624 Phố Minh Khai" />
    <tag k="service" v="alley" />
  </way>
  <way id="889095159" version="4" timestamp="2025-08-02T05:33:19Z" changeset="169845514" uid="20910140" user="Hung Tran 9x0">
    <nd ref="8265789279" />
    <nd ref="13042463435" />
    <nd ref="11484347391" />
    <nd ref="8265789250" />
    <nd ref="8715257020" />
    <tag k="highway" v="service" />
    <tag k="motorcar" v="destination" />
    <tag k="service" v="alley" />
  </way>
  <way id="889095160" version="2" timestamp="2024-01-04T03:00:42Z" changeset="145862055" uid="18820325" user="Grab_Cong">
    <nd ref="11484356939" />
    <nd ref="8265789254" />
    <nd ref="8265789253" />
    <nd ref="8265789252" />
    <nd ref="8265789251" />
    <nd ref="8265789273" />
    <tag k="highway" v="service" />
    <tag k="motorcar" v="destination" />
    <tag k="service" v="alley" />
  </way>
  <way id="889095161" version="7" timestamp="2026-03-15T06:11:58Z" changeset="179884342" uid="20910140" user="Hung Tran 9x0">
    <nd ref="8265789263" />
    <nd ref="9684708228" />
    <nd ref="8265789259" />
    <nd ref="9684708229" />
    <nd ref="13649015838" />
    <nd ref="8265789258" />
    <nd ref="8265789257" />
    <nd ref="9684708231" />
    <nd ref="9684708230" />
    <nd ref="13042463434" />
    <tag k="highway" v="service" />
    <tag k="motorcar" v="destination" />
    <tag k="name" v="Ngõ 359 Phố Minh Khai" />
    <tag k="old_name" v="Ngõ 461 Phố Minh Khai" />
    <tag k="service" v="alley" />
  </way>
  <way id="889095162" version="3" timestamp="2025-08-02T05:33:19Z" changeset="169845514" uid="20910140" user="Hung Tran 9x0">
    <nd ref="8265789264" />
    <nd ref="8265789263" />
    <tag k="highway" v="service" />
    <tag k="motorcar" v="destination" />
    <tag k="name" v="Ngõ 359 Phố Minh Khai" />
    <tag k="old_name" v="Ngõ 461 Phố Minh Khai" />
    <tag k="service" v="alley" />
  </way>
  <way id="889095163" version="3" timestamp="2024-01-04T02:52:58Z" changeset="145861908" uid="18820325" user="Grab_Cong">
    <nd ref="11484347399" />
    <nd ref="11484347398" />
    <nd ref="11484347397" />
    <nd ref="11484347396" />
    <nd ref="11484347395" />
    <nd ref="8265789268" />
    <nd ref="8265789267" />
    <nd ref="8265789266" />
    <nd ref="11484347394" />
    <nd ref="8265789265" />
    <nd ref="11484347400" />
    <tag k="highway" v="service" />
    <tag k="motorcar" v="destination" />
    <tag k="service" v="alley" />
  </way>
  <way id="889095165" version="5" timestamp="2025-08-02T05:33:19Z" changeset="169845514" uid="20910140" user="Hung Tran 9x0">
    <nd ref="8265789280" />
    <nd ref="10137756344" />
    <nd ref="8341987621" />
    <nd ref="8265789279" />
    <nd ref="8265789270" />
    <nd ref="8265789278" />
    <nd ref="8265789277" />
    <nd ref="8341987625" />
    <nd ref="8341987624" />
    <nd ref="8265789269" />
    <nd ref="11484347399" />
    <nd ref="8265789276" />
    <nd ref="8341987627" />
    <nd ref="8341987628" />
    <nd ref="8341987629" />
    <nd ref="8341987630" />
    <nd ref="8265789275" />
    <nd ref="8341987631" />
    <nd ref="8341987632" />
    <nd ref="8341987633" />
    <nd ref="8265789274" />
    <nd ref="8341987634" />
    <nd ref="8341987635" />
    <nd ref="8341987636" />
    <nd ref="8265789273" />
    <nd ref="8265789264" />
    <tag k="highway" v="service" />
    <tag k="motorcar" v="destination" />
    <tag k="name" v="Ngõ 359 Phố Minh Khai" />
    <tag k="old_name" v="Ngõ 461 Phố Minh Khai" />
    <tag k="service" v="alley" />
  </way>
  <way id="889095166" version="5" timestamp="2025-09-27T16:57:10Z" changeset="172535003" uid="22065819" user="Hung159">
    <nd ref="8265789283" />
    <nd ref="10137756323" />
    <nd ref="8265789282" />
    <nd ref="8265789281" />
    <tag k="highway" v="service" />
    <tag k="motorcar" v="destination" />
    <tag k="motorcycle" v="destination" />
    <tag k="name" v="Ngõ 7 Phố Mạc Thị Bưởi" />
    <tag k="service" v="alley" />
  </way>
  <way id="889095188" version="3" timestamp="2025-09-27T16:57:10Z" changeset="172535003" uid="22065819" user="Hung159">
    <nd ref="8265789346" />
    <nd ref="8265789345" />
    <nd ref="8265789344" />
    <nd ref="8265789343" />
    <tag k="highway" v="service" />
    <tag k="motorcar" v="no" />
    <tag k="motorcycle" v="yes" />
    <tag k="name" v="Ngõ 17 Phố Mạc Thị Bưởi" />
    <tag k="service" v="alley" />
  </way>
  <way id="896522462" version="3" timestamp="2026-05-10T08:56:38Z" changeset="182455948" uid="23326231" user="Vmosnokia31">
    <nd ref="8333865842" />
    <nd ref="13813225578" />
    <nd ref="8333865840" />
    <tag k="highway" v="service" />
  </way>
  <way id="924724292" version="3" timestamp="2023-09-05T17:28:19Z" changeset="140861161" uid="11691953" user="ItsLouisAnderson">
    <nd ref="8582191782" />
    <nd ref="8582191781" />
    <nd ref="8582191780" />
    <nd ref="8582191779" />
    <nd ref="8582191794" />
    <nd ref="8582191795" />
    <nd ref="8582191796" />
    <nd ref="8582191797" />
    <nd ref="8582191798" />
    <nd ref="8582191799" />
    <nd ref="8582191800" />
    <nd ref="8582191782" />
    <tag k="building" v="yes" />
    <tag k="name" v="Century Tower" />
  </way>
  <way id="949262764" version="3" timestamp="2025-08-17T04:12:20Z" changeset="170547962" uid="22065819" user="Hung159">
    <nd ref="4955948031" />
    <nd ref="10139175322" />
    <nd ref="5704543889" />
    <tag k="fixme" v="maxweight" />
    <tag k="highway" v="residential" />
    <tag k="name" v="Ngõ 34 Phố Vĩnh Tuy" />
    <tag k="surface" v="asphalt" />
  </way>
  <way id="951487943" version="5" timestamp="2026-06-10T09:20:10Z" changeset="183912581" uid="11196308" user="vietnam321">
    <nd ref="4955947858" />
    <nd ref="5629422884" />
    <tag k="highway" v="primary" />
    <tag k="lanes" v="2" />
    <tag k="lit" v="yes" />
    <tag k="name" v="Phố Minh Khai" />
    <tag k="name:en" v="Minh Khai Street" />
    <tag k="name:etymology:wikidata" v="Q7022971" />
    <tag k="oneway" v="yes" />
    <tag k="surface" v="asphalt" />
  </way>
  <way id="951487944" version="5" timestamp="2026-06-10T09:20:10Z" changeset="183912581" uid="11196308" user="vietnam321">
    <nd ref="4955947881" />
    <nd ref="8265789283" />
    <nd ref="9885522674" />
    <nd ref="8265789280" />
    <nd ref="4955947857" />
    <tag k="highway" v="primary" />
    <tag k="lanes" v="2" />
    <tag k="lit" v="yes" />
    <tag k="name" v="Phố Minh Khai" />
    <tag k="name:en" v="Minh Khai Street" />
    <tag k="name:etymology:wikidata" v="Q7022971" />
    <tag k="oneway" v="yes" />
    <tag k="surface" v="asphalt" />
  </way>
  <way id="954166999" version="1" timestamp="2021-06-14T07:46:21Z" changeset="106317564" uid="11519196" user="span_1">
    <nd ref="5704144789" />
    <nd ref="8831277538" />
    <nd ref="8831277537" />
    <nd ref="2294389046" />
    <tag k="highway" v="service" />
  </way>
  <way id="954362662" version="2" timestamp="2026-05-10T08:56:38Z" changeset="182455948" uid="23326231" user="Vmosnokia31">
    <nd ref="8833066255" />
    <nd ref="8833066256" />
    <nd ref="8833066257" />
    <nd ref="8833066258" />
    <nd ref="8833066259" />
    <nd ref="8833066260" />
    <nd ref="8833066255" />
    <tag k="addr:housenumber" v="CT2" />
    <tag k="building" v="apartments" />
    <tag k="building:levels" v="21" />
    <tag k="name" v="CT2" />
  </way>
  <way id="954362663" version="2" timestamp="2026-05-10T08:56:38Z" changeset="182455948" uid="23326231" user="Vmosnokia31">
    <nd ref="8833066261" />
    <nd ref="8833066262" />
    <nd ref="8833066263" />
    <nd ref="8833066264" />
    <nd ref="8833066265" />
    <nd ref="8833066266" />
    <nd ref="8833066261" />
    <tag k="addr:housenumber" v="CT1" />
    <tag k="building" v="apartments" />
    <tag k="building:levels" v="19" />
    <tag k="name" v="CT1" />
  </way>
  <way id="954362665" version="2" timestamp="2026-05-10T08:56:38Z" changeset="182455948" uid="23326231" user="Vmosnokia31">
    <nd ref="8833066268" />
    <nd ref="8833066269" />
    <nd ref="8833066270" />
    <nd ref="8833066271" />
    <nd ref="8833066272" />
    <nd ref="8833066267" />
    <nd ref="8833066273" />
    <nd ref="8833066274" />
    <tag k="highway" v="residential" />
    <tag k="name" v="Ngõ 536 Phố Minh Khai" />
  </way>
  <way id="954362666" version="3" timestamp="2026-05-10T08:56:38Z" changeset="182455948" uid="23326231" user="Vmosnokia31">
    <nd ref="8833066275" />
    <nd ref="8833066276" />
    <nd ref="8833066277" />
    <nd ref="8833066278" />
    <nd ref="8833066279" />
    <nd ref="13050147688" />
    <nd ref="13050147689" />
    <nd ref="8833066280" />
    <nd ref="8833066281" />
    <nd ref="8833066282" />
    <nd ref="8833066275" />
    <tag k="addr:street" v="Ngõ 622 Phố Minh Khai" />
    <tag k="building" v="apartments" />
    <tag k="building:levels" v="20" />
    <tag k="name" v="Amber Riverside" />
  </way>
  <way id="954542124" version="5" timestamp="2026-06-10T09:20:10Z" changeset="183912581" uid="11196308" user="vietnam321">
    <nd ref="4955947897" />
    <nd ref="5704144804" />
    <nd ref="4955947918" />
    <tag k="highway" v="secondary" />
    <tag k="lanes" v="1" />
    <tag k="name" v="Phố Minh Khai" />
    <tag k="name:en" v="Minh Khai Street" />
    <tag k="name:etymology:wikidata" v="Q7022971" />
    <tag k="oneway" v="yes" />
    <tag k="surface" v="asphalt" />
  </way>
  <way id="954542125" version="4" timestamp="2026-06-10T09:20:10Z" changeset="183912581" uid="11196308" user="vietnam321">
    <nd ref="4955947906" />
    <nd ref="2953971627" />
    <tag k="cycleway:right" v="shared_lane" />
    <tag k="highway" v="primary" />
    <tag k="lanes" v="2" />
    <tag k="lit" v="yes" />
    <tag k="name" v="Phố Minh Khai" />
    <tag k="name:en" v="Minh Khai Street" />
    <tag k="name:etymology:wikidata" v="Q7022971" />
    <tag k="oneway" v="yes" />
    <tag k="surface" v="asphalt" />
  </way>
  <way id="954542128" version="3" timestamp="2025-02-12T12:29:03Z" changeset="162427169" uid="16194143" user="Tewuzij">
    <nd ref="4955947906" />
    <nd ref="4955947917" />
    <nd ref="4955947916" />
    <nd ref="5845486479" />
    <nd ref="4955947915" />
    <nd ref="5845486474" />
    <nd ref="4955947914" />
    <nd ref="4955947913" />
    <tag k="highway" v="primary" />
    <tag k="junction" v="roundabout" />
    <tag k="lanes" v="1" />
    <tag k="lit" v="yes" />
    <tag k="oneway" v="yes" />
    <tag k="surface" v="asphalt" />
  </way>
  <way id="963557963" version="4" timestamp="2026-08-14T01:02:05Z" changeset="187417564" uid="11196308" user="vietnam321">
    <nd ref="8912947990" />
    <nd ref="8912930374" />
    <nd ref="8912947960" />
    <nd ref="8912930396" />
    <nd ref="8912947953" />
    <nd ref="8912930382" />
    <nd ref="8912930387" />
    <nd ref="8912947990" />
    <tag k="addr:housenumber" v="460" />
    <tag k="addr:street" v="Phố Minh Khai" />
    <tag k="building" v="yes" />
    <tag k="email" v="banbientap.cddm@gmail.com" />
    <tag k="fax" v="+84 24 3862 5547" />
    <tag k="name" v="Công đoàn Dệt may Việt Nam" />
    <tag k="office" v="union" />
    <tag k="phone" v="+84 24 3633 9839" />
    <tag k="website" v="http://www.congdoandetmay.vn/" />
  </way>
  <way id="963557964" version="1" timestamp="2021-07-12T06:44:46Z" changeset="107814813" uid="11196308" user="vietnam321">
    <nd ref="8912948005" />
    <nd ref="8912930369" />
    <nd ref="8912930365" />
    <nd ref="8912930361" />
    <nd ref="8912947920" />
    <nd ref="8912948025" />
    <nd ref="8912948005" />
    <tag k="building" v="university" />
    <tag k="name" v="H.A2" />
  </way>
  <way id="963557965" version="2" timestamp="2025-06-22T06:51:12Z" changeset="167939729" uid="20910140" user="Hung Tran 9x0">
    <nd ref="8912947977" />
    <nd ref="8912947966" />
    <nd ref="8912930405" />
    <nd ref="8912947956" />
    <nd ref="8912930390" />
    <nd ref="8912947951" />
    <nd ref="8912930376" />
    <nd ref="8912947982" />
    <nd ref="8912930367" />
    <nd ref="8912947971" />
    <nd ref="8912930415" />
    <nd ref="8912947962" />
    <nd ref="8912930399" />
    <nd ref="8912947954" />
    <nd ref="8912930384" />
    <nd ref="8912947992" />
    <nd ref="8912930371" />
    <nd ref="8912947977" />
    <tag k="addr:street" v="Phố Minh Khai" />
    <tag k="building" v="university" />
    <tag k="name" v="Văn phòng Trường Đại học Kinh tế - Kỹ thuật Công nghiệp" />
  </way>
  <way id="963557969" version="2" timestamp="2026-02-26T03:26:39Z" changeset="179065371" uid="23326231" user="Vmosnokia31">
    <nd ref="8912947944" />
    <nd ref="8912947974" />
    <nd ref="8912930360" />
    <nd ref="8912947965" />
    <nd ref="8912948024" />
    <nd ref="8912947955" />
    <nd ref="8912930387" />
    <nd ref="8912947990" />
    <nd ref="8912930374" />
    <nd ref="8912947980" />
    <nd ref="8912947944" />
    <tag k="building" v="university" />
    <tag k="name" v="H.H1" />
  </way>
  <way id="963557971" version="1" timestamp="2021-07-12T06:44:46Z" changeset="107814813" uid="11196308" user="vietnam321">
    <nd ref="8912947948" />
    <nd ref="8912947964" />
    <nd ref="8912930364" />
    <nd ref="8912947968" />
    <nd ref="8912948028" />
    <nd ref="8912948008" />
    <nd ref="8912947948" />
    <tag k="building" v="university" />
    <tag k="name" v="H.A7" />
  </way>
  <way id="963557973" version="1" timestamp="2021-07-12T06:44:46Z" changeset="107814813" uid="11196308" user="vietnam321">
    <nd ref="8912948010" />
    <nd ref="8912947961" />
    <nd ref="8912930375" />
    <nd ref="8912947938" />
    <nd ref="8912930366" />
    <nd ref="8912948010" />
    <tag k="building" v="university" />
    <tag k="name" v="H.A3" />
  </way>
  <way id="963557978" version="1" timestamp="2021-07-12T06:44:46Z" changeset="107814813" uid="11196308" user="vietnam321">
    <nd ref="8912947961" />
    <nd ref="8912948025" />
    <nd ref="8912948005" />
    <nd ref="8912930368" />
    <nd ref="8912947941" />
    <nd ref="8912930378" />
    <nd ref="8912930370" />
    <nd ref="8912947950" />
    <nd ref="8912930375" />
    <nd ref="8912947961" />
    <tag k="building" v="university" />
    <tag k="name" v="H.A5" />
  </way>
  <way id="963557979" version="1" timestamp="2021-07-12T06:44:46Z" changeset="107814813" uid="11196308" user="vietnam321">
    <nd ref="8912930365" />
    <nd ref="8912930369" />
    <nd ref="8912930358" />
    <nd ref="8912930410" />
    <nd ref="8912947965" />
    <nd ref="8912930360" />
    <nd ref="8912948017" />
    <nd ref="8912930365" />
    <tag k="building" v="university" />
    <tag k="name" v="H.A1" />
  </way>
  <way id="963557981" version="1" timestamp="2021-07-12T06:44:46Z" changeset="107814813" uid="11196308" user="vietnam321">
    <nd ref="8912930378" />
    <nd ref="8912948027" />
    <nd ref="8912947957" />
    <nd ref="8912948013" />
    <nd ref="8912930378" />
    <tag k="building" v="university" />
    <tag k="name" v="H.A4" />
  </way>
  <way id="963557983" version="1" timestamp="2021-07-12T06:44:46Z" changeset="107814813" uid="11196308" user="vietnam321">
    <nd ref="8912930378" />
    <nd ref="8912930370" />
    <nd ref="8912947948" />
    <nd ref="8912947964" />
    <nd ref="8912948021" />
    <nd ref="8912948013" />
    <nd ref="8912930378" />
    <tag k="building" v="university" />
    <tag k="name" v="H.A6" />
  </way>
  <way id="1021041165" version="2" timestamp="2024-06-30T01:40:38Z" changeset="153352705" uid="3323343" user="phoenixsaigon1698">
    <nd ref="9417211700" />
    <nd ref="9417211701" />
    <nd ref="9417211702" />
    <nd ref="9417211703" />
    <tag k="highway" v="service" />
    <tag k="name" v="Ngõ 27 Phố Vĩnh Tuy" />
    <tag k="service" v="alley" />
  </way>
  <way id="1042519575" version="4" timestamp="2026-06-10T09:20:10Z" changeset="183912581" uid="11196308" user="vietnam321">
    <nd ref="4955947878" />
    <nd ref="4955947858" />
    <tag k="highway" v="primary" />
    <tag k="lanes" v="2" />
    <tag k="lit" v="yes" />
    <tag k="name" v="Phố Minh Khai" />
    <tag k="name:en" v="Minh Khai Street" />
    <tag k="name:etymology:wikidata" v="Q7022971" />
    <tag k="oneway" v="yes" />
    <tag k="surface" v="asphalt" />
  </way>
  <way id="1042519576" version="4" timestamp="2025-02-12T12:29:10Z" changeset="162427169" uid="16194143" user="Tewuzij">
    <nd ref="5704144803" />
    <nd ref="10137756396" />
    <nd ref="4955947919" />
    <nd ref="5845486476" />
    <nd ref="4955947918" />
    <nd ref="4955947906" />
    <tag k="highway" v="primary" />
    <tag k="junction" v="roundabout" />
    <tag k="lanes" v="1" />
    <tag k="lit" v="yes" />
    <tag k="oneway" v="yes" />
    <tag k="surface" v="asphalt" />
  </way>
  <way id="1046483358" version="1" timestamp="2022-03-30T11:22:26Z" changeset="119111703" uid="14936291" user="vammu_22">
    <nd ref="9623596676" />
    <nd ref="9623596675" />
    <nd ref="9623596674" />
    <nd ref="9623596673" />
    <nd ref="9623596676" />
    <tag k="building" v="yes" />
  </way>
  <way id="1046483359" version="1" timestamp="2022-03-30T11:22:26Z" changeset="119111703" uid="14936291" user="vammu_22">
    <nd ref="9623596680" />
    <nd ref="9623596677" />
    <nd ref="9623596678" />
    <nd ref="9623596679" />
    <nd ref="9623596680" />
    <tag k="building" v="yes" />
  </way>
  <way id="1046483360" version="1" timestamp="2022-03-30T11:22:26Z" changeset="119111703" uid="14936291" user="vammu_22">
    <nd ref="9623596684" />
    <nd ref="9623596683" />
    <nd ref="9623596682" />
    <nd ref="9623596681" />
    <nd ref="9623596684" />
    <tag k="building" v="yes" />
  </way>
  <way id="1046484261" version="1" timestamp="2022-03-30T11:25:50Z" changeset="119111857" uid="14936291" user="vammu_22">
    <nd ref="9623626944" />
    <nd ref="9623626941" />
    <nd ref="9623626942" />
    <nd ref="9623626943" />
    <nd ref="9623626944" />
    <tag k="building" v="yes" />
  </way>
  <way id="1046484262" version="1" timestamp="2022-03-30T11:25:50Z" changeset="119111857" uid="14936291" user="vammu_22">
    <nd ref="9623626950" />
    <nd ref="9623626949" />
    <nd ref="9623626945" />
    <nd ref="9623626948" />
    <nd ref="9623626947" />
    <nd ref="9623626946" />
    <nd ref="9623626950" />
    <tag k="building" v="yes" />
  </way>
  <way id="1046484263" version="1" timestamp="2022-03-30T11:25:50Z" changeset="119111857" uid="14936291" user="vammu_22">
    <nd ref="9623626954" />
    <nd ref="9623626953" />
    <nd ref="9623626952" />
    <nd ref="9623626951" />
    <nd ref="9623626954" />
    <tag k="building" v="yes" />
  </way>
  <way id="1046484264" version="1" timestamp="2022-03-30T11:25:50Z" changeset="119111857" uid="14936291" user="vammu_22">
    <nd ref="9623626956" />
    <nd ref="9623626959" />
    <nd ref="9623626962" />
    <nd ref="9623626961" />
    <nd ref="9623626960" />
    <nd ref="9623626955" />
    <nd ref="9623626957" />
    <nd ref="9623626958" />
    <nd ref="9623626956" />
    <tag k="building" v="yes" />
  </way>
  <way id="1046484265" version="1" timestamp="2022-03-30T11:25:50Z" changeset="119111857" uid="14936291" user="vammu_22">
    <nd ref="9623626966" />
    <nd ref="9623626965" />
    <nd ref="9623626964" />
    <nd ref="9623626963" />
    <nd ref="9623626966" />
    <tag k="building" v="yes" />
  </way>
  <way id="1046484266" version="1" timestamp="2022-03-30T11:25:50Z" changeset="119111857" uid="14936291" user="vammu_22">
    <nd ref="9623626972" />
    <nd ref="9623626971" />
    <nd ref="9623626967" />
    <nd ref="9623626969" />
    <nd ref="9623626968" />
    <nd ref="9623626970" />
    <nd ref="9623626972" />
    <tag k="building" v="yes" />
  </way>
  <way id="1046497639" version="1" timestamp="2022-03-30T12:05:35Z" changeset="119113705" uid="14936291" user="vammu_22">
    <nd ref="9623748461" />
    <nd ref="9623748465" />
    <nd ref="9623748464" />
    <nd ref="9623748467" />
    <nd ref="9623748466" />
    <nd ref="9623748460" />
    <nd ref="9623748462" />
    <nd ref="9623748463" />
    <nd ref="9623748461" />
    <tag k="building" v="yes" />
  </way>
  <way id="1046497640" version="1" timestamp="2022-03-30T12:05:35Z" changeset="119113705" uid="14936291" user="vammu_22">
    <nd ref="9623748471" />
    <nd ref="9623748470" />
    <nd ref="9623748469" />
    <nd ref="9623748468" />
    <nd ref="9623748471" />
    <tag k="building" v="yes" />
  </way>
  <way id="1046497641" version="1" timestamp="2022-03-30T12:05:35Z" changeset="119113705" uid="14936291" user="vammu_22">
    <nd ref="9623748475" />
    <nd ref="9623748474" />
    <nd ref="9623748473" />
    <nd ref="9623748472" />
    <nd ref="9623748475" />
    <tag k="building" v="yes" />
  </way>
  <way id="1046497642" version="1" timestamp="2022-03-30T12:05:35Z" changeset="119113705" uid="14936291" user="vammu_22">
    <nd ref="9623748479" />
    <nd ref="9623748478" />
    <nd ref="9623748477" />
    <nd ref="9623748476" />
    <nd ref="9623748479" />
    <tag k="building" v="yes" />
  </way>
  <way id="1046497643" version="1" timestamp="2022-03-30T12:05:35Z" changeset="119113705" uid="14936291" user="vammu_22">
    <nd ref="9623748483" />
    <nd ref="9623748482" />
    <nd ref="9623748481" />
    <nd ref="9623748480" />
    <nd ref="9623748483" />
    <tag k="building" v="yes" />
  </way>
  <way id="1046497644" version="1" timestamp="2022-03-30T12:05:35Z" changeset="119113705" uid="14936291" user="vammu_22">
    <nd ref="9623748487" />
    <nd ref="9623748486" />
    <nd ref="9623748485" />
    <nd ref="9623748484" />
    <nd ref="9623748487" />
    <tag k="building" v="yes" />
  </way>
  <way id="1046497645" version="1" timestamp="2022-03-30T12:05:35Z" changeset="119113705" uid="14936291" user="vammu_22">
    <nd ref="9623748491" />
    <nd ref="9623748490" />
    <nd ref="9623748489" />
    <nd ref="9623748488" />
    <nd ref="9623748491" />
    <tag k="building" v="yes" />
  </way>
  <way id="1046497646" version="2" timestamp="2025-05-26T01:11:32Z" changeset="166755889" uid="8538718" user="SymbollicA">
    <nd ref="9623748495" />
    <nd ref="9623748494" />
    <nd ref="9623748493" />
    <nd ref="9623748492" />
    <nd ref="9623748495" />
    <tag k="addr:city" v="Hà Nội" />
    <tag k="addr:district" v="Quận Hai Bà Trưng" />
    <tag k="addr:housenumber" v="33-35" />
    <tag k="addr:postcode" v="100000" />
    <tag k="addr:province" v="Thành phố Hà Nội" />
    <tag k="addr:street" v="ngách 622/14, ngõ 622, phố Minh Khai" />
    <tag k="addr:subdistrict" v="Vĩnh Tuy" />
    <tag k="building" v="yes" />
    <tag k="building:levels" v="4" />
    <tag k="ele" v="18" />
    <tag k="height" v="15" />
    <tag k="name" v="Nhà riêng" />
  </way>
  <way id="1046497647" version="1" timestamp="2022-03-30T12:05:35Z" changeset="119113705" uid="14936291" user="vammu_22">
    <nd ref="9623748499" />
    <nd ref="9623748498" />
    <nd ref="9623748497" />
    <nd ref="9623748496" />
    <nd ref="9623748499" />
    <tag k="building" v="yes" />
  </way>
  <way id="1046497648" version="1" timestamp="2022-03-30T12:05:35Z" changeset="119113705" uid="14936291" user="vammu_22">
    <nd ref="9623748503" />
    <nd ref="9623748502" />
    <nd ref="9623748501" />
    <nd ref="9623748500" />
    <nd ref="9623748503" />
    <tag k="building" v="yes" />
  </way>
  <way id="1046498841" version="1" timestamp="2022-03-30T12:10:17Z" changeset="119113910" uid="14936291" user="vammu_22">
    <nd ref="9623760928" />
    <nd ref="9623760927" />
    <nd ref="9623760926" />
    <nd ref="9623760925" />
    <nd ref="9623760928" />
    <tag k="building" v="yes" />
  </way>
  <way id="1046498842" version="1" timestamp="2022-03-30T12:10:17Z" changeset="119113910" uid="14936291" user="vammu_22">
    <nd ref="9623760930" />
    <nd ref="9623760935" />
    <nd ref="9623760934" />
    <nd ref="9623760933" />
    <nd ref="9623760936" />
    <nd ref="9623760929" />
    <nd ref="9623760932" />
    <nd ref="9623760931" />
    <nd ref="9623760930" />
    <tag k="building" v="yes" />
  </way>
  <way id="1046733825" version="1" timestamp="2022-03-31T03:59:51Z" changeset="119139530" uid="11659599" user="panchamarti">
    <nd ref="9625457409" />
    <nd ref="9625457406" />
    <nd ref="9625457407" />
    <nd ref="9625457408" />
    <nd ref="9625457409" />
    <tag k="building" v="yes" />
  </way>
  <way id="1046733826" version="1" timestamp="2022-03-31T03:59:51Z" changeset="119139530" uid="11659599" user="panchamarti">
    <nd ref="9625457413" />
    <nd ref="9625457412" />
    <nd ref="9625457411" />
    <nd ref="9625457410" />
    <nd ref="9625457413" />
    <tag k="building" v="yes" />
  </way>
  <way id="1046733829" version="1" timestamp="2022-03-31T03:59:51Z" changeset="119139530" uid="11659599" user="panchamarti">
    <nd ref="9625487925" />
    <nd ref="9625487922" />
    <nd ref="9625487923" />
    <nd ref="9625487924" />
    <nd ref="9625487925" />
    <tag k="building" v="yes" />
  </way>
  <way id="1061302087" version="5" timestamp="2026-06-18T05:28:51Z" changeset="184254505" uid="15330182" user="GrabVN_Nguyen Thi Ngoc Tram">
    <nd ref="5707820717" />
    <nd ref="11259015854" />
    <nd ref="13949039559" />
    <tag k="alt_name" v="Dự án Kết nối đường qua Công ty xe bus vớI Dự án 423 Minh Khai" />
    <tag k="highway" v="residential" />
    <tag k="lanes" v="2" />
    <tag k="surface" v="asphalt" />
  </way>
  <way id="1061302088" version="2" timestamp="2023-10-13T04:23:50Z" changeset="142504071" uid="18820325" user="Grab_Cong">
    <nd ref="5707821240" />
    <nd ref="11259015853" />
    <nd ref="5707820718" />
    <tag k="highway" v="residential" />
  </way>
  <way id="1078268269" version="6" timestamp="2025-02-12T12:28:46Z" changeset="162427169" uid="16194143" user="Tewuzij">
    <nd ref="1887747759" />
    <nd ref="9885522675" />
    <tag k="highway" v="trunk" />
    <tag k="lanes" v="2" />
    <tag k="lit" v="yes" />
    <tag k="motorcycle" v="no" />
    <tag k="oneway" v="yes" />
    <tag k="surface" v="asphalt" />
  </way>
  <way id="1078268270" version="6" timestamp="2025-02-12T12:28:44Z" changeset="162427169" uid="16194143" user="Tewuzij">
    <nd ref="9885522673" />
    <nd ref="1887747768" />
    <tag k="highway" v="trunk" />
    <tag k="lanes" v="2" />
    <tag k="lit" v="yes" />
    <tag k="motorcycle" v="no" />
    <tag k="oneway" v="yes" />
    <tag k="surface" v="asphalt" />
  </way>
  <way id="1078268271" version="6" timestamp="2025-02-12T12:28:43Z" changeset="162427169" uid="16194143" user="Tewuzij">
    <nd ref="9885522673" />
    <nd ref="5629422884" />
    <tag k="bicycle" v="no" />
    <tag k="foot" v="no" />
    <tag k="highway" v="trunk_link" />
    <tag k="horse" v="no" />
    <tag k="lit" v="yes" />
    <tag k="moped" v="no" />
    <tag k="motor_vehicle" v="yes" />
    <tag k="motorcar" v="yes" />
    <tag k="motorcycle" v="no" />
    <tag k="oneway" v="yes" />
  </way>
  <way id="1078268272" version="6" timestamp="2025-02-12T12:28:41Z" changeset="162427169" uid="16194143" user="Tewuzij">
    <nd ref="9885522674" />
    <nd ref="9885522675" />
    <tag k="bicycle" v="no" />
    <tag k="foot" v="no" />
    <tag k="highway" v="trunk_link" />
    <tag k="horse" v="no" />
    <tag k="lit" v="yes" />
    <tag k="moped" v="no" />
    <tag k="motor_vehicle" v="yes" />
    <tag k="motorcar" v="yes" />
    <tag k="motorcycle" v="no" />
    <tag k="oneway" v="yes" />
  </way>
  <way id="1098808288" version="2" timestamp="2023-10-04T14:11:33Z" changeset="142147519" uid="13514970" user="AndreiaCadar">
    <nd ref="5973650122" />
    <nd ref="8265788880" />
    <tag k="highway" v="residential" />
    <tag k="name" v="Ngõ 622 Phố Minh Khai" />
  </way>
  <way id="1100979255" version="4" timestamp="2024-07-12T06:05:36Z" changeset="153838834" uid="3323343" user="phoenixsaigon1698">
    <nd ref="5707645699" />
    <nd ref="12048754177" />
    <nd ref="8265788921" />
    <tag k="highway" v="service" />
    <tag k="name" v="Ngách 624/12 Phố Minh Khai" />
    <tag k="service" v="alley" />
  </way>
  <way id="1105712687" version="3" timestamp="2025-02-12T12:29:23Z" changeset="162427169" uid="16194143" user="Tewuzij">
    <nd ref="4955947907" />
    <nd ref="5704144803" />
    <tag k="highway" v="primary" />
    <tag k="junction" v="roundabout" />
    <tag k="lanes" v="1" />
    <tag k="lit" v="yes" />
    <tag k="oneway" v="yes" />
    <tag k="surface" v="asphalt" />
  </way>
  <way id="1105753213" version="7" timestamp="2026-05-02T07:52:56Z" changeset="182104342" uid="23326231" user="Vmosnokia31">
    <nd ref="4955947913" />
    <nd ref="4955947912" />
    <nd ref="13786292741" />
    <nd ref="5845486472" />
    <nd ref="4955947911" />
    <nd ref="317910213" />
    <tag k="highway" v="primary" />
    <tag k="junction" v="roundabout" />
    <tag k="lanes" v="1" />
    <tag k="lit" v="yes" />
    <tag k="oneway" v="yes" />
    <tag k="surface" v="asphalt" />
  </way>
  <way id="1105753216" version="5" timestamp="2025-10-01T10:04:17Z" changeset="172698335" uid="22065819" user="Hung159">
    <nd ref="4955947893" />
    <nd ref="4955947907" />
    <tag k="highway" v="primary" />
    <tag k="lanes" v="2" />
    <tag k="lit" v="yes" />
    <tag k="name" v="Phố Nguyễn Văn Viên" />
    <tag k="name:en" v="Nguyen Van Vien Street" />
    <tag k="old_name" v="Phố Vĩnh Tuy" />
    <tag k="oneway" v="yes" />
    <tag k="surface" v="asphalt" />
  </way>
  <way id="1105753217" version="4" timestamp="2026-06-10T09:20:10Z" changeset="183912581" uid="11196308" user="vietnam321">
    <nd ref="5704144803" />
    <nd ref="4955947900" />
    <nd ref="4955947891" />
    <tag k="highway" v="secondary" />
    <tag k="lanes" v="1" />
    <tag k="name" v="Phố Minh Khai" />
    <tag k="name:en" v="Minh Khai Street" />
    <tag k="name:etymology:wikidata" v="Q7022971" />
    <tag k="oneway" v="yes" />
    <tag k="surface" v="asphalt" />
  </way>
  <way id="1107307994" version="1" timestamp="2022-10-27T07:12:39Z" changeset="128114058" uid="17344224" user="Arkskyle">
    <nd ref="10131986951" />
    <nd ref="10131986952" />
    <tag k="highway" v="service" />
    <tag k="name" v="Ngách 37 Ngõ 622 Phố Minh Khai" />
    <tag k="service" v="alley" />
  </way>
  <way id="1114922835" version="1" timestamp="2022-11-17T14:29:45Z" changeset="129045106" uid="349964" user="jmbangate">
    <nd ref="10197232332" />
    <nd ref="10197232331" />
    <nd ref="10197232330" />
    <nd ref="10197232329" />
    <nd ref="10197232332" />
    <tag k="building" v="yes" />
  </way>
  <way id="1114922836" version="1" timestamp="2022-11-17T14:29:45Z" changeset="129045106" uid="349964" user="jmbangate">
    <nd ref="10197232336" />
    <nd ref="10197232333" />
    <nd ref="10197232334" />
    <nd ref="10197232335" />
    <nd ref="10197232336" />
    <tag k="building" v="yes" />
  </way>
  <way id="1114922851" version="1" timestamp="2022-11-17T14:29:45Z" changeset="129045106" uid="349964" user="jmbangate">
    <nd ref="10197232398" />
    <nd ref="10197232397" />
    <nd ref="10197232396" />
    <nd ref="10197232395" />
    <nd ref="10197232398" />
    <tag k="building" v="yes" />
  </way>
  <way id="1116858552" version="4" timestamp="2025-02-12T12:28:55Z" changeset="162427169" uid="16194143" user="Tewuzij">
    <nd ref="4955947880" />
    <nd ref="1887747768" />
    <tag k="highway" v="trunk_link" />
    <tag k="lanes" v="2" />
    <tag k="lit" v="yes" />
    <tag k="maxspeed" v="50" />
    <tag k="oneway" v="yes" />
    <tag k="surface" v="asphalt" />
  </way>
  <way id="1116858553" version="4" timestamp="2025-02-12T12:28:54Z" changeset="162427169" uid="16194143" user="Tewuzij">
    <nd ref="1887747759" />
    <nd ref="4955947881" />
    <tag k="highway" v="trunk_link" />
    <tag k="lanes" v="2" />
    <tag k="lit" v="yes" />
    <tag k="oneway" v="yes" />
    <tag k="surface" v="asphalt" />
  </way>
  <way id="1130846080" version="9" timestamp="2026-05-24T21:20:50Z" changeset="183127868" uid="3323343" user="phoenixsaigon1698">
    <nd ref="9885522675" />
    <nd ref="13532420523" />
    <nd ref="12777639277" />
    <nd ref="7920620922" />
    <tag k="bicycle" v="no" />
    <tag k="foot" v="no" />
    <tag k="highway" v="trunk" />
    <tag k="horse" v="no" />
    <tag k="lanes" v="2" />
    <tag k="lit" v="yes" />
    <tag k="maxspeed" v="60" />
    <tag k="moped" v="no" />
    <tag k="motor_vehicle" v="yes" />
    <tag k="motorcar" v="yes" />
    <tag k="motorcycle" v="no" />
    <tag k="name" v="Cầu lên Đường Vành đai 2 trên cao" />
    <tag k="name:en" v="Ring Road 2" />
    <tag k="oneway" v="yes" />
    <tag k="shoulder" v="no" />
    <tag k="surface" v="asphalt" />
  </way>
  <way id="1130846081" version="7" timestamp="2025-04-03T15:50:14Z" changeset="164471656" uid="13799024" user="ZioDragon">
    <nd ref="7920620925" />
    <nd ref="9885522673" />
    <tag k="bicycle" v="no" />
    <tag k="foot" v="no" />
    <tag k="highway" v="trunk" />
    <tag k="horse" v="no" />
    <tag k="lanes" v="2" />
    <tag k="lit" v="yes" />
    <tag k="maxspeed" v="60" />
    <tag k="moped" v="no" />
    <tag k="motor_vehicle" v="yes" />
    <tag k="motorcar" v="yes" />
    <tag k="motorcycle" v="no" />
    <tag k="name" v="Đường Vành đai 2" />
    <tag k="name:en" v="Ring Road 2" />
    <tag k="oneway" v="yes" />
    <tag k="shoulder" v="no" />
    <tag k="surface" v="asphalt" />
  </way>
  <way id="1189684407" version="1" timestamp="2023-07-14T14:13:04Z" changeset="138510042" uid="11691953" user="ItsLouisAnderson">
    <nd ref="11046698472" />
    <nd ref="11046698473" />
    <tag k="highway" v="primary_link" />
    <tag k="oneway" v="yes" />
  </way>
  <way id="1205244303" version="1" timestamp="2023-09-05T15:27:41Z" changeset="140856282" uid="11691953" user="ItsLouisAnderson">
    <nd ref="4955947875" />
    <nd ref="10284859782" />
    <nd ref="11169871357" />
    <nd ref="5710080998" />
    <tag k="highway" v="service" />
    <tag k="surface" v="asphalt" />
  </way>
  <way id="1205244305" version="2" timestamp="2026-07-17T06:22:52Z" changeset="185886222" uid="17344224" user="Arkskyle">
    <nd ref="11169871364" />
    <nd ref="14021589197" />
    <nd ref="14021589200" />
    <nd ref="11169871365" />
    <nd ref="11169871366" />
    <nd ref="11169871367" />
    <nd ref="11169871364" />
    <tag k="building" v="hospital" />
  </way>
  <way id="1205244306" version="1" timestamp="2023-09-05T15:27:41Z" changeset="140856282" uid="11691953" user="ItsLouisAnderson">
    <nd ref="11169871368" />
    <nd ref="11169871369" />
    <nd ref="11169871370" />
    <nd ref="11169871371" />
    <nd ref="11169871368" />
    <tag k="building" v="hospital" />
  </way>
  <way id="1205244307" version="1" timestamp="2023-09-05T15:27:41Z" changeset="140856282" uid="11691953" user="ItsLouisAnderson">
    <nd ref="11169871372" />
    <nd ref="11169871373" />
    <nd ref="11169871374" />
    <nd ref="11169871375" />
    <nd ref="11169871376" />
    <nd ref="11169871377" />
    <nd ref="11169871378" />
    <nd ref="11169871379" />
    <nd ref="11169871372" />
    <tag k="building" v="hospital" />
  </way>
  <way id="1205244308" version="1" timestamp="2023-09-05T15:27:41Z" changeset="140856282" uid="11691953" user="ItsLouisAnderson">
    <nd ref="5710080998" />
    <nd ref="11169871380" />
    <nd ref="11169871381" />
    <tag k="highway" v="service" />
  </way>
  <way id="1205265959" version="1" timestamp="2023-09-05T17:28:19Z" changeset="140861161" uid="11691953" user="ItsLouisAnderson">
    <nd ref="11170051918" />
    <nd ref="11170051919" />
    <nd ref="11170051920" />
    <nd ref="11170051921" />
    <nd ref="11170051922" />
    <nd ref="11170051923" />
    <nd ref="11170051924" />
    <nd ref="11170051918" />
    <tag k="addr:city" v="Hà Nội" />
    <tag k="addr:district" v="Hai Bà Trưng" />
    <tag k="addr:housenumber" v="684" />
    <tag k="addr:province" v="Hà Nội" />
    <tag k="addr:street" v="Phố Minh Khai" />
    <tag k="addr:subdistrict" v="Vĩnh Tuy" />
    <tag k="building" v="yes" />
    <tag k="building:levels" v="18" />
    <tag k="email" v="info@a25hotel.com" />
    <tag k="name" v="A25 Hotel &amp; Spa" />
    <tag k="phone" v="+84 24 3987 4720" />
    <tag k="rooms" v="189" />
    <tag k="stars" v="4" />
    <tag k="tourism" v="hotel" />
    <tag k="website" v="https://a25hotel.com/" />
  </way>
  <way id="1205688100" version="3" timestamp="2026-04-27T13:35:28Z" changeset="181891442" uid="23326231" user="Vmosnokia31">
    <nd ref="11173421915" />
    <nd ref="12098983477" />
    <nd ref="11173421916" />
    <tag k="highway" v="service" />
    <tag k="service" v="parking_aisle" />
  </way>
  <way id="1216161914" version="5" timestamp="2026-06-10T09:20:10Z" changeset="183912581" uid="11196308" user="vietnam321">
    <nd ref="110375590" />
    <nd ref="6684959385" />
    <nd ref="12543711241" />
    <nd ref="4955947913" />
    <tag k="cycleway:right" v="shared_lane" />
    <tag k="highway" v="primary" />
    <tag k="lanes" v="2" />
    <tag k="lit" v="yes" />
    <tag k="name" v="Phố Minh Khai" />
    <tag k="name:en" v="Minh Khai Street" />
    <tag k="name:etymology:wikidata" v="Q7022971" />
    <tag k="oneway" v="yes" />
    <tag k="surface" v="asphalt" />
  </way>
  <way id="1218405727" version="4" timestamp="2026-07-17T06:22:52Z" changeset="185886222" uid="17344224" user="Arkskyle">
    <nd ref="11289952329" />
    <nd ref="12413812161" />
    <nd ref="11289952330" />
    <nd ref="14021655404" />
    <nd ref="14021655401" />
    <nd ref="12413812160" />
    <nd ref="11289952331" />
    <tag k="highway" v="service" />
    <tag k="service" v="parking_aisle" />
  </way>
  <way id="1228207856" version="3" timestamp="2025-10-01T10:04:17Z" changeset="172698335" uid="22065819" user="Hung159">
    <nd ref="6678035904" />
    <nd ref="2218609338" />
    <nd ref="4955948031" />
    <nd ref="2218609328" />
    <nd ref="11025855344" />
    <nd ref="6684441108" />
    <nd ref="4955947893" />
    <tag k="highway" v="primary" />
    <tag k="lanes" v="2" />
    <tag k="lit" v="yes" />
    <tag k="name" v="Phố Nguyễn Văn Viên" />
    <tag k="name:en" v="Nguyen Van Vien Street" />
    <tag k="old_name" v="Phố Vĩnh Tuy" />
    <tag k="oneway" v="yes" />
    <tag k="surface" v="asphalt" />
  </way>
  <way id="1236749989" version="1" timestamp="2024-01-04T02:52:58Z" changeset="145861908" uid="18820325" user="Grab_Cong">
    <nd ref="8265789248" />
    <nd ref="11484347393" />
    <nd ref="8715257020" />
    <nd ref="11484347392" />
    <tag k="highway" v="service" />
    <tag k="motorcar" v="destination" />
    <tag k="service" v="alley" />
  </way>
  <way id="1236749990" version="1" timestamp="2024-01-04T02:52:58Z" changeset="145861908" uid="18820325" user="Grab_Cong">
    <nd ref="8265789270" />
    <nd ref="8265789268" />
    <tag k="highway" v="service" />
    <tag k="motorcar" v="destination" />
    <tag k="service" v="alley" />
  </way>
  <way id="1240455072" version="4" timestamp="2026-06-10T09:20:10Z" changeset="183912581" uid="11196308" user="vietnam321">
    <nd ref="11046698472" />
    <nd ref="8486580924" />
    <nd ref="5709913463" />
    <tag k="highway" v="primary" />
    <tag k="lanes" v="2" />
    <tag k="lit" v="yes" />
    <tag k="name" v="Phố Minh Khai" />
    <tag k="name:en" v="Minh Khai Street" />
    <tag k="name:etymology:wikidata" v="Q7022971" />
    <tag k="oneway" v="yes" />
    <tag k="surface" v="asphalt" />
  </way>
  <way id="1240455073" version="4" timestamp="2026-06-10T09:20:10Z" changeset="183912581" uid="11196308" user="vietnam321">
    <nd ref="5629422885" />
    <nd ref="10137756459" />
    <nd ref="11046698473" />
    <tag k="highway" v="primary" />
    <tag k="lanes" v="2" />
    <tag k="lit" v="yes" />
    <tag k="name" v="Phố Minh Khai" />
    <tag k="name:en" v="Minh Khai Street" />
    <tag k="name:etymology:wikidata" v="Q7022971" />
    <tag k="oneway" v="yes" />
    <tag k="surface" v="asphalt" />
  </way>
  <way id="1243235571" version="7" timestamp="2026-04-27T13:35:28Z" changeset="181891442" uid="23326231" user="Vmosnokia31">
    <nd ref="5629422903" />
    <nd ref="13766865521" />
    <nd ref="4022914506" />
    <tag k="highway" v="residential" />
    <tag k="lanes" v="2" />
    <tag k="name" v="Đường Số 2 Times City" />
    <tag k="name:en" v="Road Number 2 Times City" />
    <tag k="surface" v="asphalt" />
  </way>
  <way id="1253152470" version="1" timestamp="2024-02-21T04:25:51Z" changeset="147716430" uid="16294132" user="Takeshi Nagayama">
    <nd ref="11648222514" />
    <nd ref="11648222515" />
    <nd ref="11648222516" />
    <nd ref="11648222517" />
    <nd ref="11648222514" />
    <tag k="addr:city" v="Hà Nội" />
    <tag k="addr:district" v="Hai Bà Trưng" />
    <tag k="addr:housenumber" v="37" />
    <tag k="addr:postcode" v="11622" />
    <tag k="addr:province" v="Hà Nội" />
    <tag k="addr:street" v="Phố Vĩnh Tuy" />
    <tag k="addr:subdistrict" v="Vĩnh Tuy" />
    <tag k="building" v="pavilion" />
    <tag k="name" v="Đình Vĩnh Tuy" />
  </way>
  <way id="1253197753" version="2" timestamp="2025-06-28T14:12:18Z" changeset="168228932" uid="11196308" user="vietnam321">
    <nd ref="11648637185" />
    <nd ref="11648637186" />
    <nd ref="11648637187" />
    <nd ref="11648637188" />
    <nd ref="11648637185" />
    <tag k="addr:city" v="Hà Nội" />
    <tag k="addr:housenumber" v="35" />
    <tag k="addr:province" v="Hà Nội" />
    <tag k="addr:street" v="Phố Vĩnh Tuy" />
    <tag k="amenity" v="townhall" />
    <tag k="building" v="yes" />
    <tag k="name" v="HĐND - UBND phường Vĩnh Tuy" />
    <tag k="townhall:type" v="ward" />
  </way>
  <way id="1255860937" version="2" timestamp="2024-05-03T09:43:21Z" changeset="150827793" uid="3323343" user="phoenixsaigon1698">
    <nd ref="282890366" />
    <nd ref="5845486393" />
    <tag k="highway" v="residential" />
    <tag k="lanes" v="2" />
    <tag k="name" v="Ngõ 622 Minh Khai" />
    <tag k="surface" v="asphalt" />
  </way>
  <way id="1255860938" version="1" timestamp="2024-02-29T03:00:47Z" changeset="148034708" uid="20636026" user="Vietnam Outdoor [VNO]">
    <nd ref="11674976952" />
    <nd ref="11674976953" />
    <nd ref="11674976954" />
    <nd ref="11674976955" />
    <nd ref="11674976956" />
    <nd ref="11674976957" />
    <nd ref="11674976958" />
    <nd ref="11674976959" />
    <nd ref="11674976960" />
    <nd ref="11674976961" />
    <nd ref="11674976952" />
    <tag k="building" v="school" />
  </way>
  <way id="1258058879" version="1" timestamp="2024-03-06T03:00:53Z" changeset="148274177" uid="20636026" user="Vietnam Outdoor [VNO]">
    <nd ref="5707645714" />
    <nd ref="5707645690" />
    <tag k="highway" v="service" />
    <tag k="name" v="Hẻm 624/12/105 Phố Minh Khai" />
    <tag k="service" v="alley" />
  </way>
  <way id="1271711424" version="1" timestamp="2024-04-11T11:37:29Z" changeset="149860686" uid="11196308" user="vietnam321">
    <nd ref="11809437634" />
    <nd ref="11809437635" />
    <nd ref="11809437636" />
    <nd ref="11809437637" />
    <nd ref="11809437638" />
    <nd ref="11809437639" />
    <nd ref="11809437640" />
    <nd ref="11809437641" />
    <nd ref="11809437642" />
    <nd ref="11809437634" />
    <tag k="addr:housenumber" v="11" />
    <tag k="addr:street" v="Phố Vĩnh Tuy" />
    <tag k="amenity" v="police" />
    <tag k="building" v="yes" />
    <tag k="name" v="Công an phường Vĩnh Tuy" />
  </way>
  <way id="1278051301" version="1" timestamp="2024-04-29T05:43:01Z" changeset="150645278" uid="11196308" user="vietnam321">
    <nd ref="11865416917" />
    <nd ref="11865416918" />
    <nd ref="11865416919" />
    <nd ref="11865416920" />
    <nd ref="11865416921" />
    <nd ref="11865416922" />
    <nd ref="11865416923" />
    <nd ref="11865416924" />
    <nd ref="11865416925" />
    <nd ref="11865416926" />
    <nd ref="11865416927" />
    <nd ref="11865416928" />
    <nd ref="11865416929" />
    <nd ref="11865416930" />
    <nd ref="11865416931" />
    <nd ref="11865416932" />
    <nd ref="11865416933" />
    <nd ref="11865416934" />
    <nd ref="11865416935" />
    <nd ref="11865416936" />
    <nd ref="11865416917" />
    <tag k="building" v="kindergarten" />
  </way>
  <way id="1285078166" version="2" timestamp="2026-04-25T18:41:38Z" changeset="181819167" uid="23326231" user="Vmosnokia31">
    <nd ref="11921518180" />
    <nd ref="11921518181" />
    <nd ref="13761406821" />
    <nd ref="13761406819" />
    <tag k="highway" v="service" />
    <tag k="service" v="alley" />
  </way>
  <way id="1297512871" version="2" timestamp="2024-09-06T08:03:39Z" changeset="156261242" uid="3323343" user="phoenixsaigon1698">
    <nd ref="5710080966" />
    <nd ref="11500379299" />
    <nd ref="11500379300" />
    <nd ref="11500379301" />
    <nd ref="11500379302" />
    <nd ref="12159495202" />
    <nd ref="11500379303" />
    <nd ref="12159495203" />
    <nd ref="12159495204" />
    <nd ref="12159495205" />
    <nd ref="12159495207" />
    <nd ref="12159495206" />
    <nd ref="5710080966" />
    <tag k="highway" v="service" />
    <tag k="oneway" v="yes" />
  </way>
  <way id="1297512872" version="1" timestamp="2024-06-30T01:40:38Z" changeset="153352705" uid="3323343" user="phoenixsaigon1698">
    <nd ref="4022914510" />
    <nd ref="10284870885" />
    <nd ref="5709990992" />
    <tag k="highway" v="service" />
  </way>
  <way id="1297512874" version="2" timestamp="2025-09-27T16:57:10Z" changeset="172535003" uid="22065819" user="Hung159">
    <nd ref="2294389060" />
    <nd ref="6668068896" />
    <nd ref="5704144794" />
    <nd ref="5704144786" />
    <tag k="highway" v="residential" />
    <tag k="name" v="Ngách 61/33 Phố Lạc Trung" />
    <tag k="surface" v="concrete" />
  </way>
  <way id="1297512875" version="2" timestamp="2024-10-28T07:17:57Z" changeset="158442125" uid="3323343" user="phoenixsaigon1698">
    <nd ref="5704144786" />
    <nd ref="2294389037" />
    <tag k="highway" v="residential" />
    <tag k="name" v="Ngách 61/33 Lạc Trung" />
    <tag k="surface" v="concrete" />
  </way>
  <way id="1297512876" version="3" timestamp="2026-06-10T09:19:09Z" changeset="183912581" uid="11196308" user="vietnam321">
    <nd ref="2294389052" />
    <nd ref="282889741" />
    <tag k="cycleway:both" v="shared_lane" />
    <tag k="highway" v="residential" />
    <tag k="maxspeed:type" v="VN:urban" />
    <tag k="name" v="Phố Mạc Thị Bưởi" />
    <tag k="name:en" v="Mac Thi Buoi Street" />
    <tag k="name:etymology:wikidata" v="Q10796468" />
    <tag k="surface" v="asphalt" />
  </way>
  <way id="1297512877" version="2" timestamp="2025-09-27T16:57:10Z" changeset="172535003" uid="22065819" user="Hung159">
    <nd ref="282889741" />
    <nd ref="5845485952" />
    <nd ref="5704144811" />
    <tag k="highway" v="service" />
    <tag k="name" v="Ngõ 2 Phố Mạc Thị Bưởi" />
    <tag k="service" v="alley" />
    <tag k="surface" v="concrete" />
  </way>
  <way id="1300837896" version="3" timestamp="2025-12-16T02:52:57Z" changeset="175985749" uid="3323343" user="phoenixsaigon1698">
    <nd ref="5973650122" />
    <nd ref="282890371" />
    <nd ref="282890372" />
    <nd ref="4955947825" />
    <tag k="highway" v="residential" />
    <tag k="name" v="Ngõ 198 Phố Dương Văn Bé" />
    <tag k="old_name" v="Ngách 34/232 Vĩnh Tuy" />
    <tag k="surface" v="concrete" />
  </way>
  <way id="1305508469" version="1" timestamp="2024-08-04T07:05:34Z" changeset="154798272" uid="20910140" user="Hung Tran 9x0">
    <nd ref="12091395938" />
    <nd ref="12091395939" />
    <nd ref="12091395940" />
    <nd ref="12091427874" />
    <nd ref="12091395941" />
    <nd ref="12091395942" />
    <nd ref="12091395943" />
    <nd ref="12091395944" />
    <nd ref="12091395945" />
    <nd ref="12091395946" />
    <nd ref="12091395947" />
    <nd ref="12091395948" />
    <nd ref="12091395949" />
    <nd ref="12091427875" />
    <nd ref="12091395950" />
    <nd ref="12091395951" />
    <nd ref="12091395952" />
    <nd ref="12091395953" />
    <nd ref="12091395954" />
    <nd ref="12091395955" />
    <nd ref="12091395938" />
    <tag k="building" v="apartments" />
  </way>
  <way id="1305508470" version="1" timestamp="2024-08-04T07:05:34Z" changeset="154798272" uid="20910140" user="Hung Tran 9x0">
    <nd ref="12091395956" />
    <nd ref="12091395957" />
    <nd ref="12091395958" />
    <nd ref="12091427877" />
    <nd ref="12091395959" />
    <nd ref="12091395960" />
    <nd ref="12091395961" />
    <nd ref="12091395962" />
    <nd ref="12091395963" />
    <nd ref="12091395964" />
    <nd ref="12091395965" />
    <nd ref="12091395966" />
    <nd ref="12091395967" />
    <nd ref="12091427876" />
    <nd ref="12091395968" />
    <nd ref="12091427869" />
    <nd ref="12091427870" />
    <nd ref="12091427871" />
    <nd ref="12091427872" />
    <nd ref="12091427873" />
    <nd ref="12091395956" />
    <tag k="building" v="apartments" />
  </way>
  <way id="1305508475" version="2" timestamp="2026-02-08T05:15:47Z" changeset="178252551" uid="11141338" user="FanaticAir75626">
    <nd ref="8265789249" />
    <nd ref="12091427878" />
    <tag k="highway" v="service" />
  </way>
  <way id="1305508476" version="2" timestamp="2026-02-08T05:15:47Z" changeset="178252551" uid="11141338" user="FanaticAir75626">
    <nd ref="12091427879" />
    <nd ref="12091427880" />
    <tag k="highway" v="service" />
  </way>
  <way id="1305508477" version="2" timestamp="2026-02-08T05:15:47Z" changeset="178252551" uid="11141338" user="FanaticAir75626">
    <nd ref="12091427882" />
    <nd ref="12091427883" />
    <tag k="highway" v="service" />
  </way>
  <way id="1305508478" version="2" timestamp="2026-02-08T05:15:47Z" changeset="178252551" uid="11141338" user="FanaticAir75626">
    <nd ref="12091427884" />
    <nd ref="12091427885" />
    <tag k="highway" v="service" />
  </way>
  <way id="1305508479" version="2" timestamp="2026-02-08T05:15:47Z" changeset="178252551" uid="11141338" user="FanaticAir75626">
    <nd ref="5707820717" />
    <nd ref="5707821240" />
    <tag k="highway" v="service" />
    <tag k="surface" v="asphalt" />
  </way>
  <way id="1313221020" version="3" timestamp="2026-06-08T04:32:24Z" changeset="183807915" uid="23326231" user="Vmosnokia31">
    <nd ref="12155254875" />
    <nd ref="12155254874" />
    <tag k="highway" v="service" />
    <tag k="name" v="Hẻm 624/12/95 Phố Minh Khai" />
    <tag k="service" v="alley" />
    <tag k="source" v="https://www.streetview.vn/?lat=20.996981919&amp;lng=105.87202292&amp;picId=2eaa4266-0455-4253-ad63-2616734b58c9&amp;yaw=259&amp;pitch=-6" />
  </way>
  <way id="1313440135" version="2" timestamp="2025-08-02T05:33:19Z" changeset="169845514" uid="20910140" user="Hung Tran 9x0">
    <nd ref="5704267790" />
    <nd ref="5704267789" />
    <nd ref="5704267788" />
    <tag k="highway" v="residential" />
    <tag k="name" v="Ngách 61/22 Phố Lạc Trung" />
  </way>
  <way id="1331310823" version="2" timestamp="2026-06-08T04:32:24Z" changeset="183807915" uid="23326231" user="Vmosnokia31">
    <nd ref="12317957255" />
    <nd ref="12317957256" />
    <nd ref="13919232736" />
    <tag k="highway" v="service" />
    <tag k="service" v="alley" />
  </way>
  <way id="1342129091" version="2" timestamp="2026-04-27T13:35:28Z" changeset="181891442" uid="23326231" user="Vmosnokia31">
    <nd ref="5629422887" />
    <nd ref="10284870938" />
    <nd ref="8486580923" />
    <nd ref="5629422885" />
    <tag k="highway" v="tertiary" />
    <tag k="name" v="Đường Số 3 Times City" />
    <tag k="name:en" v="Road Number 3 Times City" />
    <tag k="oneway" v="yes" />
    <tag k="surface" v="asphalt" />
  </way>
  <way id="1362853268" version="1" timestamp="2025-02-25T14:14:19Z" changeset="162934157" uid="11196308" user="vietnam321">
    <nd ref="12618273881" />
    <nd ref="12618273882" />
    <nd ref="12618273883" />
    <nd ref="12618273884" />
    <nd ref="12618273885" />
    <nd ref="12618273886" />
    <nd ref="12618273887" />
    <nd ref="12618273888" />
    <nd ref="12618273889" />
    <nd ref="12618273890" />
    <nd ref="12618273881" />
    <tag k="building" v="yes" />
  </way>
  <way id="1362853269" version="1" timestamp="2025-02-25T14:14:19Z" changeset="162934157" uid="11196308" user="vietnam321">
    <nd ref="12618273891" />
    <nd ref="12618273892" />
    <nd ref="12618273893" />
    <nd ref="12618273894" />
    <nd ref="12618273895" />
    <nd ref="12618273896" />
    <nd ref="12618273891" />
    <tag k="building" v="yes" />
  </way>
  <way id="1362853270" version="1" timestamp="2025-02-25T14:14:19Z" changeset="162934157" uid="11196308" user="vietnam321">
    <nd ref="12618273892" />
    <nd ref="12618273897" />
    <nd ref="12618273898" />
    <nd ref="12618273893" />
    <nd ref="12618273892" />
    <tag k="building" v="yes" />
  </way>
  <way id="1362853272" version="1" timestamp="2025-02-25T14:14:19Z" changeset="162934157" uid="11196308" user="vietnam321">
    <nd ref="12618285401" />
    <nd ref="12618285402" />
    <nd ref="12618285403" />
    <nd ref="12618285404" />
    <nd ref="12618285405" />
    <nd ref="12618285401" />
    <tag k="building" v="apartments" />
  </way>
  <way id="1362853273" version="1" timestamp="2025-02-25T14:14:19Z" changeset="162934157" uid="11196308" user="vietnam321">
    <nd ref="12618285406" />
    <nd ref="12618285407" />
    <nd ref="12618285408" />
    <nd ref="12618285409" />
    <nd ref="12618285410" />
    <nd ref="12618285411" />
    <nd ref="12618285412" />
    <nd ref="12618285406" />
    <tag k="building" v="apartments" />
  </way>
  <way id="1362853274" version="1" timestamp="2025-02-25T14:14:19Z" changeset="162934157" uid="11196308" user="vietnam321">
    <nd ref="12618285413" />
    <nd ref="12618285414" />
    <nd ref="12618285415" />
    <nd ref="12618285416" />
    <nd ref="12618285417" />
    <nd ref="12618285418" />
    <nd ref="12618285419" />
    <nd ref="12618285420" />
    <nd ref="12618285421" />
    <nd ref="12618285422" />
    <nd ref="12618285423" />
    <nd ref="12618285424" />
    <nd ref="12618285413" />
    <tag k="building" v="yes" />
  </way>
  <way id="1389678813" version="2" timestamp="2026-04-27T13:42:24Z" changeset="181891746" uid="23326231" user="Vmosnokia31">
    <nd ref="8333865842" />
    <nd ref="11876062130" />
    <nd ref="8265788874" />
    <nd ref="12863626858" />
    <nd ref="12863626859" />
    <tag k="highway" v="service" />
    <tag k="lit" v="yes" />
    <tag k="maxspeed" v="20" />
    <tag k="name" v="Ngách 622/14 Phố Minh Khai" />
    <tag k="service" v="alley" />
    <tag k="surface" v="concrete" />
    <tag k="width" v="2.25" />
  </way>
  <way id="1408500235" version="1" timestamp="2025-06-22T06:51:12Z" changeset="167939729" uid="20910140" user="Hung Tran 9x0">
    <nd ref="12944186095" />
    <nd ref="12944186092" />
    <nd ref="12944186093" />
    <nd ref="12944186094" />
    <tag k="highway" v="service" />
  </way>
  <way id="1408500236" version="1" timestamp="2025-06-22T06:51:12Z" changeset="167939729" uid="20910140" user="Hung Tran 9x0">
    <nd ref="12944186093" />
    <nd ref="12944186096" />
    <tag k="highway" v="service" />
  </way>
  <way id="1419315107" version="1" timestamp="2025-08-02T05:33:19Z" changeset="169845514" uid="20910140" user="Hung Tran 9x0">
    <nd ref="13042463434" />
    <nd ref="5704267790" />
    <tag k="highway" v="service" />
    <tag k="motorcar" v="destination" />
    <tag k="name" v="Ngách 61/22 Phố Lạc Trung" />
    <tag k="service" v="alley" />
    <tag k="surface" v="unpaved" />
  </way>
  <way id="1419315108" version="1" timestamp="2025-08-02T05:33:19Z" changeset="169845514" uid="20910140" user="Hung Tran 9x0">
    <nd ref="11484356938" />
    <nd ref="8265789263" />
    <tag k="highway" v="service" />
    <tag k="motorcar" v="destination" />
    <tag k="name" v="Ngách 359/77 Phố Minh Khai" />
    <tag k="service" v="alley" />
  </way>
  <way id="1419315109" version="1" timestamp="2025-08-02T05:33:19Z" changeset="169845514" uid="20910140" user="Hung Tran 9x0">
    <nd ref="8265789264" />
    <nd ref="8265789272" />
    <nd ref="8265789271" />
    <tag k="highway" v="service" />
    <tag k="motorcar" v="destination" />
    <tag k="service" v="alley" />
  </way>
  <way id="1420192223" version="2" timestamp="2025-12-16T02:52:57Z" changeset="175985749" uid="3323343" user="phoenixsaigon1698">
    <nd ref="13050147691" />
    <nd ref="13050147690" />
    <tag k="highway" v="service" />
    <tag k="oneway" v="yes" />
  </way>
  <way id="1424151779" version="2" timestamp="2026-01-06T15:18:31Z" changeset="176907828" uid="20910140" user="Hung Tran 9x0">
    <nd ref="13089391609" />
    <nd ref="13089391610" />
    <nd ref="13089391611" />
    <nd ref="13089391612" />
    <nd ref="13089391609" />
    <tag k="addr:housenumber" v="35" />
    <tag k="addr:street" v="Ngõ 61 Phố Lạc Trung" />
    <tag k="building" v="university" />
    <tag k="name" v="Trường Đại học Mở Hà Nội" />
  </way>
  <way id="1448136430" version="2" timestamp="2026-02-08T05:15:47Z" changeset="178252551" uid="11141338" user="FanaticAir75626">
    <nd ref="13533539884" />
    <nd ref="8831237457" />
    <nd ref="5721861415" />
    <tag k="highway" v="residential" />
    <tag k="lanes" v="2" />
    <tag k="surface" v="asphalt" />
  </way>
  <way id="1448136433" version="1" timestamp="2025-11-07T07:38:31Z" changeset="174320123" uid="11141338" user="FanaticAir75626">
    <nd ref="13286747971" />
    <nd ref="13286747972" />
    <nd ref="13286747973" />
    <nd ref="13286747974" />
    <nd ref="13286747971" />
    <tag k="building" v="yes" />
  </way>
  <way id="1466364908" version="1" timestamp="2026-01-12T03:33:30Z" changeset="177120453" uid="15330182" user="GrabVN_Nguyen Thi Ngoc Tram">
    <nd ref="13449278284" />
    <nd ref="13449278285" />
    <tag k="highway" v="service" />
    <tag k="name" v="Ngách 41 Ngõ 622 Phố Minh Khai" />
    <tag k="service" v="alley" />
  </way>
  <way id="1466927588" version="1" timestamp="2026-01-14T03:23:43Z" changeset="177203049" uid="21597372" user="Evgeny Arbatov">
    <nd ref="13454798261" />
    <nd ref="13454798263" />
    <nd ref="13454798262" />
    <tag k="highway" v="service" />
    <tag k="surface" v="asphalt" />
  </way>
  <way id="1489038340" version="1" timestamp="2026-03-15T06:11:58Z" changeset="179884342" uid="20910140" user="Hung Tran 9x0">
    <nd ref="13649015838" />
    <nd ref="13649015839" />
    <nd ref="13649015840" />
    <nd ref="5707820718" />
    <tag k="highway" v="service" />
    <tag k="service" v="alley" />
  </way>
  <way id="1503681277" version="1" timestamp="2026-04-25T18:41:38Z" changeset="181819167" uid="23326231" user="Vmosnokia31">
    <nd ref="13761314892" />
    <nd ref="13761314894" />
    <nd ref="13761314893" />
    <tag k="highway" v="service" />
    <tag k="service" v="alley" />
  </way>
  <way id="1503681278" version="1" timestamp="2026-04-25T18:41:38Z" changeset="181819167" uid="23326231" user="Vmosnokia31">
    <nd ref="13761314894" />
    <nd ref="13761314895" />
    <tag k="highway" v="service" />
    <tag k="service" v="alley" />
  </way>
  <way id="1503681279" version="1" timestamp="2026-04-25T18:41:38Z" changeset="181819167" uid="23326231" user="Vmosnokia31">
    <nd ref="13761314896" />
    <nd ref="13761314897" />
    <nd ref="13761314898" />
    <tag k="highway" v="service" />
    <tag k="service" v="alley" />
  </way>
  <way id="1503681280" version="1" timestamp="2026-04-25T18:41:38Z" changeset="181819167" uid="23326231" user="Vmosnokia31">
    <nd ref="13761314899" />
    <nd ref="13761314900" />
    <nd ref="13761406801" />
    <tag k="highway" v="service" />
    <tag k="service" v="alley" />
  </way>
  <way id="1503681281" version="1" timestamp="2026-04-25T18:41:38Z" changeset="181819167" uid="23326231" user="Vmosnokia31">
    <nd ref="13761406802" />
    <nd ref="13761406801" />
    <nd ref="13761406803" />
    <tag k="highway" v="service" />
    <tag k="service" v="alley" />
  </way>
  <way id="1503681282" version="1" timestamp="2026-04-25T18:41:38Z" changeset="181819167" uid="23326231" user="Vmosnokia31">
    <nd ref="13761406804" />
    <nd ref="13761406805" />
    <nd ref="13761406806" />
    <nd ref="13761406807" />
    <tag k="highway" v="service" />
    <tag k="service" v="alley" />
  </way>
  <way id="1503681283" version="1" timestamp="2026-04-25T18:41:38Z" changeset="181819167" uid="23326231" user="Vmosnokia31">
    <nd ref="13761406805" />
    <nd ref="13761406808" />
    <tag k="highway" v="service" />
    <tag k="service" v="alley" />
  </way>
  <way id="1503681288" version="1" timestamp="2026-04-25T18:41:38Z" changeset="181819167" uid="23326231" user="Vmosnokia31">
    <nd ref="13761406819" />
    <nd ref="13761406820" />
    <tag k="highway" v="service" />
    <tag k="service" v="alley" />
  </way>
  <way id="1503681289" version="1" timestamp="2026-04-25T18:41:38Z" changeset="181819167" uid="23326231" user="Vmosnokia31">
    <nd ref="13761406821" />
    <nd ref="13761406822" />
    <tag k="highway" v="service" />
    <tag k="service" v="alley" />
  </way>
  <way id="1504468761" version="1" timestamp="2026-04-27T13:35:28Z" changeset="181891442" uid="23326231" user="Vmosnokia31">
    <nd ref="13766865521" />
    <nd ref="13766865522" />
    <nd ref="12098983482" />
    <tag k="highway" v="residential" />
    <tag k="name" v="Đường Số 2 Times City" />
    <tag k="name:en" v="Road Number 2 Times City" />
    <tag k="surface" v="asphalt" />
  </way>
  <way id="1504482766" version="2" timestamp="2026-07-18T10:16:30Z" changeset="185949488" uid="23326231" user="Vmosnokia31">
    <nd ref="13766857230" />
    <nd ref="13766857233" />
    <nd ref="14023849878" />
    <nd ref="13766857231" />
    <nd ref="13766857232" />
    <tag k="highway" v="service" />
  </way>
  <way id="1511266825" version="1" timestamp="2026-05-10T08:56:38Z" changeset="182455948" uid="23326231" user="Vmosnokia31">
    <nd ref="13813225535" />
    <nd ref="13813225536" />
    <nd ref="13813225537" />
    <nd ref="13813225538" />
    <nd ref="13813225539" />
    <nd ref="13813225540" />
    <tag k="highway" v="service" />
    <tag k="name" v="Ngõ 536 Phố Minh Khai" />
    <tag k="service" v="alley" />
  </way>
  <way id="1511266826" version="1" timestamp="2026-05-10T08:56:38Z" changeset="182455948" uid="23326231" user="Vmosnokia31">
    <nd ref="13813225539" />
    <nd ref="13813225541" />
    <tag k="highway" v="service" />
    <tag k="name" v="Ngõ 536 Phố Minh Khai" />
    <tag k="service" v="alley" />
  </way>
  <way id="1511266827" version="1" timestamp="2026-05-10T08:56:38Z" changeset="182455948" uid="23326231" user="Vmosnokia31">
    <nd ref="5707821261" />
    <nd ref="10139175319" />
    <nd ref="13813225535" />
    <nd ref="8833066268" />
    <tag k="highway" v="residential" />
    <tag k="name" v="Ngõ 536 Phố Minh Khai" />
  </way>
  <way id="1511266828" version="1" timestamp="2026-05-10T08:56:38Z" changeset="182455948" uid="23326231" user="Vmosnokia31">
    <nd ref="13813225542" />
    <nd ref="13813225545" />
    <nd ref="13813225543" />
    <nd ref="13813225544" />
    <tag k="highway" v="service" />
    <tag k="name" v="586A Phố Minh Khai" />
  </way>
  <way id="1511266829" version="1" timestamp="2026-05-10T08:56:38Z" changeset="182455948" uid="23326231" user="Vmosnokia31">
    <nd ref="13813225546" />
    <nd ref="13813225551" />
    <nd ref="13813225557" />
    <nd ref="13813225547" />
    <nd ref="13813225548" />
    <nd ref="13813225549" />
    <nd ref="13813225550" />
    <tag k="highway" v="service" />
  </way>
  <way id="1511266832" version="1" timestamp="2026-05-10T08:56:38Z" changeset="182455948" uid="23326231" user="Vmosnokia31">
    <nd ref="13813225565" />
    <nd ref="13813225566" />
    <nd ref="8265788871" />
    <tag k="highway" v="service" />
    <tag k="service" v="alley" />
  </way>
  <way id="1511266833" version="1" timestamp="2026-05-10T08:56:38Z" changeset="182455948" uid="23326231" user="Vmosnokia31">
    <nd ref="13813225567" />
    <nd ref="13813225568" />
    <tag k="highway" v="service" />
    <tag k="service" v="alley" />
  </way>
  <way id="1511266834" version="1" timestamp="2026-05-10T08:56:38Z" changeset="182455948" uid="23326231" user="Vmosnokia31">
    <nd ref="13813225569" />
    <nd ref="13813225570" />
    <tag k="highway" v="service" />
    <tag k="service" v="alley" />
  </way>
  <way id="1511266835" version="1" timestamp="2026-05-10T08:56:38Z" changeset="182455948" uid="23326231" user="Vmosnokia31">
    <nd ref="13813225563" />
    <nd ref="13813225571" />
    <tag k="highway" v="service" />
    <tag k="service" v="alley" />
  </way>
  <way id="1511266836" version="1" timestamp="2026-05-10T08:56:38Z" changeset="182455948" uid="23326231" user="Vmosnokia31">
    <nd ref="8265788873" />
    <nd ref="13813225572" />
    <tag k="highway" v="service" />
    <tag k="service" v="alley" />
  </way>
  <way id="1511266842" version="1" timestamp="2026-05-10T08:56:38Z" changeset="182455948" uid="23326231" user="Vmosnokia31">
    <nd ref="5710139859" />
    <nd ref="13813225592" />
    <tag k="highway" v="service" />
    <tag k="service" v="alley" />
  </way>
  <way id="1511266843" version="1" timestamp="2026-05-10T08:56:38Z" changeset="182455948" uid="23326231" user="Vmosnokia31">
    <nd ref="13813225594" />
    <nd ref="8265788873" />
    <nd ref="8265788870" />
    <nd ref="8265788871" />
    <nd ref="13813225567" />
    <nd ref="13813225569" />
    <nd ref="13813225563" />
    <nd ref="13813225564" />
    <tag k="highway" v="service" />
    <tag k="motorcar" v="no" />
    <tag k="motorcycle" v="yes" />
    <tag k="name" v="Ngách 622/107 Phố Minh Khai" />
    <tag k="service" v="alley" />
  </way>
  <way id="1511266844" version="1" timestamp="2026-05-10T08:56:38Z" changeset="182455948" uid="23326231" user="Vmosnokia31">
    <nd ref="13813225596" />
    <nd ref="13813225597" />
    <nd ref="13813225598" />
    <nd ref="13813225599" />
    <tag k="highway" v="service" />
  </way>
  <way id="1511266845" version="1" timestamp="2026-05-10T08:56:38Z" changeset="182455948" uid="23326231" user="Vmosnokia31">
    <nd ref="13813225600" />
    <nd ref="13813226801" />
    <nd ref="13813226802" />
    <nd ref="13813226803" />
    <nd ref="13813226804" />
    <nd ref="13813226805" />
    <nd ref="13813226806" />
    <nd ref="13813226807" />
    <nd ref="13813225600" />
    <tag k="addr:housenumber" v="A2" />
    <tag k="building" v="apartments" />
    <tag k="name" v="A2" />
  </way>
  <way id="1511266846" version="1" timestamp="2026-05-10T08:56:38Z" changeset="182455948" uid="23326231" user="Vmosnokia31">
    <nd ref="13813226808" />
    <nd ref="13813226809" />
    <nd ref="13813226810" />
    <nd ref="13813226811" />
    <nd ref="13813226812" />
    <nd ref="13813226813" />
    <nd ref="13813226814" />
    <nd ref="13813226815" />
    <nd ref="13813226808" />
    <tag k="addr:housenumber" v="A1" />
    <tag k="building" v="apartments" />
    <tag k="name" v="A1" />
  </way>
  <way id="1511266848" version="1" timestamp="2026-05-10T08:56:38Z" changeset="182455948" uid="23326231" user="Vmosnokia31">
    <nd ref="13813226821" />
    <nd ref="13813226822" />
    <tag k="highway" v="service" />
    <tag k="name" v="Ngách 622/9 Phố Minh Khai" />
    <tag k="service" v="alley" />
  </way>
  <way id="1511266849" version="1" timestamp="2026-05-10T08:56:38Z" changeset="182455948" uid="23326231" user="Vmosnokia31">
    <nd ref="13813226823" />
    <nd ref="13813226826" />
    <nd ref="13813226824" />
    <nd ref="13813226825" />
    <nd ref="13813226831" />
    <nd ref="13813226832" />
    <tag k="highway" v="service" />
    <tag k="name" v="Ngách 622/9 Phố Minh Khai" />
  </way>
  <way id="1511499350" version="1" timestamp="2026-05-10T14:19:14Z" changeset="182469117" uid="23326231" user="Vmosnokia31">
    <nd ref="13814556003" />
    <nd ref="13814556004" />
    <nd ref="13814556005" />
    <nd ref="13814556006" />
    <nd ref="13814556007" />
    <nd ref="13814556008" />
    <nd ref="13814556009" />
    <nd ref="13814556010" />
    <nd ref="13814556011" />
    <nd ref="13814556003" />
    <tag k="building" v="commercial" />
    <tag k="building:levels" v="5" />
    <tag k="name" v="The Boutique" />
  </way>
  <way id="1527419003" version="1" timestamp="2026-06-08T04:32:24Z" changeset="183807915" uid="23326231" user="Vmosnokia31">
    <nd ref="13919232703" />
    <nd ref="13919232705" />
    <nd ref="13919232704" />
    <tag k="highway" v="service" />
    <tag k="service" v="alley" />
  </way>
  <way id="1527419004" version="1" timestamp="2026-06-08T04:32:24Z" changeset="183807915" uid="23326231" user="Vmosnokia31">
    <nd ref="13919232705" />
    <nd ref="13919232706" />
    <nd ref="13919232708" />
    <nd ref="13919232707" />
    <tag k="highway" v="service" />
    <tag k="service" v="alley" />
  </way>
  <way id="1527419005" version="1" timestamp="2026-06-08T04:32:24Z" changeset="183807915" uid="23326231" user="Vmosnokia31">
    <nd ref="13919232708" />
    <nd ref="13919232709" />
    <nd ref="13919232710" />
    <nd ref="13919232711" />
    <tag k="highway" v="service" />
    <tag k="service" v="alley" />
  </way>
  <way id="1527419006" version="1" timestamp="2026-06-08T04:32:24Z" changeset="183807915" uid="23326231" user="Vmosnokia31">
    <nd ref="8265788929" />
    <nd ref="13919232712" />
    <nd ref="13919232713" />
    <nd ref="13919232714" />
    <tag k="highway" v="service" />
    <tag k="service" v="alley" />
  </way>
  <way id="1527419007" version="1" timestamp="2026-06-08T04:32:24Z" changeset="183807915" uid="23326231" user="Vmosnokia31">
    <nd ref="13919232717" />
    <nd ref="13919232718" />
    <nd ref="13919232720" />
    <nd ref="13919232719" />
    <tag k="highway" v="service" />
    <tag k="service" v="alley" />
  </way>
  <way id="1527419008" version="1" timestamp="2026-06-08T04:32:24Z" changeset="183807915" uid="23326231" user="Vmosnokia31">
    <nd ref="13919232720" />
    <nd ref="13919232721" />
    <tag k="highway" v="service" />
    <tag k="service" v="alley" />
  </way>
  <way id="1527419009" version="1" timestamp="2026-06-08T04:32:24Z" changeset="183807915" uid="23326231" user="Vmosnokia31">
    <nd ref="13919232722" />
    <nd ref="13919232723" />
    <tag k="highway" v="service" />
    <tag k="service" v="alley" />
  </way>
  <way id="1527419010" version="1" timestamp="2026-06-08T04:32:24Z" changeset="183807915" uid="23326231" user="Vmosnokia31">
    <nd ref="13919232724" />
    <nd ref="13919232725" />
    <tag k="highway" v="service" />
    <tag k="service" v="alley" />
  </way>
  <way id="1527419011" version="1" timestamp="2026-06-08T04:32:24Z" changeset="183807915" uid="23326231" user="Vmosnokia31">
    <nd ref="8265788927" />
    <nd ref="13919232726" />
    <tag k="highway" v="service" />
    <tag k="service" v="alley" />
  </way>
  <way id="1527419012" version="1" timestamp="2026-06-08T04:32:24Z" changeset="183807915" uid="23326231" user="Vmosnokia31">
    <nd ref="13919232727" />
    <nd ref="13919232728" />
    <tag k="highway" v="service" />
    <tag k="service" v="alley" />
  </way>
  <way id="1527419013" version="1" timestamp="2026-06-08T04:32:24Z" changeset="183807915" uid="23326231" user="Vmosnokia31">
    <nd ref="13919232729" />
    <nd ref="13919232730" />
    <nd ref="13919232731" />
    <tag k="highway" v="service" />
    <tag k="service" v="alley" />
  </way>
  <way id="1527419014" version="1" timestamp="2026-06-08T04:32:24Z" changeset="183807915" uid="23326231" user="Vmosnokia31">
    <nd ref="13919232732" />
    <nd ref="13919232733" />
    <tag k="highway" v="service" />
    <tag k="service" v="alley" />
  </way>
  <way id="1527419015" version="1" timestamp="2026-06-08T04:32:24Z" changeset="183807915" uid="23326231" user="Vmosnokia31">
    <nd ref="13919232734" />
    <nd ref="13919232735" />
    <tag k="highway" v="service" />
    <tag k="service" v="alley" />
  </way>
  <way id="1527419016" version="1" timestamp="2026-06-08T04:32:24Z" changeset="183807915" uid="23326231" user="Vmosnokia31">
    <nd ref="12317957256" />
    <nd ref="13919232737" />
    <nd ref="13919232738" />
    <tag k="highway" v="service" />
    <tag k="service" v="alley" />
  </way>
  <way id="1527419017" version="1" timestamp="2026-06-08T04:32:24Z" changeset="183807915" uid="23326231" user="Vmosnokia31">
    <nd ref="13919232739" />
    <nd ref="13919232740" />
    <nd ref="13919232741" />
    <nd ref="13919232742" />
    <tag k="highway" v="service" />
    <tag k="service" v="alley" />
  </way>
  <way id="1527419018" version="1" timestamp="2026-06-08T04:32:24Z" changeset="183807915" uid="23326231" user="Vmosnokia31">
    <nd ref="8265788932" />
    <nd ref="13919232743" />
    <tag k="highway" v="service" />
    <tag k="service" v="alley" />
  </way>
  <way id="1527419019" version="1" timestamp="2026-06-08T04:32:24Z" changeset="183807915" uid="23326231" user="Vmosnokia31">
    <nd ref="13919232744" />
    <nd ref="13919232745" />
    <nd ref="13919232746" />
    <nd ref="13919232747" />
    <tag k="highway" v="service" />
    <tag k="service" v="alley" />
  </way>
  <way id="1527419020" version="1" timestamp="2026-06-08T04:32:24Z" changeset="183807915" uid="23326231" user="Vmosnokia31">
    <nd ref="13919232751" />
    <nd ref="13919232748" />
    <nd ref="13919232749" />
    <nd ref="13919232750" />
    <tag k="highway" v="service" />
    <tag k="service" v="alley" />
  </way>
  <way id="1527419021" version="1" timestamp="2026-06-08T04:32:24Z" changeset="183807915" uid="23326231" user="Vmosnokia31">
    <nd ref="13919232752" />
    <nd ref="13919232753" />
    <tag k="highway" v="service" />
    <tag k="service" v="alley" />
  </way>
  <way id="1527419022" version="1" timestamp="2026-06-08T04:32:24Z" changeset="183807915" uid="23326231" user="Vmosnokia31">
    <nd ref="13919232754" />
    <nd ref="13919232755" />
    <tag k="highway" v="service" />
    <tag k="service" v="alley" />
  </way>
  <way id="1527419023" version="1" timestamp="2026-06-08T04:32:24Z" changeset="183807915" uid="23326231" user="Vmosnokia31">
    <nd ref="13919232756" />
    <nd ref="13919232757" />
    <tag k="highway" v="service" />
    <tag k="service" v="alley" />
  </way>
  <way id="1527419028" version="1" timestamp="2026-06-08T04:32:24Z" changeset="183807915" uid="23326231" user="Vmosnokia31">
    <nd ref="13919232769" />
    <nd ref="13919232770" />
    <tag k="highway" v="service" />
    <tag k="service" v="alley" />
  </way>
  <way id="1527419037" version="1" timestamp="2026-06-08T04:32:24Z" changeset="183807915" uid="23326231" user="Vmosnokia31">
    <nd ref="5707646221" />
    <nd ref="13919232793" />
    <nd ref="13919232794" />
    <tag k="highway" v="service" />
    <tag k="name" v="Ngách 120/36 Phố Dương Văn Bé" />
    <tag k="service" v="alley" />
  </way>
  <way id="1527419038" version="1" timestamp="2026-06-08T04:32:24Z" changeset="183807915" uid="23326231" user="Vmosnokia31">
    <nd ref="13919232795" />
    <nd ref="13919232796" />
    <tag k="highway" v="service" />
    <tag k="service" v="alley" />
  </way>
  <way id="1527419039" version="1" timestamp="2026-06-08T04:32:24Z" changeset="183807915" uid="23326231" user="Vmosnokia31">
    <nd ref="13919232797" />
    <nd ref="13919232798" />
    <tag k="highway" v="service" />
    <tag k="service" v="alley" />
  </way>
  <way id="1527419040" version="1" timestamp="2026-06-08T04:32:24Z" changeset="183807915" uid="23326231" user="Vmosnokia31">
    <nd ref="13919232801" />
    <nd ref="13919232800" />
    <nd ref="8265788917" />
    <tag k="highway" v="service" />
    <tag k="service" v="alley" />
  </way>
  <way id="1527419042" version="1" timestamp="2026-06-08T04:32:24Z" changeset="183807915" uid="23326231" user="Vmosnokia31">
    <nd ref="13919232804" />
    <nd ref="13919232805" />
    <nd ref="13919232806" />
    <nd ref="13919232807" />
    <tag k="highway" v="service" />
    <tag k="service" v="alley" />
  </way>
  <way id="1527419045" version="1" timestamp="2026-06-08T04:32:24Z" changeset="183807915" uid="23326231" user="Vmosnokia31">
    <nd ref="13919232804" />
    <nd ref="13919232814" />
    <tag k="highway" v="service" />
    <tag k="service" v="alley" />
  </way>
  <way id="1527419046" version="1" timestamp="2026-06-08T04:32:24Z" changeset="183807915" uid="23326231" user="Vmosnokia31">
    <nd ref="8265788894" />
    <nd ref="13919232815" />
    <nd ref="13919232816" />
    <tag k="highway" v="service" />
    <tag k="service" v="alley" />
  </way>
  <way id="1527419047" version="1" timestamp="2026-06-08T04:32:24Z" changeset="183807915" uid="23326231" user="Vmosnokia31">
    <nd ref="13919232817" />
    <nd ref="13919232818" />
    <tag k="highway" v="service" />
    <tag k="service" v="alley" />
  </way>
  <way id="1527419048" version="1" timestamp="2026-06-08T04:32:24Z" changeset="183807915" uid="23326231" user="Vmosnokia31">
    <nd ref="13919232819" />
    <nd ref="13919232820" />
    <nd ref="13919232821" />
    <tag k="highway" v="service" />
    <tag k="service" v="alley" />
  </way>
  <way id="1527419073" version="1" timestamp="2026-06-08T04:32:24Z" changeset="183807915" uid="23326231" user="Vmosnokia31">
    <nd ref="13919232892" />
    <nd ref="13919232893" />
    <nd ref="13919232894" />
    <nd ref="13919232895" />
    <nd ref="13919232896" />
    <nd ref="13919232897" />
    <nd ref="13919232898" />
    <nd ref="13919232899" />
    <nd ref="13919232892" />
    <tag k="building" v="apartments" />
  </way>
  <way id="1527419074" version="1" timestamp="2026-06-08T04:32:24Z" changeset="183807915" uid="23326231" user="Vmosnokia31">
    <nd ref="8265788925" />
    <nd ref="13919232732" />
    <nd ref="13919232729" />
    <nd ref="13919232734" />
    <nd ref="5707645699" />
    <tag k="highway" v="service" />
    <tag k="motorcar" v="no" />
    <tag k="motorcycle" v="yes" />
    <tag k="name" v="Ngách 624/12 Phố Minh Khai" />
    <tag k="service" v="alley" />
  </way>
  <way id="1547127257" version="1" timestamp="2026-08-04T05:21:17Z" changeset="186902862" uid="20910140" user="Hung Tran 9x0">
    <nd ref="8265788917" />
    <nd ref="8265788916" />
    <tag k="highway" v="service" />
    <tag k="motorcar" v="no" />
    <tag k="motorcycle" v="yes" />
    <tag k="name" v="Hẻm 624/12/75 Phố Minh Khai" />
    <tag k="service" v="alley" />
  </way>
  <way id="1547127258" version="1" timestamp="2026-08-04T05:21:17Z" changeset="186902862" uid="20910140" user="Hung Tran 9x0">
    <nd ref="8265788918" />
    <nd ref="8265788917" />
    <tag k="highway" v="service" />
    <tag k="motor_vehicle" v="no" />
    <tag k="name" v="Hẻm 624/12/75 Phố Minh Khai" />
    <tag k="service" v="alley" />
  </way>
  <way id="1547128115" version="1" timestamp="2026-08-04T05:26:56Z" changeset="186902967" uid="20910140" user="Hung Tran 9x0">
    <nd ref="13919232799" />
    <nd ref="14072066147" />
    <nd ref="8265788919" />
    <tag k="access" v="private" />
    <tag k="highway" v="service" />
    <tag k="motorcar" v="no" />
    <tag k="motorcycle" v="yes" />
    <tag k="name" v="Ngách 624/16 Phố Minh Khai" />
    <tag k="service" v="alley" />
  </way>
  </osm>